,,,,,,Slasify Pricing,,,,,,Vendor Quotation,,,,,,,,,,,,,,,
Continent,Country,Vendor Name,Contact Owner,Preference,Service Type,Service Fee,Setup Fee,Deposit,Termination Fee,VAT,Note,Service Fee,Setup Fee,Deposit,Termination Fee,VAT,Note,G-Drive Link,Entity Relationship,Status,Contact Email,Contact Name,Pricing Valid Until,Renewal Status,Vendor Review Sheet URL,Last Reminder Sent,Vendor Relations Labels
Asia,Afghanistan,Rivermate,David,Poor Quality Vendor,Local EOR ,,,,,,,EUR 399,N/A,1 month,N/A,N/A,,,Uses Vendor,Established Contact,lucas@rivermate.com,,,Inactive,,,Tier 2
Asia,Afghanistan,Acumen International,David,Backup Vendor,Local EOR ,,,,,,,"18% on TEC min USD 1,600","• USD 1.000 (Standard - within 10 working days)
• USD 1,500 (Express - within 3 Working days",,N/A,,,ACU,Uses Vendor,Established Contact,dk@expressglobalemployment.com,,"5 June, 2026",Reminder Sent,https://docs.google.com/spreadsheets/d/1HeKcblPyUO2DwJwno5SjL9NJOoixJYVzm2pn_KHQw-Y/edit,"July 15, 2026",Tier 2
Europe,Albania,Acumen International,David,Backup Vendor,Local EOR ,,,,,,,"10% min USD 1,000","10% min USD 1,000",,N/A,,,ACU,Unknown,Established Contact,dk@expressglobalemployment.com,Dmitriy Koshkin,"5 June, 2026",Reminder Sent,https://docs.google.com/spreadsheets/d/1HeKcblPyUO2DwJwno5SjL9NJOoixJYVzm2pn_KHQw-Y/edit,7/15/2026,Tier 2
Europe,Albania,Remote,David,Preferred Vendor,Local EOR ,USD 450 - 550,USD 0 - 250,1 month,"Involuntary Termination: USD 500 (termination initiated by client, not by resignation or natural contract expiration)",N/A,"• USD 200 right-to-work check mandatory for all expats (even self-sponsored)
• USD 500 immigration assessment fee for visa sponsorship feasibility check",USD 300,N/A,N/A,Involuntary Termination: USD 350,N/A,"• USD 120 right-to-work check mandatory for all expats (even self-sponsored)
• USD 400 immigration assessment fee for visa sponsorship feasibility check",RMT,Direct Entity,Signed MSA,"jasmine.chang@remote.com ,aisha.saeed@remote.com, ena.hazrolaj@remote.com","Jasmine Chang (Customer Success Manager), Aisha Saeed, Ena Hazrolaj  (Account Manager)","31 December, 2026",Pricing in Contract,,,
Europe,Albania,Horizons ,David,Backup Vendor,Local EOR ,,,,,,,USD 399,N/A,1 month ,N/A,N/A,,HRZ,Uses Vendor,Established Contact,echo.li@joinhorizons.com,Echo Li,"5 June, 2026",Reminder Sent,https://docs.google.com/spreadsheets/d/10bk8I5ARIdOhETpt_8e5lTYq61dqCD5HM9903xPywTM/edit,"July 15, 2026",
Europe,Albania,Enterprise Workforce Solutions,Jasmine,Backup Vendor,Local EOR ,,,,,,,USD 375,N/A,N/A,N/A,,,"
EWS",Direct Entity,Established Contact,omar@ews-limited.com,Omar Hassan ,"5 June, 2026",Reminder Sent,https://docs.google.com/spreadsheets/d/18SBM1yJ907dNTN114MJrnoU4yBfBiKkT3I8HzL4dldo/edit,"July 15, 2026",
Europe,Albania,Enterprise Workforce Solutions,Jasmine,Backup Vendor,Expat EOR,,,,,,,USD 450,N/A,N/A,N/A,,,"
EWS",Direct Entity,Established Contact,omar@ews-limited.com,Omar Hassan ,"5 June, 2026",Reminder Sent,https://docs.google.com/spreadsheets/d/18SBM1yJ907dNTN114MJrnoU4yBfBiKkT3I8HzL4dldo/edit,"July 15, 2026",
Europe,Albania,Native Teams,Jasmine,Poor Quality Vendor,Local EOR ,,,,,,,"• EUR 79 up to €1,500 processed per month
• EUR 129 up to €5,500 processed per month
• EUR 219 over €5,500 processed per month",N/A,N/A,N/A,N/A,,NTV,Direct Entity,Signed MSA,deren@nteams.com,Deren Kankurt,"31 December, 2026",Pricing in Contract,,,Tier 2
Africa,Algeria,Workforce Africa,David,Backup Vendor,Local EOR ,,,,,,,USD 500,USD 200,N/A,USD 200,19% on total invoice,,WFA,Uses Vendor,Signed MSA,justina.gabriel@workforcegroup.com,Justina Gabriel,"5 June, 2026",Reminder Sent,https://docs.google.com/spreadsheets/d/13pdolFV6P_EBVi5xsPKvdXzW76jB60buVkpZYMEoxJk/edit,"July 15, 2026",
Africa,Algeria,Workforce Africa,David,Preferred Vendor,Expat EOR,USD 700 - 800,USD 350 - equivalent of service fee,1 month salary,USD 350,19% on total invoice,,USD 550,USD 200,N/A,USD 200,19% on total invoice,"• Pricing valid until December 31st, 2025",WFA,Uses Vendor,Signed MSA,justina.gabriel@workforcegroup.com,Justina Gabriel,"5 June, 2026",Reminder Sent,https://docs.google.com/spreadsheets/d/13pdolFV6P_EBVi5xsPKvdXzW76jB60buVkpZYMEoxJk/edit,7/15/2026,
Africa,Algeria,Africa Deployments ,David,Backup Vendor,Local EOR ,,,,,,,USD 550,USD 350 ,,,,,AHR,,Established Contact,eugenio@africa-deployments.com,Euginio Maggi,"5 June, 2026",Reminder Sent,https://docs.google.com/spreadsheets/d/1pqMHaiN28CbYnb864aFUXHGpA03JNy95qDcWX8GeFxI/edit,"July 15, 2026",
Africa,Algeria,Africa HR Solutions,David,Backup Vendor,Local EOR ,,,,,,,USD 490,USD 390 ,1 month,USD 90,N/A,third-party expenses and disbursements are charged at cost + 10%.,AHR,Uses Vendor,Established Contact,ggeraghty@africa-hr.com,Grant Geraghty,"5 June, 2026",Active,https://docs.google.com/spreadsheets/d/16l8VyrJGEBOUb3_o77qAv4YEy0q7AgTQuRDgskl7-3Y/edit,"June 17, 2026",
Africa,Algeria,Africa HR Solutions,David,Backup Vendor,Expat EOR,,,,,,,USD 690 ,USD 390 ,1 month,USD 90,N/A,third-party expenses and disbursements are charged at cost + 10%.,AHR,Uses Vendor,Established Contact,ggeraghty@africa-hr.com,Grant Geraghty,"5 June, 2026",Active,https://docs.google.com/spreadsheets/d/16l8VyrJGEBOUb3_o77qAv4YEy0q7AgTQuRDgskl7-3Y/edit,"June 17, 2026",
Africa,Algeria,Rivermate,David,Backup Vendor,Local EOR ,,,,,,,USD 450,USD 300,1 month ,N/A,The VAT applies to the service fee 7.5%,Out of cycle fee: We Charge 6% on off cycle payments. 2.5% FX charge on Total Invoice ,,,Established Contact,karina.guevara@serviapgroup.com,Karina Guevara,,Inactive,,,Tier 0
Africa,Algeria,Horizons ,David,Preferred Vendor,Local EOR ,USD 450 - 550,USD 0 - 500,1 month ,N/A,N/A,,USD 299,N/A,1 month ,N/A,N/A,,HRZ,Uses Vendor,Established Contact,echo.li@joinhorizons.com,Echo Li,"5 June, 2026",Reminder Sent,https://docs.google.com/spreadsheets/d/10bk8I5ARIdOhETpt_8e5lTYq61dqCD5HM9903xPywTM/edit,7/15/2026,
Europe,Andorra,Bradford Jacobs,Jasmine,Backup Vendor,Local EOR ,,,,,,,EUR 500,EUR 500,1 month,N/A,,"• Use TopSource as vendor, but pricing is partner pricing, so will get lower quotation than from TopSource directly",BFJ,Uses Vendor,,k.nolan@bradfordjacobs.com,Kelly Nolan,"5 June, 2026",Reminder Sent,https://docs.google.com/spreadsheets/d/1qcQBw7034L9B0NSXOC38XkMU1wg2eROqWYyMtiobk-M/edit,7/15/2026,
Europe,Andorra,Horizons ,David,Backup Vendor,Local EOR ,,,,,,,USD 599,N/A,1 month ,N/A,N/A,,HRZ,Uses Vendor,Established Contact,echo.li@joinhorizons.com,Echo Li,"5 June, 2026",Reminder Sent,https://docs.google.com/spreadsheets/d/10bk8I5ARIdOhETpt_8e5lTYq61dqCD5HM9903xPywTM/edit,"July 15, 2026",
Europe,Andorra,Human Capital,David,Preferred Vendor,Local EOR ,EUR 650 - 750,,"1 month, after one year of effective employment the deposit is to be increased on monthly accrual basis of 0.67% of the annual salary per month.",N/A,,"• For salaries higher than EUR 5000, EOR fee could be negotiated",EUR 500 or 10%,,"1 month, after one year of effective employment the deposit is to be increased on monthly accrual basis of 0.67% of the annual salary per month.",N/A,,"• For salaries higher than EUR 5000, EOR fee could be negotiated",,Direct Entity,,pmueller@andorra-solutions.com,Patrick Mueller,"5 June, 2027",Active,https://docs.google.com/spreadsheets/d/1lbPDvJnRNhUOIa1kMUTZSWXyQgK8hGN32-E_upt9YyA/edit,6/4/2026,
Africa,Angola,Workforce Africa,David,Preferred Vendor,Local EOR ,(Gross salary * 15%) + (USD 150 - 250),USD 350 - 450,1 month salary,USD 350,14% on service fee,,15%,USD 200,N/A,USD 200,14% on service fee,"• Pricing valid until December 31st, 2025",WFA,Uses Vendor,Signed MSA,justina.gabriel@workforcegroup.com,Justina Gabriel,"5 June, 2026",Reminder Sent,https://docs.google.com/spreadsheets/d/13pdolFV6P_EBVi5xsPKvdXzW76jB60buVkpZYMEoxJk/edit,7/15/2026,
Africa,Angola,Workforce Africa,David,Preferred Vendor,Expat EOR,(Gross salary * 18%) + (USD 150 - 250),USD 350 - 450,1 month salary,USD 350,14% on service fee,,18%,USD 200,N/A,USD 200,14% on service fee,"• Pricing valid until December 31st, 2025",WFA,Uses Vendor,Signed MSA,justina.gabriel@workforcegroup.com,Justina Gabriel,"5 June, 2026",Reminder Sent,https://docs.google.com/spreadsheets/d/13pdolFV6P_EBVi5xsPKvdXzW76jB60buVkpZYMEoxJk/edit,7/15/2026,
Africa,Angola,Workpay ,David,Backup Vendor,Local EOR ,,,,,,,USD 720 ,N/A,1 month Salary ,N/A,,,WKP,Uses Vendor,Established Contact," fn@myworkpay.com,
 zn@myworkpay.com","Frances Nzekwue, Ziphozihle Ntlakaza","5 June, 2026",Reminder Sent,https://docs.google.com/spreadsheets/d/1w0jqjlb9vUL_Lb7NHP45wKJcnWeX_D_--e6xf_W6ypc/edit,"July 15, 2026",Tier 2
Africa,Angola,Workpay ,David,Backup Vendor,Expat EOR,,,,,,,USD 720 ,N/A,1 month Salary ,N/A,,,WKP,Uses Vendor,Established Contact," fn@myworkpay.com,
 zn@myworkpay.com","Frances Nzekwue, Ziphozihle Ntlakaza","5 June, 2026",Reminder Sent,https://docs.google.com/spreadsheets/d/1w0jqjlb9vUL_Lb7NHP45wKJcnWeX_D_--e6xf_W6ypc/edit,"July 15, 2026",Tier 2
Latin America,Argentina,Bradford Jacobs,Jasmine,,Local EOR ,,,,,,,EUR 500,EUR 500,1 month,N/A,,"• Use TopSource as vendor, but pricing is partner pricing, so will get lower quotation than from TopSource directly",BFJ,Uses Vendor,,k.nolan@bradfordjacobs.com,Kelly Nolan,"5 June, 2026",Reminder Sent,https://docs.google.com/spreadsheets/d/1qcQBw7034L9B0NSXOC38XkMU1wg2eROqWYyMtiobk-M/edit,7/15/2026,
Latin America,Argentina,4Geeks,David,Poor Quality Vendor,Local EOR ,,,,,,,USD 399,N/A,,N/A,$0,,,Direct Entity,,alpocr@4geeks.io,-,"5 June, 2026",Reminder Sent,https://docs.google.com/spreadsheets/d/19EU-LvksqTpzcFGGEJsCpgqYNmYU7SsAiH_efIfxMiw/edit,"July 15, 2026",
Latin America,Argentina,Rivermate,David,Backup Vendor,Local EOR ,,,,,,,"USD 250 

10% Service Fee on
• Insurance
• Expense Reimbursement

Out-of-cycle fee: USD 100

Bank Fee per Invoice: USD 69
2.5% FX charge on Total Invoice",USD 100,1 month,N/A,, ,SER,Direct Entity,,bassem.benhassine@hightekers.com	,Bassem Ben Hassine ,"5 June, 2026",Reminder Sent,https://docs.google.com/spreadsheets/d/1Hfh8owhyByJDd1SgekqltEc28d-fqYQBKrW9-h8co_w/edit,"July 15, 2026",
Latin America,Argentina,Rivermate,David,Backup Vendor,Expat EOR,,,,,,,"USD 550

10% Service Fee on
• Insurance
• Expense Reimbursement

Out-of-cycle fee: USD 100",USD 300,1 month,N/A,,Bank Fee per Invoice: USD 69. 2.5% FX charge on Total Invoice ,SER,Direct Entity,,bassem.benhassine@hightekers.com	,Bassem Ben Hassine ,"5 June, 2026",Reminder Sent,https://docs.google.com/spreadsheets/d/1Hfh8owhyByJDd1SgekqltEc28d-fqYQBKrW9-h8co_w/edit,"July 15, 2026",
Latin America,Argentina,Enterprise Workforce Solutions,Jasmine,Preferred Vendor,Local EOR ,USD 525 - 625,USD 0 - 250 ,1 month,N/A,N/A,,USD 375,N/A,N/A,N/A,,,"
EWS",Direct Entity,Established Contact,omar@ews-limited.com,Omar Hassan ,"5 June, 2026",Reminder Sent,https://docs.google.com/spreadsheets/d/18SBM1yJ907dNTN114MJrnoU4yBfBiKkT3I8HzL4dldo/edit,7/15/2026,
Latin America,Argentina,Enterprise Workforce Solutions,Jasmine,Backup Vendor,Expat EOR,,,,,,,USD 450,N/A,N/A,N/A,,,"
EWS",Direct Entity,Established Contact,omar@ews-limited.com,Omar Hassan ,"5 June, 2026",Reminder Sent,https://docs.google.com/spreadsheets/d/18SBM1yJ907dNTN114MJrnoU4yBfBiKkT3I8HzL4dldo/edit,"July 15, 2026",
Latin America,Argentina,Horizons ,David,Backup Vendor,Local EOR ,,,,,,,USD 299,N/A,1 month ,N/A,N/A,,HRZ,Uses Vendor,Established Contact,echo.li@joinhorizons.com,Echo Li,"5 June, 2026",Reminder Sent,https://docs.google.com/spreadsheets/d/10bk8I5ARIdOhETpt_8e5lTYq61dqCD5HM9903xPywTM/edit,"July 15, 2026",
Latin America,Argentina,Native Teams,Jasmine,Poor Quality Vendor,Local EOR ,,,,,,,"• EUR 79 up to €1,500 processed per month
• EUR 129 up to €5,500 processed per month
• EUR 219 over €5,500 processed per month",N/A,N/A,N/A,N/A,,NTV,Direct Entity,Entity not operational,deren@nteams.com,Deren Kankurt,"31 December, 2026",Pricing in Contract,,,Tier 2
Latin America,Argentina,Remote,David,Preferred Vendor,Local EOR ,USD 450 - 550,USD 0 - 250,1 month,"Involuntary Termination: USD 500 (termination initiated by client, not by resignation or natural contract expiration)",N/A,"• USD 200 right-to-work check mandatory for all expats (even self-sponsored)
• USD 500 immigration assessment fee for visa sponsorship feasibility check",USD 300,USD 80 (wet-signing fee),N/A,Involuntary Termination: USD 350,N/A,"• USD 120 right-to-work check mandatory for all expats (even self-sponsored)
• USD 400 immigration assessment fee for visa sponsorship feasibility check",RMT,Direct Entity,Signed MSA,"jasmine.chang@remote.com ,aisha.saeed@remote.com, ena.hazrolaj@remote.com","Jasmine Chang (Customer Success Manager), Aisha Saeed, Ena Hazrolaj  (Account Manager)","31 December, 2026",Pricing in Contract,,,
Latin America,Argentina,Roots,David,Backup Vendor,Local EOR ,,,,,,,"• 1 pax: USD 450/pax
• 2-5 pax: USD 400/pax
• 6 or more: USD 350/pax",N/A,2 months,N/A,N/A,• USD 40 for medical check in 1st month + 30 USD/month for reimbursement of connectivity expenses for remote workers according to local regulations,,Direct Entity,Established Contact,horacio@rootseor.com,Horacio Represas,"5 June, 2026",Active,https://docs.google.com/spreadsheets/d/18MUec3UsUX-IW8iusItaN4QxHtLexbNeYHFI1AvVdxo/edit,"June 4, 2026",
Latin America,Argentina,Biz Latin Hub,David,Inactive,Local EOR ,,,,,,,USD $750 or 13% of total monthly employee cost (whichever is greater) per Employee,USD 120,2 x monthly total employee cost	,USD 120,21% on total invoice,,,Direct Entity,Terminated,craig@bizlatinhub.com,Craig Dempsey,"5 June, 2026",Inactive,https://docs.google.com/spreadsheets/d/1fnqBZQEM3l1NN2d2Q4gYZmoROuNuXW8dau4BnptpfRc/edit,"June 10, 2026",Tier 0
Asia,Armenia,Vardanyan & Partners,David,Preferred Vendor,Local EOR ,EUR 350 - 450,EUR 350 - 450,2 months,N/A,N/A,,EUR 200,,2 months,N/A,N/A,,,Direct Entity,,nerses@vardanyanlaw.com,Nerses Isajanyan,"5 June, 2026",Reminder Sent,https://docs.google.com/spreadsheets/d/1-S6EMC4nWd03jxoWEbiG1hmUNCMbwymQPPU4RmHampk/edit,7/15/2026,
Asia,Armenia,Horizons ,David,Backup Vendor,Local EOR ,,,,,,,USD 399,N/A,1 month,N/A,N/A,,HRZ,Uses Vendor,Established Contact,echo.li@joinhorizons.com,Echo Li,"5 June, 2026",Reminder Sent,https://docs.google.com/spreadsheets/d/10bk8I5ARIdOhETpt_8e5lTYq61dqCD5HM9903xPywTM/edit,"July 15, 2026",
Asia,Armenia,Enterprise Workforce Solutions,Jasmine,Backup Vendor,Local EOR ,,,,,,,USD 375,N/A,N/A,N/A,,,"
EWS",Direct Entity,Established Contact,omar@ews-limited.com,Omar Hassan ,"5 June, 2026",Reminder Sent,https://docs.google.com/spreadsheets/d/18SBM1yJ907dNTN114MJrnoU4yBfBiKkT3I8HzL4dldo/edit,"July 15, 2026",
Asia,Armenia,Enterprise Workforce Solutions,Jasmine,Backup Vendor,Expat EOR,,,,,,,USD 650,N/A,N/A,N/A,,,"
EWS",Direct Entity,Established Contact,omar@ews-limited.com,Omar Hassan ,"5 June, 2026",Reminder Sent,https://docs.google.com/spreadsheets/d/18SBM1yJ907dNTN114MJrnoU4yBfBiKkT3I8HzL4dldo/edit,"July 15, 2026",
Asia,Armenia,Remote,David,Preferred Vendor,Local EOR ,USD 450 - 550,USD 0 - 250,1 month,"Involuntary Termination: USD 500 (termination initiated by client, not by resignation or natural contract expiration)",N/A,"• USD 200 right-to-work check mandatory for all expats (even self-sponsored)
• USD 500 immigration assessment fee for visa sponsorship feasibility check",USD 300,N/A,N/A,Involuntary Termination: USD 350,N/A,"• USD 120 right-to-work check mandatory for all expats (even self-sponsored)
• USD 400 immigration assessment fee for visa sponsorship feasibility check",RMT,Direct Entity,Signed MSA,"jasmine.chang@remote.com ,aisha.saeed@remote.com, ena.hazrolaj@remote.com","Jasmine Chang (Customer Success Manager), Aisha Saeed, Ena Hazrolaj  (Account Manager)","31 December, 2026",Pricing in Contract,,,
Asia,Armenia,Native Teams,Jasmine,Poor Quality Vendor,Local EOR ,,,,,,,"• EUR 79 up to €1,500 processed per month
• EUR 129 up to €5,500 processed per month
• EUR 219 over €5,500 processed per month",N/A,N/A,N/A,N/A,,NTV,Direct Entity,Signed MSA,deren@nteams.com,Deren Kankurt,"31 December, 2026",Pricing in Contract,,,Tier 2
Ocenia,Australia,BVTalents,David,,Local EOR ,,,,,,,7% on TEC,,20%,N/A,,• support across every state in Australia,,Direct Entity,,bastiaan@bvtalent.com.au,Bastiaan Vermeulen,"5 June, 2026",Reminder Sent,https://docs.google.com/spreadsheets/d/1nP5_JYp94kF_KiWLsifCFouv3UBuP9_c6jLJOkQnSM4/edit,7/15/2026,
Ocenia,Australia,ABN,David,Backup Vendor,Local EOR ,,,,,,,10% on TEC,,20%,N/A,,,,Direct Entity,,aarongarry@abnaustralia.com.au,Aaron Garry,"5 June, 2026",Reminder Sent,https://docs.google.com/spreadsheets/d/1GTBlvN1kWUOFDlXFIOLGQ--6xgSh8uiamwDaK7ekErI/edit,7/15/2026,
Ocenia,Australia,Procloz,David,,Local EOR ,,,,,,,USD 435,N/A,1 month,N/A,N/A,• Uses a third party platform to manage leaves,PRO,Direct Entity,Signed MSA,"sbudhraja@procloz.com, dtaneja@procloz.com, nsharma@procloz.com, awasal@procloz.com","Shreya Budhraja 
Damanpreet Singh Taneja 
Niraj Kumar Sharma 
Amandeep Singh Wasal ","5 June, 2026",Active,https://docs.google.com/spreadsheets/d/1pN7P6qmfF-FIAycPc_mCWE2ivBba3CWGXVLQWMkTEmE/edit,6/4/2026,
Ocenia,Australia,Procloz,David,,Expat EOR,,,,,,,USD 800,N/A,1 month,N/A,N/A,"• Needs CV to check eligibility
• Uses a third party platform to manage leaves",PRO,Direct Entity,Signed MSA,"sbudhraja@procloz.com, dtaneja@procloz.com, nsharma@procloz.com, awasal@procloz.com","Shreya Budhraja 
Damanpreet Singh Taneja 
Niraj Kumar Sharma 
Amandeep Singh Wasal ","5 June, 2026",Active,https://docs.google.com/spreadsheets/d/1pN7P6qmfF-FIAycPc_mCWE2ivBba3CWGXVLQWMkTEmE/edit,6/4/2026,
Ocenia,Australia,Horizons ,David,Backup Vendor,Local EOR ,,,,,,,USD 399,N/A,1 month,N/A,N/A,,HRZ,Uses Vendor,Established Contact,echo.li@joinhorizons.com,Echo Li,"5 June, 2026",Reminder Sent,https://docs.google.com/spreadsheets/d/10bk8I5ARIdOhETpt_8e5lTYq61dqCD5HM9903xPywTM/edit,"July 15, 2026",
Ocenia,Australia,Horizons ,David,Backup Vendor,Expat EOR,,,,,,,USD 599,N/A,1 month,N/A,"for expatriates, VAT may apply depending on the local regulations.",,HRZ,Uses Vendor,Established Contact,echo.li@joinhorizons.com,Echo Li,"5 June, 2026",Reminder Sent,https://docs.google.com/spreadsheets/d/10bk8I5ARIdOhETpt_8e5lTYq61dqCD5HM9903xPywTM/edit,"July 15, 2026",
Ocenia,Australia,Enterprise Workforce Solutions,Jasmine,Backup Vendor,Local EOR ,,,,,,,USD 375,N/A,N/A,N/A,,,"
EWS",Direct Entity,Established Contact,omar@ews-limited.com,Omar Hassan ,"5 June, 2026",Reminder Sent,https://docs.google.com/spreadsheets/d/18SBM1yJ907dNTN114MJrnoU4yBfBiKkT3I8HzL4dldo/edit,7/15/2026,
Ocenia,Australia,Enterprise Workforce Solutions,Jasmine,Backup Vendor,Expat EOR,,,,,,,USD 650,N/A,N/A,N/A,,,"
EWS",Direct Entity,Established Contact,omar@ews-limited.com,Omar Hassan ,"5 June, 2026",Reminder Sent,https://docs.google.com/spreadsheets/d/18SBM1yJ907dNTN114MJrnoU4yBfBiKkT3I8HzL4dldo/edit,7/15/2026,
Ocenia,Australia,Tarmack,David,Preferred Vendor,Local EOR ,USD 349 - 449,,TBC,,TBC,,"• USD199 (1 to 5) 
• USD 179 (6 to 10) 
• USD 159 (11+)",TBC,TBC,TBC,TBC,,,,,"manish.j@tarmack.com,
ashish.sidhu@tarmack.com",Manish Jajodia,"4 June, 2027",Active,https://docs.google.com/spreadsheets/d/1XNZNgANvT6LbL8gQ2Lle69EDiIqrEXD1dDB_M3qf-bQ/edit,6/10/2026,
Ocenia,Australia,Tarmack,David,Preferred Vendor,Expat EOR,USD 549 - 649,,TBC,,,,USD 299,TBC,TBC,TBC,TBC,,,,,"manish.j@tarmack.com,
ashish.sidhu@tarmack.com",Manish Jajodia,"4 June, 2027",Active,https://docs.google.com/spreadsheets/d/1XNZNgANvT6LbL8gQ2Lle69EDiIqrEXD1dDB_M3qf-bQ/edit,6/10/2026,
Ocenia,Australia,Remote,David,Preferred Vendor,Local EOR ,USD 450 - 550,USD 0 - 250,1 month,"Involuntary Termination: USD 500 (termination initiated by client, not by resignation or natural contract expiration)",N/A,"• USD 200 right-to-work check mandatory for all expats (even self-sponsored)
•  Remote is unable to sponsor work permits for employees in Australia due to local regulations that prohibit the leasing of sponsored employees to third parties.",USD 300,N/A,N/A,Involuntary Termination: USD 350,N/A,"• USD 120 right-to-work check mandatory for all expats (even self-sponsored)
•  Remote is unable to sponsor work permits for employees in Australia due to local regulations that prohibit the leasing of sponsored employees to third parties",RMT,Direct Entity,Signed MSA,"jasmine.chang@remote.com ,aisha.saeed@remote.com, ena.hazrolaj@remote.com","Jasmine Chang (Customer Success Manager), Aisha Saeed, Ena Hazrolaj  (Account Manager)","31 December, 2026",Pricing in Contract,,,
Ocenia,Australia,Native Teams,Jasmine,Poor Quality Vendor,Local EOR ,,,,,,,"• EUR 79 up to €1,500 processed per month
• EUR 129 up to €5,500 processed per month
• EUR 219 over €5,500 processed per month",N/A,N/A,N/A,N/A,,NTV,Direct Entity,Signed MSA,deren@nteams.com,Deren Kankurt,"31 December, 2026",Pricing in Contract,,,Tier 2
Ocenia,Australia,Bradford Jacobs,Jasmine,,Local EOR ,,,,,,,EUR 500,EUR 500,1 month,N/A,,"• Use TopSource as vendor, but pricing is partner pricing, so will get lower quotation than from TopSource directly",BFJ,Uses Vendor,,k.nolan@bradfordjacobs.com,Kelly Nolan,"5 June, 2026",Reminder Sent,https://docs.google.com/spreadsheets/d/1qcQBw7034L9B0NSXOC38XkMU1wg2eROqWYyMtiobk-M/edit,7/15/2026,
Europe,Austria,Bradford Jacobs,Jasmine,Preferred Vendor,Local EOR ,EUR 650 - 750,EUR 650 - 750,1 month,N/A,N/A,"• Use TopSource as vendor, but pricing is partner pricing, so will get lower quotation than from TopSource directly",EUR 500,EUR 500,1 month,N/A,,"• Use TopSource as vendor, but pricing is partner pricing, so will get lower quotation than from TopSource directly",BFJ,Uses Vendor,,k.nolan@bradfordjacobs.com,Kelly Nolan,"5 June, 2026",Reminder Sent,https://docs.google.com/spreadsheets/d/1qcQBw7034L9B0NSXOC38XkMU1wg2eROqWYyMtiobk-M/edit,7/15/2026,
Europe,Austria,Enterprise Workforce Solutions,David,,Local EOR ,,,,,,,EUR 450,N/A,N/A,N/A,N/A,,,Direct Entity,,omar@ews-limited.com,Tony Smith,"5 June, 2026",Reminder Sent,https://docs.google.com/spreadsheets/d/18SBM1yJ907dNTN114MJrnoU4yBfBiKkT3I8HzL4dldo/edit,7/15/2026,
Europe,Austria,Native Teams,Jasmine,Poor Quality Vendor,Local EOR ,,,,,,,"• EUR 79 up to €1,500 processed per month
• EUR 129 up to €5,500 processed per month
• EUR 219 over €5,500 processed per month",N/A,N/A,N/A,N/A,,NTV,Direct Entity,Signed MSA,deren@nteams.com,Deren Kankurt,"31 December, 2026",Pricing in Contract,,,Tier 2
Europe,Austria,Remote,David,Preferred Vendor,Local EOR ,USD 450 - 550,USD 0 - 250,1 month,"Involuntary Termination: USD 500 (termination initiated by client, not by resignation or natural contract expiration)",N/A,"• USD 200 right-to-work check mandatory for all expats (even self-sponsored)
• USD 500 immigration assessment fee for visa sponsorship feasibility check",USD 300,N/A,N/A,Involuntary Termination: USD 350,N/A,"• USD 120 right-to-work check mandatory for all expats (even self-sponsored)
• USD 400 immigration assessment fee for visa sponsorship feasibility check",RMT,Direct Entity,Signed MSA,"jasmine.chang@remote.com ,aisha.saeed@remote.com, ena.hazrolaj@remote.com","Jasmine Chang (Customer Success Manager), Aisha Saeed, Ena Hazrolaj  (Account Manager)","31 December, 2026",Pricing in Contract,,,
Europe,Austria,Go Global,Jasmine,Poor Quality Vendor,Local EOR ,,,,,,,EUR 380,EUR 380 ,,EUR 380,,,,Unknown,,sissi.zhao@goglobalgeo.com,Sissi Zhao,"5 June, 2026",Reminder Sent,https://docs.google.com/spreadsheets/d/1VimvcvPQCviW6ntJhvkOIi9BlgDLgwA-9wVVcwuHHZ0/edit,"July 15, 2026",
Europe,Austria,Enterprise Workforce Solutions,David,Preferred Vendor,Local EOR ,USD 525 - 625,USD 0 - 250 ,1 month,N/A,N/A,,USD 375,N/A,N/A,N/A,,,"
EWS",Direct Entity,Established Contact,omar@ews-limited.com,Omar Hassan ,"5 June, 2026",Reminder Sent,https://docs.google.com/spreadsheets/d/18SBM1yJ907dNTN114MJrnoU4yBfBiKkT3I8HzL4dldo/edit,7/15/2026,
Europe,Austria,Enterprise Workforce Solutions,David,Preferred Vendor,Expat EOR,USD 600 - 700,USD 0 - 500 ,1 month,N/A,N/A,,USD 450,N/A,N/A,N/A,,,"
EWS",Direct Entity,Established Contact,omar@ews-limited.com,Omar Hassan ,"5 June, 2026",Reminder Sent,https://docs.google.com/spreadsheets/d/18SBM1yJ907dNTN114MJrnoU4yBfBiKkT3I8HzL4dldo/edit,7/15/2026,
Europe,Austria,Horizons,David,Backup Vendor,Local EOR ,,,,,,,USD 399,N/A,1 month,N/A,N/A,,HRZ,Uses Vendor,Established Contact,echo.li@joinhorizons.com,Echo Li,"5 June, 2026",Reminder Sent,https://docs.google.com/spreadsheets/d/10bk8I5ARIdOhETpt_8e5lTYq61dqCD5HM9903xPywTM/edit,"July 15, 2026",
Europe,Austria,Horizons,David,Backup Vendor,Expat EOR,,,,,,,USD 499,N/A,1 month,N/A,"for expatriates, VAT may apply depending on the local regulations.",,HRZ,Uses Vendor,Established Contact,echo.li@joinhorizons.com,Echo Li,"5 June, 2026",Reminder Sent,https://docs.google.com/spreadsheets/d/10bk8I5ARIdOhETpt_8e5lTYq61dqCD5HM9903xPywTM/edit,"July 15, 2026",
Europe,Austria,Acvian,David,Backup Vendor,Local EOR ,,,,,,,"• EUR 400
• 6% on bonus and reimbursement",N/A,1 month invoice,N/A,N/A,"• Off-cycle payment out of payroll run - EUR 150.00 per transaction
• Partner can support visa sponsorship",ACV,Direct Entity,Signed MSA,a.zakharov@acvian.com,Anthony Zakharov,"4 June, 2027",Active,https://docs.google.com/spreadsheets/d/1FnxuLNnvsNjtofU3yPF8sbdGZUKI7vIGO_aid6WGQCM/edit,"June 4, 2026",Tier 2
Europe,Austria,Acvian,David,Backup Vendor,Expat EOR,,,,,,,"• EUR 400
• 6% on bonus and reimbursement",N/A,1 month invoice,N/A,N/A,"• Off-cycle payment out of payroll run - EUR 150.00 per transaction
• Partner can support visa sponsorship",ACV,Direct Entity,Signed MSA,a.zakharov@acvian.com,Anthony Zakharov,"4 June, 2027",Active,https://docs.google.com/spreadsheets/d/1FnxuLNnvsNjtofU3yPF8sbdGZUKI7vIGO_aid6WGQCM/edit,"June 4, 2026",Tier 2
Asia,Azerbaijan,FChain,David,Preferred Vendor,Local EOR ,(Gross salary * 7%) + (USD 150 - 250),USD 0 - 250,1 month gross salary,N/A,N/A,"• In Azerbaijan, providing EoR services does not require a license.",7%,N/A,N/A,N/A,N/A,"• In Azerbaijan, providing EoR services does not require a license.",FCH,Direct Entity,,tsultanahmadi@f-chain.com,Tural Sultan-Ahmadi,"5 June, 2026",Approved,https://docs.google.com/spreadsheets/d/10iWZAp5RXBiwls81G9UZm52Z6prAZhxEf6TNGcU-xF8/edit?usp=sharing,7/1/2026,
Asia,Azerbaijan,FChain,David,Preferred Vendor,Expat EOR,(Gross salary * 7%) + (USD 150 - 250),USD 0 - 250,1 month gross salary,N/A,N/A,,7%,N/A,N/A,N/A,N/A,,FCH,Direct Entity,Established Contact,tsultanahmadi@f-chain.com,Tural Sultan-Ahmadi,"5 June, 2026",Approved,https://docs.google.com/spreadsheets/d/10iWZAp5RXBiwls81G9UZm52Z6prAZhxEf6TNGcU-xF8/edit?usp=sharing,7/1/2026,
Asia,Azerbaijan,Horizons ,David,Backup Vendor,Local EOR ,,,,,,,USD 399,N/A,1 month ,N/A,N/A,,HRZ,Uses Vendor,Established Contact,echo.li@joinhorizons.com,Echo Li,"5 June, 2026",Reminder Sent,https://docs.google.com/spreadsheets/d/10bk8I5ARIdOhETpt_8e5lTYq61dqCD5HM9903xPywTM/edit,7/15/2026,
Asia,Azerbaijan,Enterprise Workforce Solutions,David,Backup Vendor,Local EOR ,,,,,,,USD 375,N/A,N/A,N/A,,,"
EWS",Direct Entity,Established Contact,omar@ews-limited.com,Omar Hassan ,"5 June, 2026",Reminder Sent,https://docs.google.com/spreadsheets/d/18SBM1yJ907dNTN114MJrnoU4yBfBiKkT3I8HzL4dldo/edit,7/15/2026,
Asia,Azerbaijan,Enterprise Workforce Solutions,David,Backup Vendor,Expat EOR,,,,,,,USD 650,N/A,N/A,N/A,,,"
EWS",Direct Entity,Established Contact,omar@ews-limited.com,Omar Hassan ,"5 June, 2026",Reminder Sent,https://docs.google.com/spreadsheets/d/18SBM1yJ907dNTN114MJrnoU4yBfBiKkT3I8HzL4dldo/edit,7/15/2026,
Asia,Azerbaijan,Native Teams,Jasmine,Poor Quality Vendor,Local EOR ,,,,,,,"• EUR 79 up to €1,500 processed per month
• EUR 129 up to €5,500 processed per month
• EUR 219 over €5,500 processed per month",N/A,N/A,N/A,N/A,,NTV,Direct Entity,Signed MSA,deren@nteams.com,Deren Kankurt,"31 December, 2026",Pricing in Contract,,,Tier 2
Northwestern West Indies,Bahamas ,Horizons ,David,Preferred Vendor,Local EOR ,USD 550 - 650,USD 0 - 500,1 month ,N/A,N/A,,USD 399,N/A,1 month ,N/A,N/A,,HRZ,Uses Vendor,Established Contact,echo.li@joinhorizons.com,Echo Li,"5 June, 2026",Reminder Sent,https://docs.google.com/spreadsheets/d/10bk8I5ARIdOhETpt_8e5lTYq61dqCD5HM9903xPywTM/edit,7/15/2026,
Asia,Bahrain,People 2.0,Jasmine,,Local EOR ,,,,,,,"USD 1,000 (discounted by USD 250)","USD 1,500 (could be discounted to USD 1,200)",,N/A,,,PPL,Unknown,,Matt.Boyle@people20.com,Matt Boyle,"5 June, 2026",Reminder Sent,https://docs.google.com/spreadsheets/d/1qp7UGJgFrQb-je8kfJvPt38Vql-zZqRe-tcaoDZf18w/edit,7/15/2026,
Asia,Bahrain,Auxilium,Jasmine,Preferred Vendor,Local EOR ,BD 350 - 400,BD 150 - 200,1 month,N/A,10% on service fee,"• 4% Expats & 14% Bahraini Nationals (Employer Contribution) – increasing by 1% each year until 2027
• LMRA (expat only) - BD 10
• Health Levy Fees – SIO (Bahraini Nationals only) - BD 2
• Bahrainisation Fee (expat only) - BD 50 approx
• Workmen Compensation - 1% of Gross Monthly Salary",BD 300,BD 100,N/A,N/A,10% on service fee,"• 4% Expats & 14% Bahraini Nationals (Employer Contribution) – increasing by 1% each year until 2027
• LMRA (expat only) - BD 10
• Health Levy Fees – SIO (Bahraini Nationals only) - BD 2
• Bahrainisation Fee (expat only) - BD 50 approx
• Workmen Compensation - 1% of Gross Monthly Salary",AUX,Direct Entity,Signed MSA,Lawrence.Coward@auxiliumservices.com,Lawrence Coward,"5 June, 2026",Reminder Sent,https://docs.google.com/spreadsheets/d/1j3AhdZLbdehMNW1ih9WSwqE1oig1czH7jd-NGDPDd7Y/edit,7/15/2026,
Asia,Bahrain,Auxilium,Jasmine,Preferred Vendor,Expat EOR,BD 350 - 400,BD 150 - 200,1 month,N/A,10% on service fee,"• 4% Expats & 14% Bahraini Nationals (Employer Contribution) – increasing by 1% each year until 2027
• LMRA (expat only) - BD 10
• Health Levy Fees – SIO (Bahraini Nationals only) - BD 2
• Bahrainisation Fee (expat only) - BD 50 approx
• Workmen Compensation - 1% of Gross Monthly Salary",BD 300,BD 100,N/A,N/A,10% on service fee,"• 4% Expats & 14% Bahraini Nationals (Employer Contribution) – increasing by 1% each year until 2027
• LMRA (expat only) - BD 10
• Health Levy Fees – SIO (Bahraini Nationals only) - BD 2
• Bahrainisation Fee (expat only) - BD 50 approx
• Workmen Compensation - 1% of Gross Monthly Salary",AUX,Direct Entity,Signed MSA,Lawrence.Coward@auxiliumservices.com,Lawrence Coward,"5 June, 2026",Reminder Sent,https://docs.google.com/spreadsheets/d/1j3AhdZLbdehMNW1ih9WSwqE1oig1czH7jd-NGDPDd7Y/edit,7/15/2026,
Asia,Bangladesh,Skuad,David,Poor Quality Vendor,Local EOR ,,,,,,,USD 299,N/A,1 month,N/A,18% on total invoice,,SKD,Uses Vendor,Active,manish.jajodia@skuad.io,Manish Jajodia,"5 June, 2026",Reminder Sent,https://docs.google.com/spreadsheets/d/1N4eAcUURFl8XX4fRxPabVxwK7Y6kD2m-cVR7oQ_Q_sc/edit,"July 15, 2026",
Asia,Bangladesh,Payroll2Bangladesh,David,,Local EOR ,,,,,,,18%,Setup Fee $3500 (For Payroll Processing Only),"3 months deposit (because in Bangladesh, 2-month notice period is mandatory)",N/A,"• invoice more than 2000 usd - 15% VAT on total invoice
• invoice less than 2000 usd - 15% VAT only on service fee","• If charge 5-month deposit, service fee could be lower to 16%, lowest would be 15% with 7-month deposit",,Direct Entity,,info@payrollbangladesh.com,Mr. Tuhin,"5 June, 2026",Reminder Sent,https://docs.google.com/spreadsheets/d/14ElGBAHc7X_EtnYMvFewxnRi8LJn_Qj3xlkGsW_apMA/edit,"July 15, 2026",
Asia,Bangladesh,Native Teams,Jasmine,Poor Quality Vendor,Local EOR ,,,,,,,"• EUR 79 up to €1,500 processed per month
• EUR 129 up to €5,500 processed per month
• EUR 219 over €5,500 processed per month",N/A,N/A,N/A,N/A,,NTV,Direct Entity,Signed MSA,deren@nteams.com,Deren Kankurt,"31 December, 2026",Pricing in Contract,,,Tier 2
Asia,Bangladesh,Talent Centric,Jasmine,Preferred Vendor,Local EOR ,(Gross salary * 14%) + (USD 150 - 250),USD 0 - 250,1 month,N/A,15% on total invoice,,14%,N/A,N/A,N/A,15% on total invoice,,TLC,Direct Entity,Signed MSA,Md Mahajaban Chowdhury Aurko ,mahajaban.aurko@tcentric.com,"31 December, 2026",Active,,,
Asia,Bangladesh,Enterprise Workforce Solutions,David,Backup Vendor,Local EOR ,,,,,,,USD 375,N/A,N/A,N/A,,,"
EWS",Direct Entity,Established Contact,omar@ews-limited.com,Omar Hassan ,"5 June, 2026",Reminder Sent,https://docs.google.com/spreadsheets/d/18SBM1yJ907dNTN114MJrnoU4yBfBiKkT3I8HzL4dldo/edit,"July 15, 2026",
Asia,Bangladesh,Enterprise Workforce Solutions,David,Backup Vendor,Expat EOR,,,,,,,USD 650,N/A,N/A,N/A,,,"
EWS",Direct Entity,Established Contact,omar@ews-limited.com,Omar Hassan ,"5 June, 2026",Reminder Sent,https://docs.google.com/spreadsheets/d/18SBM1yJ907dNTN114MJrnoU4yBfBiKkT3I8HzL4dldo/edit,"July 15, 2026",
Asia,Bangladesh,Horizons ,David,Backup Vendor,Local EOR ,,,,,,,USD 199,N/A,1 month ,N/A,N/A,,HRZ,Uses Vendor,Established Contact,echo.li@joinhorizons.com,Echo Li,"5 June, 2026",Reminder Sent,https://docs.google.com/spreadsheets/d/10bk8I5ARIdOhETpt_8e5lTYq61dqCD5HM9903xPywTM/edit,"July 15, 2026",
Asia,Bangladesh,Remote,David,Backup Vendor,Local EOR ,,,,,,,USD 300,N/A,N/A,Involuntary Termination: USD 350,N/A,,RMT,Direct Entity,Signed MSA,"jasmine.chang@remote.com ,aisha.saeed@remote.com, ena.hazrolaj@remote.com","Jasmine Chang (Customer Success Manager), Aisha Saeed, Ena Hazrolaj  (Account Manager)","31 December, 2026",Pricing in Contract,,,
Asia,Bangladesh,Procloz,David,,Local EOR ,,,,,,,USD 300,N/A,1 month,N/A,N/A,• Uses a third party platform to manage leaves,PRO,Direct Entity,Signed MSA,"sbudhraja@procloz.com, dtaneja@procloz.com, nsharma@procloz.com, awasal@procloz.com","Shreya Budhraja 
Damanpreet Singh Taneja 
Niraj Kumar Sharma 
Amandeep Singh Wasal ","5 June, 2026",Active,https://docs.google.com/spreadsheets/d/1pN7P6qmfF-FIAycPc_mCWE2ivBba3CWGXVLQWMkTEmE/edit,6/4/2026,
Asia,Bangladesh,Procloz,David,,Expat EOR,,,,,,,USD 550,N/A,1 month,N/A,N/A,• Uses a third party platform to manage leaves,PRO,Direct Entity,Signed MSA,"sbudhraja@procloz.com, dtaneja@procloz.com, nsharma@procloz.com, awasal@procloz.com","Shreya Budhraja 
Damanpreet Singh Taneja 
Niraj Kumar Sharma 
Amandeep Singh Wasal ","5 June, 2026",Active,https://docs.google.com/spreadsheets/d/1pN7P6qmfF-FIAycPc_mCWE2ivBba3CWGXVLQWMkTEmE/edit,6/4/2026,
Latin America,Barbados,Tarmack,David,Preferred Vendor,Local EOR ,USD 349 - 449,,TBC,,TBC,,"• USD199 (1 to 5) 
• USD 179 (6 to 10) 
• USD 159 (11+)",TBC,TBC,TBC,TBC,,,,,"manish.j@tarmack.com,
ashish.sidhu@tarmack.com",Manish Jajodia,"4 June, 2027",Active,https://docs.google.com/spreadsheets/d/1XNZNgANvT6LbL8gQ2Lle69EDiIqrEXD1dDB_M3qf-bQ/edit,6/10/2026,
Latin America,Barbados,Tarmack,David,Preferred Vendor,Expat EOR,USD 549 - 649,,1 month,,,,USD 299,,,,,,,,,"manish.j@tarmack.com,
ashish.sidhu@tarmack.com",Manish Jajodia,"4 June, 2027",Active,https://docs.google.com/spreadsheets/d/1XNZNgANvT6LbL8gQ2Lle69EDiIqrEXD1dDB_M3qf-bQ/edit,6/10/2026,
Europe,Belarus,FChain,David,Backup Vendor,Local EOR ,,,,,,,"• 10% min USD 400
• 10% on bonus and reimbursement",USD 400,2 months,N/A,N/A,,FCH,Direct Entity,,takhundov@f-chain.com,Teymur Akhundov,"5 June, 2026",Approved,https://docs.google.com/spreadsheets/d/10iWZAp5RXBiwls81G9UZm52Z6prAZhxEf6TNGcU-xF8/edit?usp=sharing,7/1/2026,
Europe,Belarus,Enterprise Workforce Solutions,David,Preferred Vendor,Local EOR ,USD 525 - 625,USD 0 - 250 ,1 month,N/A,N/A,,USD 375,N/A,N/A,N/A,,,"
EWS",Direct Entity,Established Contact,omar@ews-limited.com,Omar Hassan ,"5 June, 2026",Reminder Sent,https://docs.google.com/spreadsheets/d/18SBM1yJ907dNTN114MJrnoU4yBfBiKkT3I8HzL4dldo/edit,7/15/2026,
Europe,Belarus,Enterprise Workforce Solutions,David,Preferred Vendor,Expat EOR,USD 800 - 900,USD 0 - 500 ,1 month,N/A,N/A,,USD 650,N/A,N/A,N/A,,,"
EWS",Direct Entity,Established Contact,omar@ews-limited.com,Omar Hassan ,"5 June, 2026",Reminder Sent,https://docs.google.com/spreadsheets/d/18SBM1yJ907dNTN114MJrnoU4yBfBiKkT3I8HzL4dldo/edit,7/15/2026,
Europe,Belarus,Native Teams,Jasmine,Poor Quality Vendor,Local EOR ,,,,,,,"• EUR 79 up to €1,500 processed per month
• EUR 129 up to €5,500 processed per month
• EUR 219 over €5,500 processed per month",N/A,N/A,N/A,N/A,,NTV,Direct Entity,Signed MSA,deren@nteams.com,Deren Kankurt,"31 December, 2026",Pricing in Contract,,,Tier 2
Europe,Belgium,Bradford Jacobs,Jasmine,,Local EOR ,,,,,,,EUR 500,EUR 500,1 month,N/A,,"• Use TopSource as vendor, but pricing is partner pricing, so will get lower quotation than from TopSource directly
• The vendor provides visa sponsorship, but requires to sign with end client directly",BFJ,Uses Vendor,,k.nolan@bradfordjacobs.com,Kelly Nolan,"5 June, 2026",Reminder Sent,https://docs.google.com/spreadsheets/d/1qcQBw7034L9B0NSXOC38XkMU1wg2eROqWYyMtiobk-M/edit,7/15/2026,
Europe,Belgium,Native Teams,Jasmine,Poor Quality Vendor,Local EOR ,,,,,,,"• EUR 79 up to €1,500 processed per month
• EUR 129 up to €5,500 processed per month
• EUR 219 over €5,500 processed per month",N/A,N/A,N/A,N/A,,NTV,Direct Entity,Entity not operational,deren@nteams.com,Deren Kankurt,"31 December, 2026",Pricing in Contract,,,Tier 2
Europe,Belgium,Remote,David,Preferred Vendor,Local EOR ,USD 450 - 550,USD 0 - 250,1 month,"Involuntary Termination: USD 500 (termination initiated by client, not by resignation or natural contract expiration)",N/A,"• USD 200 right-to-work check mandatory for all expats (even self-sponsored)
• USD 500 immigration assessment fee for visa sponsorship feasibility check",USD 300,N/A,N/A,Involuntary Termination: USD 350,N/A,"• USD 120 right-to-work check mandatory for all expats (even self-sponsored)
• USD 400 immigration assessment fee for visa sponsorship feasibility check",RMT,Direct Entity,Signed MSA,"jasmine.chang@remote.com ,aisha.saeed@remote.com, ena.hazrolaj@remote.com","Jasmine Chang (Customer Success Manager), Aisha Saeed, Ena Hazrolaj  (Account Manager)","31 December, 2026",Pricing in Contract,,,
Europe,Belgium,EOR Partners,Jasmine,,Local EOR ,,,,,,,EUR 450,EUR 300,1 month employment cost,,,,,,,campbell@eorpartners.com,Campbell Curtis,"5 June, 2026",Inactive,https://docs.google.com/spreadsheets/d/1hqk3nh0_KxaC-uowc7XzDbJ3bdrKdZ8qyo-pByfUND8/edit,"July 15, 2026",
Europe,Belgium,Enterprise Workforce Solutions,David,Backup Vendor,Local EOR ,,,,,,,USD 375,N/A,N/A,N/A,,,"
EWS",Direct Entity,Established Contact,omar@ews-limited.com,Omar Hassan ,"5 June, 2026",Reminder Sent,https://docs.google.com/spreadsheets/d/18SBM1yJ907dNTN114MJrnoU4yBfBiKkT3I8HzL4dldo/edit,"July 15, 2026",
Europe,Belgium,Enterprise Workforce Solutions,David,Preferred Vendor,Expat EOR,USD 600 - 700,USD 0 - 500 ,1 month,N/A,N/A,,USD 450,N/A,N/A,N/A,,,"
EWS",Direct Entity,Established Contact,omar@ews-limited.com,Omar Hassan ,"5 June, 2026",Reminder Sent,https://docs.google.com/spreadsheets/d/18SBM1yJ907dNTN114MJrnoU4yBfBiKkT3I8HzL4dldo/edit,7/15/2026,
Europe,Belgium,Horizons ,David,Backup Vendor,Local EOR ,,,,,,,USD 399,N/A,1 month,N/A,N/A,,HRZ,Uses Vendor,Established Contact,echo.li@joinhorizons.com,Echo Li,"5 June, 2026",Reminder Sent,https://docs.google.com/spreadsheets/d/10bk8I5ARIdOhETpt_8e5lTYq61dqCD5HM9903xPywTM/edit,"July 15, 2026",
Europe,Belgium,Access Financial,David,Backup Vendor,Local EOR ,,,,,,,EUR 500,N/A,N/A,N/A,N/A,"• the vendor can sponsor visa, can sign with Slasify not end client
•.for the protection of all parties our contracts require contractors/employees to hold PII. This is to cover against claims for professional errors or negligence. If you do not hold such insurance, AFS can offer a fully comprehensive PII at only €150.00 for up to 3 months inclusive;  €250.00 for 4-6 months inclusive or €395.00 for 7-12 months inclusive with a worldwide cover (exc. USA & Canada) of €5 million.  ",ACF,Direct Entity,Signed MSA,Nicos@accessfinancial.com,Nicos Nicolaou,"5 June, 2026",Reminder Sent,https://docs.google.com/spreadsheets/d/14pSkfYMAGQH_SF9hB0tBR8DxGdEfxM4Rq_MBchmava4/edit,"July 15, 2026",
Europe,Belgium,Access Financial,David,Backup Vendor,Expat EOR,,,,,,,EUR 500,N/A,N/A,N/A,N/A,"• the vendor can sponsor visa, can sign with Slasify not end client
•.for the protection of all parties our contracts require contractors/employees to hold PII. This is to cover against claims for professional errors or negligence. If you do not hold such insurance, AFS can offer a fully comprehensive PII at only €150.00 for up to 3 months inclusive;  €250.00 for 4-6 months inclusive or €395.00 for 7-12 months inclusive with a worldwide cover (exc. USA & Canada) of €5 million.  ",ACF,Direct Entity,Signed MSA,Nicos@accessfinancial.com,Nicos Nicolaou,"5 June, 2026",Reminder Sent,https://docs.google.com/spreadsheets/d/14pSkfYMAGQH_SF9hB0tBR8DxGdEfxM4Rq_MBchmava4/edit,"July 15, 2026",
Europe,Belgium ,Rivermate,David,Preferred Vendor,Expat EOR,EUR 500 - 700,EUR 0 - 700,1 month,N/A,,,EUR 350 ,N/A,1 month,N/A,,,HTK,Direct Entity,Signed MSA,bassem.benhassine@hightekers.com,Bassem Ben Hassine ,"31 December, 2026",Pricing in Contract,,,
Latin America,Belize,Biz Latin Hub,David,Inactive,Local EOR ,,,,,,,USD 800,,,N/A,"Applicable, need to double confirm",,,Direct Entity,Terminated,craig@bizlatinhub.com,Craig Dempsey,"5 June, 2026",Inactive,https://docs.google.com/spreadsheets/d/1fnqBZQEM3l1NN2d2Q4gYZmoROuNuXW8dau4BnptpfRc/edit,"June 10, 2026",Tier 0
Africa,Benin Republic,Workpay ,David,Preferred Vendor,Local EOR ,USD 470 - 570 ,USD 0 - equivalent of service fee,1 month salary,N/A,TBC,,USD 320,N/A,1 month Salary ,N/A,,,WKP,Direct Entity,Established Contact," fn@myworkpay.com,
 zn@myworkpay.com","Frances Nzekwue, Ziphozihle Ntlakaza","5 June, 2026",Reminder Sent,https://docs.google.com/spreadsheets/d/1w0jqjlb9vUL_Lb7NHP45wKJcnWeX_D_--e6xf_W6ypc/edit,7/15/2026,Tier 2
Africa,Benin Republic,Workpay ,David,Preferred Vendor,Expat EOR,USD 470 - 570 ,USD 0 - equivalent of service fee,1 month salary,N/A,TBC,,USD 320,N/A,1 month Salary ,N/A,,,WKP,Direct Entity,Established Contact," fn@myworkpay.com,
 zn@myworkpay.com","Frances Nzekwue, Ziphozihle Ntlakaza","5 June, 2026",Reminder Sent,https://docs.google.com/spreadsheets/d/1w0jqjlb9vUL_Lb7NHP45wKJcnWeX_D_--e6xf_W6ypc/edit,7/15/2026,Tier 2
Africa,Benin Republic,Workforce Africa,David,Backup Vendor,Local EOR ,,,,,,,USD 450,USD 200,N/A,USD 200,18% on service fee,"• Pricing valid until December 31st, 2028",WFA,Uses Vendor,Signed MSA,justina.gabriel@workforcegroup.com,Justina Gabriel,"5 June, 2026",Reminder Sent,https://docs.google.com/spreadsheets/d/13pdolFV6P_EBVi5xsPKvdXzW76jB60buVkpZYMEoxJk/edit,"July 15, 2026",
Africa,Benin Republic,Workforce Africa,David,Backup Vendor,Expat EOR,,,,,,,USD 500,USD 200,N/A,USD 200,18% on service fee,"• Pricing valid until December 31st, 2029",WFA,Uses Vendor,Signed MSA,justina.gabriel@workforcegroup.com,Justina Gabriel,"5 June, 2026",Reminder Sent,https://docs.google.com/spreadsheets/d/13pdolFV6P_EBVi5xsPKvdXzW76jB60buVkpZYMEoxJk/edit,"July 15, 2026",
Africa,Benin Republic,Remote Solutions Africa ,David,Backup Vendor,Local EOR ,,,,,,,USD 250,N/A,N/A,N/A,7.5 % of the service fee,We don't charge deposit as long as we receive the invoice payment on the 20th of each month//Reimbursement Fee: 4% of the total reimbursement //  20 USD bank transfer fee,RSA,Uses Vendor,Established Contact,moses.a@remotesolutionsafrica.com,Moses,"5 June, 2026",Reminder Sent,https://docs.google.com/spreadsheets/d/1-0VoGr6iIfXVV0l8SqaHo0p-ZCELZEMJiFpvK7R1zmQ/edit,"July 15, 2026",
Africa,Benin Republic,Remote Solutions Africa ,David,Backup Vendor,Expat EOR,,,,,,,USD 300,N/A,N/A,N/A,7.5 % of the service fee,We don't charge deposit as long as we receive the invoice payment on the 20th of each month//Reimbursement Fee: 4% of the total reimbursement //  20 USD bank transfer fee,RSA,Uses Vendor,Established Contact,moses.a@remotesolutionsafrica.com,Moses,"5 June, 2026",Reminder Sent,https://docs.google.com/spreadsheets/d/1-0VoGr6iIfXVV0l8SqaHo0p-ZCELZEMJiFpvK7R1zmQ/edit,"July 15, 2026",
Latin America,Bolivia,Biz Latin Hub,David,Inactive,Local EOR ,,,,,,,USD $750 or 13% of total monthly employee cost (whichever is greater) per Employee,USD 120,3 x monthly total employee cost        ,USD 120,13% on service fee only,,,Direct Entity,Terminated,craig@bizlatinhub.com,Craig Dempsey,"5 June, 2026",Inactive,https://docs.google.com/spreadsheets/d/1fnqBZQEM3l1NN2d2Q4gYZmoROuNuXW8dau4BnptpfRc/edit,"June 10, 2026",Tier 0
Latin America,Bolivia,Remote,David,Preferred Vendor,Local EOR ,USD 450 - 550,USD 0 - 250,1 month,"Involuntary Termination: USD 500 (termination initiated by client, not by resignation or natural contract expiration)",N/A,"• USD 200 right-to-work check mandatory for all expats (even self-sponsored)
• USD 500 immigration assessment fee for visa sponsorship feasibility check",USD 300,USD 80 (wet-signing fee),N/A,Involuntary Termination: USD 350,N/A,"• USD 120 right-to-work check mandatory for all expats (even self-sponsored)
• USD 400 immigration assessment fee for visa sponsorship feasibility check",RMT,Direct Entity,Signed MSA,"jasmine.chang@remote.com ,aisha.saeed@remote.com, ena.hazrolaj@remote.com","Jasmine Chang (Customer Success Manager), Aisha Saeed, Ena Hazrolaj  (Account Manager)","31 December, 2026",Pricing in Contract,,,
Latin America,Bolivia,López & James,David,Backup Vendor,PEO,,,,,,,8% (the enterprises would have to be incorporated),- Employment contract & social security affiliations: 500 USD per employee,2 months gross salary,N/A,$0,,,Uses Vendor,,lmarquez@lopezjames.com,Laura Márquez,"5 June, 2026",Reminder Sent,https://docs.google.com/spreadsheets/d/1W0gu9xPlPGcaiHU4MFMQd3PIphKpsTU4vd0TdD6Ec_0/edit,"July 15, 2026",
Europe,Bosnia Herzegovina,Native Teams,Jasmine,Poor Quality Vendor,Local EOR ,,,,,,,"• EUR 79 up to €1,500 processed per month
• EUR 129 up to €5,500 processed per month
• EUR 219 over €5,500 processed per month",N/A,N/A,N/A,N/A,,NTV,Direct Entity,Signed MSA,deren@nteams.com,Deren Kankurt,"31 December, 2026",Pricing in Contract,,,Tier 2
Europe,Bosnia Herzegovina,Enterprise Workforce Solutions,David,Preferred Vendor,Local EOR ,USD 525 - 625,USD 0 - 250 ,1 month,N/A,N/A,,USD 375,N/A,N/A,N/A,,,"
EWS",Direct Entity,Established Contact,omar@ews-limited.com,Omar Hassan ,"5 June, 2026",Reminder Sent,https://docs.google.com/spreadsheets/d/18SBM1yJ907dNTN114MJrnoU4yBfBiKkT3I8HzL4dldo/edit,7/15/2026,
Europe,Bosnia Herzegovina,Enterprise Workforce Solutions,David,Backup Vendor,Expat EOR,,,,,,,USD 450,N/A,N/A,N/A,,,"
EWS",Direct Entity,Established Contact,omar@ews-limited.com,Omar Hassan ,"5 June, 2026",Reminder Sent,https://docs.google.com/spreadsheets/d/18SBM1yJ907dNTN114MJrnoU4yBfBiKkT3I8HzL4dldo/edit,"July 15, 2026",
Europe,Bosnia Herzegovina,Horizons ,David,Backup Vendor,Local EOR ,,,,,,,USD 399,N/A,1 month,N/A,N/A,,HRZ,Uses Vendor,Established Contact,echo.li@joinhorizons.com,Echo Li,"5 June, 2026",Reminder Sent,https://docs.google.com/spreadsheets/d/10bk8I5ARIdOhETpt_8e5lTYq61dqCD5HM9903xPywTM/edit,"July 15, 2026",
Europe,Bosnia Herzegovina,Remote,David,Preferred Vendor,Local EOR ,USD 450 - 550,USD 0 - 250,1 month,"Involuntary Termination: USD 500 (termination initiated by client, not by resignation or natural contract expiration)",N/A,"• USD 200 right-to-work check mandatory for all expats (even self-sponsored)
• USD 500 immigration assessment fee for visa sponsorship feasibility check",USD 300,N/A,N/A,Involuntary Termination: USD 350,N/A,"• USD 120 right-to-work check mandatory for all expats (even self-sponsored)
• USD 400 immigration assessment fee for visa sponsorship feasibility check",RMT,Direct Entity,Signed MSA,"jasmine.chang@remote.com ,aisha.saeed@remote.com, ena.hazrolaj@remote.com","Jasmine Chang (Customer Success Manager), Aisha Saeed, Ena Hazrolaj  (Account Manager)","31 December, 2026",Pricing in Contract,,,
Africa ,Botswana ,Workpay ,David,Preferred Vendor,Local EOR ,USD 470 - 570,USD 0 - equivalent of service fee,1 month salary,N/A,TBC,,USD 320,N/A,1 month Salary ,N/A,,,WKP,Direct Entity,Established Contact," fn@myworkpay.com,
 zn@myworkpay.com","Frances Nzekwue, Ziphozihle Ntlakaza","5 June, 2026",Reminder Sent,https://docs.google.com/spreadsheets/d/1w0jqjlb9vUL_Lb7NHP45wKJcnWeX_D_--e6xf_W6ypc/edit,7/15/2026,Tier 2
Africa ,Botswana ,Workpay ,David,Preferred Vendor,Expat EOR,USD 470 - 570,USD 0 - equivalent of service fee,1 month salary,N/A,TBC,,USD 320,N/A,1 month Salary ,N/A,,,WKP,Direct Entity,Established Contact," fn@myworkpay.com,
 zn@myworkpay.com","Frances Nzekwue, Ziphozihle Ntlakaza","5 June, 2026",Reminder Sent,https://docs.google.com/spreadsheets/d/1w0jqjlb9vUL_Lb7NHP45wKJcnWeX_D_--e6xf_W6ypc/edit,7/15/2026,Tier 2
Latin America,Brasil,Roots,David,Backup Vendor,Local EOR,,,,,,,"• 1 pax: USD 450/pax
• 2-5 pax: USD 400/pax
• 6 or more: USD 350/pax",N/A,1 month,N/A,15%,We don't charge deposit as long as we receive the invoice payment on the 20th of each month//Reimbursement Fee: 4% of the total reimbursement //  20 USD bank transfer fee,,Direct Entity,Established Contact,horacio@rootseor.com,Horacio Represas,"5 June, 2026",Active,https://docs.google.com/spreadsheets/d/18MUec3UsUX-IW8iusItaN4QxHtLexbNeYHFI1AvVdxo/edit,6/4/2026,
Latin America,Brazil,Bradford Jacobs,Jasmine,,Local EOR ,,,,,,,EUR 500,EUR 500,1 month,N/A,,"• Use TopSource as vendor, but pricing is partner pricing, so will get lower quotation than from TopSource directly",BFJ,Uses Vendor,,k.nolan@bradfordjacobs.com,Kelly Nolan,"5 June, 2026",Reminder Sent,https://docs.google.com/spreadsheets/d/1qcQBw7034L9B0NSXOC38XkMU1wg2eROqWYyMtiobk-M/edit,7/15/2026,
Latin America,Brazil,Biz Latin Hub,David,Inactive,Local EOR ,,,,,,,USD $950 or 13% of total monthly employee cost (whichever is greater) per Employee,USD 135,3 x monthly total employee cost        ,USD 135,17% on total invoice,,,Direct Entity,Terminated,craig@bizlatinhub.com,Craig Dempsey,"5 June, 2026",Inactive,https://docs.google.com/spreadsheets/d/1fnqBZQEM3l1NN2d2Q4gYZmoROuNuXW8dau4BnptpfRc/edit,"June 10, 2026",Tier 0
Latin America,Brazil,Wide Brazil People,Jasmine,Preferred Vendor,Local EOR ,USD 550 - 650,USD 0 - equivalent of service fee,1 month,"• Termination will have an FGTS fine, around one month's salary",14.38% of the total invoice,,USD 399,N/A,1 month,"• Termination will have an FGTS fine, around one month's salary",14.38% of the total invoice,,WBP,Direct Entity,Active,jose.roberto@widebrazil.com,Jose Roberto Araujo Filho,"31 December, 2026",Active,,,
Latin America,Brazil,Rivermate,David,,Local EOR ,,,,,,,"USD 250 

10% Service Fee on
• Insurance
• Expense Reimbursement

Out-of-cycle fee: USD 100",USD 100,1 month,N/A,,Bank Fee per Invoice: USD 69. 2.5% FX charge on Total Invoice ,SER,Direct Entity,,bassem.benhassine@hightekers.com	,Bassem Ben Hassine ,"5 June, 2026",Reminder Sent,https://docs.google.com/spreadsheets/d/1Hfh8owhyByJDd1SgekqltEc28d-fqYQBKrW9-h8co_w/edit,"July 15, 2026",
Latin America,Brazil,Rivermate,David,,Expat EOR,,,,,,,"USD 550

10% Service Fee on
• Insurance
• Expense Reimbursement

Out-of-cycle fee: USD 100",USD 300,1 month,N/A,,Bank Fee per Invoice: USD 69,SER,Direct Entity,,bassem.benhassine@hightekers.com	,Bassem Ben Hassine ,"5 June, 2026",Reminder Sent,https://docs.google.com/spreadsheets/d/1Hfh8owhyByJDd1SgekqltEc28d-fqYQBKrW9-h8co_w/edit,"July 15, 2026",
Latin America,Brazil,Enterprise Workforce Solutions,David,Backup Vendor,Local EOR ,,,,,,,USD 375,N/A,N/A,N/A,,,"
EWS",Direct Entity,Established Contact,omar@ews-limited.com,Omar Hassan ,"5 June, 2026",Reminder Sent,https://docs.google.com/spreadsheets/d/18SBM1yJ907dNTN114MJrnoU4yBfBiKkT3I8HzL4dldo/edit,"July 15, 2026",
Latin America,Brazil,Enterprise Workforce Solutions,David,Backup Vendor,Expat EOR,,,,,,,USD 450,N/A,N/A,N/A,,,"
EWS",Direct Entity,Established Contact,omar@ews-limited.com,Omar Hassan ,"5 June, 2026",Reminder Sent,https://docs.google.com/spreadsheets/d/18SBM1yJ907dNTN114MJrnoU4yBfBiKkT3I8HzL4dldo/edit,"July 15, 2026",
Latin America,Brazil,Horizons,David,Backup Vendor,Local EOR ,,,,,,,USD 299,N/A,1 month,N/A,N/A,,HRZ,Direct Entity,Established Contact,echo.li@joinhorizons.com,Echo Li,"5 June, 2026",Reminder Sent,https://docs.google.com/spreadsheets/d/10bk8I5ARIdOhETpt_8e5lTYq61dqCD5HM9903xPywTM/edit,"July 15, 2026",
Latin America,Brazil,Horizons,David,Backup Vendor,Expat EOR,,,,,,,USD 449,N/A,1 month,N/A,"for expatriates, VAT may apply depending on the local regulations.",,HRZ,Direct Entity,Established Contact,echo.li@joinhorizons.com,Echo Li,"5 June, 2026",Reminder Sent,https://docs.google.com/spreadsheets/d/10bk8I5ARIdOhETpt_8e5lTYq61dqCD5HM9903xPywTM/edit,"July 15, 2026",
Latin America,Brazil,Remote,David,Preferred Vendor,Local EOR ,USD 450 - 550,USD 0 - 250,1 month,"Involuntary Termination: USD 500 (termination initiated by client, not by resignation or natural contract expiration)",N/A,"• USD 200 right-to-work check mandatory for all expats (even self-sponsored)
• USD 500 immigration assessment fee for visa sponsorship feasibility check",USD 300,N/A,N/A,Involuntary Termination: USD 350,N/A,"• USD 120 right-to-work check mandatory for all expats (even self-sponsored)
• USD 400 immigration assessment fee for visa sponsorship feasibility check",RMT,Direct Entity,Signed MSA,"jasmine.chang@remote.com ,aisha.saeed@remote.com, ena.hazrolaj@remote.com","Jasmine Chang (Customer Success Manager), Aisha Saeed, Ena Hazrolaj  (Account Manager)","31 December, 2026",Pricing in Contract,,,
Latin America,Brazil,Native Teams,Jasmine,Poor Quality Vendor,Local EOR ,,,,,,,"• EUR 79 up to €1,500 processed per month
• EUR 129 up to €5,500 processed per month
• EUR 219 over €5,500 processed per month",N/A,N/A,N/A,N/A,"• Vendor could sponsor expat, case by case so need to check eligibility with the vendor first before saying yes to the client ",NTV,Direct Entity,Signed MSA,deren@nteams.com,Deren Kankurt,"31 December, 2026",Pricing in Contract,,,Tier 2
Latin America,Brazil,López & James,David,,PEO,,,,,,,8% (the enterprises would have to be incorporated),- Employment contract & social security affiliations: 500 USD per employee,2 months gross salary ,N/A,$0,,,Uses Vendor,,lmarquez@lopezjames.com,Laura Márquez,"5 June, 2026",Reminder Sent,https://docs.google.com/spreadsheets/d/1W0gu9xPlPGcaiHU4MFMQd3PIphKpsTU4vd0TdD6Ec_0/edit,"July 15, 2026",
Asia,Brunei,Acumen International,David,,Local EOR ,,,,,,,"13% min USD 1300, whichever is higher","USD 1000
",1 month TEC,USD 1000,,"• Fee for 1+ headcount link
• Have active projects in Brunei",ACU,Uses Vendor,,dk@expressglobalemployment.com,Dmitriy Koshkin,"5 June, 2026",Reminder Sent,https://docs.google.com/spreadsheets/d/1HeKcblPyUO2DwJwno5SjL9NJOoixJYVzm2pn_KHQw-Y/edit,7/15/2026,Tier 2
Asia,Brunei,WeHG,David,,Local EOR ,,,,,,,USD 800,"USD 800, termination fees waived for placements over 6 months",1-month deposit of total employment costs and service fees,USD 800,,• WeHG might be using EOS for Brunei (Jasmine's guess),,Unknown,,kate@wehireglobally.com,Kate Phillips,"5 June, 2026",Reminder Sent,https://docs.google.com/spreadsheets/d/1ZOPd_KWg_olhEkqtjzIFGwyNFgAGEMiwRH4OyZbZ_Ak/edit,7/15/2026,
Asia,Brunei,WeHG,David,,Expat EOR,,,,,,,"USD 1,100","USD 800, termination fees waived for placements over 6 months",1-month deposit of total employment costs and service fees,USD 800,,• WeHG might be using EOS for Brunei (Jasmine's guess),,Unknown,,kate@wehireglobally.com,Kate Phillips,"5 June, 2026",Reminder Sent,https://docs.google.com/spreadsheets/d/1ZOPd_KWg_olhEkqtjzIFGwyNFgAGEMiwRH4OyZbZ_Ak/edit,7/15/2026,
Asia,Brunei,Rivermate,David,Preferred Vendor,Local EOR ,USD 650 - 750,USD 650 - 750,1 month TEC,N/A,10% on all service fees,,USD 500,USD 500,1 month TEC,N/A,10% on all service fees,,EOS,Direct Entity,Signed MSA,tim.denney@eosglobalexpansion.com,Tim Denney,"31 December, 2026",Active,,,Tier 2
Asia,Brunei,Rivermate,David,Preferred Vendor,Expat EOR,USD 850 - 950 ,USD 650 - 750,1 month TEC,N/A,10% on all service fees,,USD 700,USD 500,1 month TEC,N/A,10% on all service fees,,EOS,Direct Entity,Signed MSA,tim.denney@eosglobalexpansion.com,Tim Denney,"31 December, 2026",Active,,,Tier 2
Europe,Bulgaria,Bradford Jacobs,Jasmine,Backup Vendor,Local EOR ,,,,,,,EUR 500,EUR 500,1 month,N/A,,"• Use TopSource as vendor, but pricing is partner pricing, so will get lower quotation than from TopSource directly",BFJ,Uses Vendor,,k.nolan@bradfordjacobs.com,Kelly Nolan,"5 June, 2026",Reminder Sent,https://docs.google.com/spreadsheets/d/1qcQBw7034L9B0NSXOC38XkMU1wg2eROqWYyMtiobk-M/edit,7/15/2026,
Europe,Bulgaria,Native Teams,Jasmine,Poor Quality Vendor,Local EOR ,,,,,,,"• EUR 79 up to €1,500 processed per month
• EUR 129 up to €5,500 processed per month
• EUR 219 over €5,500 processed per month",N/A,N/A,N/A,N/A,"• Vendor could sponsor expat, case by case so need to check eligibility with the vendor first before saying yes to the client",NTV,Direct Entity,Signed MSA,deren@nteams.com,Deren Kankurt,"31 December, 2026",Pricing in Contract,,,Tier 2
Europe,Bulgaria,Native Teams,Jasmine,Poor Quality Vendor,Expat EOR,,,,,,,"• EUR 179 up to €1,500 processed per month
• EUR 229 up to €5,500 processed per month
• EUR 319 over €5,500 processed per month",N/A,N/A,N/A,N/A,,NTV,Direct Entity,Signed MSA,deren@nteams.com,Deren Kankurt,"31 December, 2026",Pricing in Contract,,,Tier 2
Europe,Bulgaria,Enterprise Workforce Solutions,David,Preferred Vendor,Local EOR ,USD 525 - 625,USD 0 - 250 ,1 month,N/A,N/A,,USD 375,N/A,N/A,N/A,,,"
EWS",Direct Entity,Established Contact,omar@ews-limited.com,Omar Hassan ,"5 June, 2026",Reminder Sent,https://docs.google.com/spreadsheets/d/18SBM1yJ907dNTN114MJrnoU4yBfBiKkT3I8HzL4dldo/edit,7/15/2026,
Europe,Bulgaria,Enterprise Workforce Solutions,David,Backup Vendor,Expat EOR,,,,,,,USD 450,N/A,N/A,N/A,,,"
EWS",Direct Entity,Established Contact,omar@ews-limited.com,Omar Hassan ,"5 June, 2026",Reminder Sent,https://docs.google.com/spreadsheets/d/18SBM1yJ907dNTN114MJrnoU4yBfBiKkT3I8HzL4dldo/edit,"July 15, 2026",
Europe,Bulgaria,Horizons ,David,Backup Vendor,Local EOR ,,,,,,,USD 399,N/A,1 month,N/A,N/A,,HRZ,Direct Entity,Established Contact,echo.li@joinhorizons.com,Echo Li,"5 June, 2026",Reminder Sent,https://docs.google.com/spreadsheets/d/10bk8I5ARIdOhETpt_8e5lTYq61dqCD5HM9903xPywTM/edit,"July 15, 2026",
Europe,Bulgaria,Remote,David,Preferred Vendor,Local EOR ,USD 450 - 550,USD 0 - 250,1 month,"Involuntary Termination: USD 500 (termination initiated by client, not by resignation or natural contract expiration)",N/A,"• USD 200 right-to-work check mandatory for all expats (even self-sponsored)
• USD 500 immigration assessment fee for visa sponsorship feasibility check",USD 300,N/A,N/A,Involuntary Termination: USD 350,N/A,"• USD 120 right-to-work check mandatory for all expats (even self-sponsored)
• USD 400 immigration assessment fee for visa sponsorship feasibility check",RMT,Direct Entity,Signed MSA,"jasmine.chang@remote.com ,aisha.saeed@remote.com, ena.hazrolaj@remote.com","Jasmine Chang (Customer Success Manager), Aisha Saeed, Ena Hazrolaj  (Account Manager)","31 December, 2026",Pricing in Contract,,,
Europe,Bulgaria,Go Global,Jasmine,Poor Quality Vendor,Local EOR ,,,,,,,"CNY 2,750","CNY 2,750",,"CNY 2,750",,,,Unknown,,sissi.zhao@goglobalgeo.com,Sissi Zhao,"5 June, 2026",Reminder Sent,https://docs.google.com/spreadsheets/d/1VimvcvPQCviW6ntJhvkOIi9BlgDLgwA-9wVVcwuHHZ0/edit,"July 15, 2026",
Asia,Bulgaria,Acvian,David,Backup Vendor,Local EOR,,,,,,,"• EUR 375
• 6% on bonus and reimbursement",N/A,1 month invoice,N/A,N/A,,ACV,Direct Entity,Signed MSA,a.zakharov@acvian.com,Anthony Zakharov,"4 June, 2027",Active,,,Tier 2
Asia,Bulgaria,Acvian,David,Preferred Vendor,Local EOR,SGD 600 - 700,USD 0 - equivalent of service fee,1 month,N/A,N/A,,"• EUR 375
• 6% on bonus and reimbursement",N/A,1 month invoice,N/A,N/A,,ACV,Direct Entity,,a.zakharov@acvian.com,Anthony Zakharov,"4 June, 2027",Active,https://docs.google.com/spreadsheets/d/1v8hqm0zO5cDgfVn00wIGynQiohce5uwmBwXgNFXVrGU/edit,"June 4, 2026",Tier 2
Africa,Burkina Faso,Workforce Africa,David,Backup Vendor,Local EOR ,,,,,,,USD 450,USD 200,N/A,USD 200,TBC,"• Pricing valid until December 31st, 2030",WFA,Uses Vendor,Signed MSA,justina.gabriel@workforcegroup.com,Justina Gabriel,"5 June, 2026",Reminder Sent,https://docs.google.com/spreadsheets/d/13pdolFV6P_EBVi5xsPKvdXzW76jB60buVkpZYMEoxJk/edit,7/15/2026,
Africa,Burkina Faso,Workforce Africa,David,Backup Vendor,Expat EOR,,,,,,,USD 500,USD 200,N/A,USD 200,TBC,"• Pricing valid until December 31st, 2031",WFA,Uses Vendor,Signed MSA,justina.gabriel@workforcegroup.com,Justina Gabriel,"5 June, 2026",Reminder Sent,https://docs.google.com/spreadsheets/d/13pdolFV6P_EBVi5xsPKvdXzW76jB60buVkpZYMEoxJk/edit,7/15/2026,
Africa,Burkina Faso,Workpay ,David,Preferred Vendor,Local EOR ,USD 470 - 570,USD 0 - equivalent of service fee,1 month salary,N/A,TBC,,USD 320,N/A,1 month Salary ,N/A,,,WKP,Direct Entity,Established Contact," fn@myworkpay.com,
 zn@myworkpay.com","Frances Nzekwue, Ziphozihle Ntlakaza","5 June, 2026",Reminder Sent,https://docs.google.com/spreadsheets/d/1w0jqjlb9vUL_Lb7NHP45wKJcnWeX_D_--e6xf_W6ypc/edit,7/15/2026,Tier 2
Africa,Burkina Faso,Workpay ,David,Preferred Vendor,Expat EOR,USD 470 - 570,USD 0 - equivalent of service fee,1 month salary,N/A,TBC,,USD 320,N/A,1 month Salary ,N/A,,,WKP,Direct Entity,Established Contact," fn@myworkpay.com,
 zn@myworkpay.com","Frances Nzekwue, Ziphozihle Ntlakaza","5 June, 2026",Reminder Sent,https://docs.google.com/spreadsheets/d/1w0jqjlb9vUL_Lb7NHP45wKJcnWeX_D_--e6xf_W6ypc/edit,7/15/2026,Tier 2
Africa,Burkina Faso,Remote Solutions Africa ,David,Backup Vendor,Local EOR ,"USD 420 - 520
Reimbursement Fee: 5% of amount",USD 0 - 400,1 month,N/A,7.5 % of the service fee,,USD 250,N/A,N/A,N/A,7.5 % of the service fee,We don't charge deposit as long as we receive the invoice payment on the 20th of each month//Reimbursement Fee: 4% of the total reimbursement //  20 USD bank transfer fee,RSA,Uses Vendor,Established Contact,moses.a@remotesolutionsafrica.com,Moses,"5 June, 2026",Reminder Sent,https://docs.google.com/spreadsheets/d/1-0VoGr6iIfXVV0l8SqaHo0p-ZCELZEMJiFpvK7R1zmQ/edit,7/15/2026,
Africa,Burkina Faso,Remote Solutions Africa ,David,Backup Vendor,Expat EOR,"USD 470 - 570
Reimbursement Fee: 5% of amount",USD 0 - 400,1 month,N/A,7.5 % of the service fee,,USD 300,N/A,N/A,N/A,7.5 % of the service fee,We don't charge deposit as long as we receive the invoice payment on the 20th of each month//Reimbursement Fee: 4% of the total reimbursement //  20 USD bank transfer fee,RSA,Uses Vendor,Established Contact,moses.a@remotesolutionsafrica.com,Moses,"5 June, 2026",Reminder Sent,https://docs.google.com/spreadsheets/d/1-0VoGr6iIfXVV0l8SqaHo0p-ZCELZEMJiFpvK7R1zmQ/edit,7/15/2026,
Africa,Burundi,Workforce Africa,David,Backup Vendor,Local EOR ,,,,,,,USD 450,USD 200,N/A,USD 200,18% on service fee,"• Pricing valid until December 31st, 2032",WFA,Uses Vendor,Signed MSA,justina.gabriel@workforcegroup.com,Justina Gabriel,"5 June, 2026",Reminder Sent,https://docs.google.com/spreadsheets/d/13pdolFV6P_EBVi5xsPKvdXzW76jB60buVkpZYMEoxJk/edit,7/15/2026,
Africa,Burundi,Workforce Africa,David,Backup Vendor,Expat EOR,,,,,,,USD 550,USD 200,N/A,USD 200,18% on service fee,"• Pricing valid until December 31st, 2033",WFA,Uses Vendor,Signed MSA,justina.gabriel@workforcegroup.com,Justina Gabriel,"5 June, 2026",Reminder Sent,https://docs.google.com/spreadsheets/d/13pdolFV6P_EBVi5xsPKvdXzW76jB60buVkpZYMEoxJk/edit,7/15/2026,
Africa,Burundi,Workpay ,David,Preferred Vendor,Local EOR ,USD 470 - 570,USD 0 - equivalent of service fee,1 month salary,N/A,TBC,,USD 320,N/A,1 month Salary ,N/A,,,WKP,Direct Entity,Established Contact," fn@myworkpay.com,
 zn@myworkpay.com","Frances Nzekwue, Ziphozihle Ntlakaza","5 June, 2026",Reminder Sent,https://docs.google.com/spreadsheets/d/1w0jqjlb9vUL_Lb7NHP45wKJcnWeX_D_--e6xf_W6ypc/edit,7/15/2026,Tier 2
Africa,Burundi,Workpay ,David,Preferred Vendor,Expat EOR,USD 470 - 570,USD 0 - equivalent of service fee,1 month salary,N/A,TBC,,USD 320,N/A,1 month Salary ,N/A,,,WKP,Direct Entity,Established Contact," fn@myworkpay.com,
 zn@myworkpay.com","Frances Nzekwue, Ziphozihle Ntlakaza","5 June, 2026",Reminder Sent,https://docs.google.com/spreadsheets/d/1w0jqjlb9vUL_Lb7NHP45wKJcnWeX_D_--e6xf_W6ypc/edit,7/15/2026,Tier 2
Africa,Burundi,Remote Solutions Africa ,David,Backup Vendor,Local EOR ,"USD 420 - 520
Reimbursement Fee: 5% of amount",USD 0 - 400,1 month,N/A,7.5 % of the service fee,,USD 250,N/A,N/A,N/A,7.5 % of the service fee,We don't charge deposit as long as we receive the invoice payment on the 20th of each month//Reimbursement Fee: 4% of the total reimbursement //  20 USD bank transfer fee,RSA,Uses Vendor,Established Contact,moses.a@remotesolutionsafrica.com,Moses,"5 June, 2026",Reminder Sent,https://docs.google.com/spreadsheets/d/1-0VoGr6iIfXVV0l8SqaHo0p-ZCELZEMJiFpvK7R1zmQ/edit,7/15/2026,
Africa,Burundi,Remote Solutions Africa ,David,Backup Vendor,Expat EOR,"USD 470 - 570
Reimbursement Fee: 5% of amount",USD 0 - 400,1 month,N/A,7.5 % of the service fee,,USD 300,N/A,N/A,N/A,7.5 % of the service fee,We don't charge deposit as long as we receive the invoice payment on the 20th of each month//Reimbursement Fee: 4% of the total reimbursement //  20 USD bank transfer fee,RSA,Uses Vendor,Established Contact,moses.a@remotesolutionsafrica.com,Moses,"5 June, 2026",Reminder Sent,https://docs.google.com/spreadsheets/d/1-0VoGr6iIfXVV0l8SqaHo0p-ZCELZEMJiFpvK7R1zmQ/edit,7/15/2026,
Asia,Cambodia,Horizons ,David,Backup Vendor,Local EOR ,,,,,,,USD 199,N/A,1 month,N/A,N/A,,HRZ,Uses Vendor,Established Contact,echo.li@joinhorizons.com,Echo Li,"5 June, 2026",Reminder Sent,https://docs.google.com/spreadsheets/d/10bk8I5ARIdOhETpt_8e5lTYq61dqCD5HM9903xPywTM/edit,7/15/2026,
Asia,Cambodia,Horizons ,David,Backup Vendor,Expat EOR,,,,,,,USD 449,N/A,1 month,N/A,"for expatriates, VAT may apply depending on the local regulations.",,HRZ,Uses Vendor,Established Contact,echo.li@joinhorizons.com,Echo Li,"5 June, 2026",Reminder Sent,https://docs.google.com/spreadsheets/d/10bk8I5ARIdOhETpt_8e5lTYq61dqCD5HM9903xPywTM/edit,7/15/2026,
Asia,Cambodia,Acclime,Jasmine,Preferred Vendor,Local EOR ,"(Gross salary * 12%) + (USD 150 - 250) - for salary lower than USD 1,666","USD 650 the first time, and then USD 200 for every new onboarding",2 month,"Resignation - USD 100
Termination - USD 200",10% VAT applied to the entire invoice,,12% min USD 200,"USD 500 the first time, and then USD 40 for every new employee onboarded",2 month,"Resignation - USD 40
Termination - USD 100",10% VAT applied to the entire invoice,,MYW,Direct Entity,,h.lin@acclime.com,Hsu Yee Lin,"31 May, 2031",Active,https://docs.google.com/spreadsheets/d/1z2rSXIAdaKgzg0WWxydWxcvZDMuD0uNooToa8rMW4-A/edit,6/4/2026,
Asia,Cambodia,Acclime,Jasmine,Preferred Vendor,Expat EOR,"(Gross salary * 15%) + (USD 150 - 250), minimum USD 750 - for salary lower than USD 4,333","USD 650 the first time, and then USD 200 for every new onboarding",2 month,"Resignation - USD 100
Termination - USD 200",10% VAT applied to the entire invoice,,15% min USD 650,"USD 500 the first time, and then USD 40 for every new employee onboarded",2 month,"Resignation - USD 40
Termination - USD 100",10% VAT applied to the entire invoice,,MYW,Direct Entity,,h.lin@acclime.com,Hsu Yee Lin,"31 May, 2031",Active,https://docs.google.com/spreadsheets/d/1z2rSXIAdaKgzg0WWxydWxcvZDMuD0uNooToa8rMW4-A/edit,6/4/2026,
Africa,Cameroon,Workforce Africa,David,Backup Vendor,Local EOR ,,,,,,,USD 450,USD 200,N/A,USD 200,19.25% on total invoice,"• Pricing valid until December 31st, 2034",WFA,Uses Vendor,Signed MSA,justina.gabriel@workforcegroup.com,Justina Gabriel,"5 June, 2026",Reminder Sent,https://docs.google.com/spreadsheets/d/13pdolFV6P_EBVi5xsPKvdXzW76jB60buVkpZYMEoxJk/edit,7/15/2026,
Africa,Cameroon,Workforce Africa,David,Backup Vendor,Expat EOR,,,,,,,USD 500,USD 200,N/A,USD 200,19.25% on total invoice,"• Pricing valid until December 31st, 2035",WFA,Uses Vendor,Signed MSA,justina.gabriel@workforcegroup.com,Justina Gabriel,"5 June, 2026",Reminder Sent,https://docs.google.com/spreadsheets/d/13pdolFV6P_EBVi5xsPKvdXzW76jB60buVkpZYMEoxJk/edit,7/15/2026,
Africa,Cameroon,Horizons ,David,Backup Vendor,Local EOR ,,,,,,,USD 399,N/A,1 month,N/A,N/A,,HRZ,Uses Vendor,Established Contact,echo.li@joinhorizons.com,Echo Li,"5 June, 2026",Reminder Sent,https://docs.google.com/spreadsheets/d/10bk8I5ARIdOhETpt_8e5lTYq61dqCD5HM9903xPywTM/edit,7/15/2026,
Africa,Cameroon,Workpay ,David,Preferred Vendor,Local EOR ,USD 470 - 570,USD 0 - equivalent of service fee,1 month salary,N/A,TBC,,USD 320,N/A,1 month Salary ,N/A,,,WKP,Direct Entity,Established Contact," fn@myworkpay.com,
 zn@myworkpay.com","Frances Nzekwue, Ziphozihle Ntlakaza","5 June, 2026",Reminder Sent,https://docs.google.com/spreadsheets/d/1w0jqjlb9vUL_Lb7NHP45wKJcnWeX_D_--e6xf_W6ypc/edit,7/15/2026,Tier 2
Africa,Cameroon,Workpay ,David,Preferred Vendor,Expat EOR,USD 470 - 570,USD 0 - equivalent of service fee,1 month salary,N/A,TBC,,USD 320,N/A,1 month Salary ,N/A,,,WKP,Direct Entity,Established Contact," fn@myworkpay.com,
 zn@myworkpay.com","Frances Nzekwue, Ziphozihle Ntlakaza","5 June, 2026",Reminder Sent,https://docs.google.com/spreadsheets/d/1w0jqjlb9vUL_Lb7NHP45wKJcnWeX_D_--e6xf_W6ypc/edit,7/15/2026,Tier 2
Africa,Cameroon,Remote Solutions Africa ,David,Backup Vendor,Local EOR ,"USD 420 - 520
Reimbursement Fee: 5% of amount",USD 0 - 400,1 month,N/A,7.5 % of the service fee,,USD 250,N/A,N/A,N/A,7.5 % of the service fee,We don't charge deposit as long as we receive the invoice payment on the 20th of each month//Reimbursement Fee: 4% of the total reimbursement //  20 USD bank transfer fee,RSA,Uses Vendor,Established Contact,moses.a@remotesolutionsafrica.com,Moses,"5 June, 2026",Reminder Sent,https://docs.google.com/spreadsheets/d/1-0VoGr6iIfXVV0l8SqaHo0p-ZCELZEMJiFpvK7R1zmQ/edit,7/15/2026,
Africa,Cameroon,Remote Solutions Africa ,David,Backup Vendor,Expat EOR,"USD 470 - 570
Reimbursement Fee: 5% of amount",USD 0 - 400,1 month,N/A,7.5 % of the service fee,,USD 300,N/A,N/A,N/A,7.5 % of the service fee,We don't charge deposit as long as we receive the invoice payment on the 20th of each month//Reimbursement Fee: 4% of the total reimbursement //  20 USD bank transfer fee,RSA,Uses Vendor,Established Contact,moses.a@remotesolutionsafrica.com,Moses,"5 June, 2026",Reminder Sent,https://docs.google.com/spreadsheets/d/1-0VoGr6iIfXVV0l8SqaHo0p-ZCELZEMJiFpvK7R1zmQ/edit,7/15/2026,
North America,Canada,Bradford Jacobs,Jasmine,,Local EOR ,,,,,,,EUR 500,EUR 500,1 month,N/A,,"• Use TopSource as vendor, but pricing is partner pricing, so will get lower quotation than from TopSource directly",BFJ,Uses Vendor,,k.nolan@bradfordjacobs.com,Kelly Nolan,"5 June, 2026",Reminder Sent,https://docs.google.com/spreadsheets/d/1qcQBw7034L9B0NSXOC38XkMU1wg2eROqWYyMtiobk-M/edit,7/15/2026,
North America,Canada,the Payroll Edge,Jasmine,Backup Vendor,Local EOR ,,,,,,,5%,N/A,N/A,N/A,N/A,12/22/2025,TPE,Direct Entity,Active,marina.hsu@people20.com,Marina Hsu,,Inactive,,,Tier 0
North America,Canada,Procorre,David,,Expat EOR,,,,,,,USD 850,N/A,1 month TEC,N/A,,,,Direct Entity,,Georgia.Sharman@procorre.com,Georgia Sharman,"5 June, 2026",Inactive,https://docs.google.com/spreadsheets/d/1zPr8_qJhWl2S6p-wLtJteJt0-Z5Glqmi9mWlJ2w2pBY/edit,"June 10, 2026",Tier 0
North America,Canada,Syndesus,David,,Expat EOR,,,,,,,USD 600 (originally USD 750),N/A,,N/A,,,SYN,Direct Entity,,angie@syndesus.com,Angie Bunn,"5 June, 2026",Reminder Sent,https://docs.google.com/spreadsheets/d/1INU2PqHFQQ2VgLBerVSccxhoBL77coGX1pVPomYn8IY/edit,"July 15, 2026",
North America,Canada,Rivermate,David,,Local EOR ,,,,,,,USD 800,USD 600,1 month,N/A,,2.5% FX charge on Total Invoice ,SER,Direct Entity,,karina.guevara@serviapgroup.com,Karina Guevara,"31 December, 2026",Pricing in Contract,,,
North America,Canada,Native Teams,Jasmine,Poor Quality Vendor,Local EOR ,,,,,,,"• EUR 79 up to €1,500 processed per month
• EUR 129 up to €5,500 processed per month
• EUR 219 over €5,500 processed per month",N/A,N/A,N/A,N/A,,NTV,Direct Entity,Signed MSA,deren@nteams.com,Deren Kankurt,"31 December, 2026",Pricing in Contract,,,Tier 2
North America,Canada,Horizons ,David,Backup Vendor,Local EOR ,,,,,,,USD 399,N/A,1 month,N/A,N/A,,HRZ,Uses Vendor,Established Contact,echo.li@joinhorizons.com,Echo Li,"5 June, 2026",Reminder Sent,https://docs.google.com/spreadsheets/d/10bk8I5ARIdOhETpt_8e5lTYq61dqCD5HM9903xPywTM/edit,"July 15, 2026",
North America,Canada,Tarmack,David,,Local EOR ,,,,,,,"• USD 199 (1 to 5) 
• USD 179 (6 to 10) 
• USD 159 (11+)",TBC,TBC,TBC,TBC,,5/19/2026,,,"manish.j@tarmack.com,
ashish.sidhu@tarmack.com",Manish Jajodia,"4 June, 2027",Active,https://docs.google.com/spreadsheets/d/1XNZNgANvT6LbL8gQ2Lle69EDiIqrEXD1dDB_M3qf-bQ/edit,"June 10, 2026",
North America,Canada,Third Sail,David,Preferred Vendor,Local EOR ,USD 550 - 650,USD 500 - 650,1 month TEC,N/A,N/A,,USD 400,USD 500 for engagements under 6 months,1 month TEC,N/A,N/A,,THR,Direct Entity,,julien@thirdsail.com,Julien Roger ,"30 December, 2026",Active,https://docs.google.com/spreadsheets/d/16tO_ZU5BRueqQ7WZOjtarJXCelHrfqctFKd7adH0l18/edit,6/4/2026,
North America,Canada,Third Sail,David,Preferred Vendor,Expat EOR,USD 650 - 750,USD 500 - 750,1 month TEC,N/A,N/A,,USD 400,USD 500 for engagements under 6 months,1 month TEC,N/A,N/A,,THR,Direct Entity,,julien@thirdsail.com,Julien Roger ,"30 December, 2026",Active,https://docs.google.com/spreadsheets/d/16tO_ZU5BRueqQ7WZOjtarJXCelHrfqctFKd7adH0l18/edit,6/4/2026,
North America,Canada,Enterprise Workforce Solutions,David,Backup Vendor,Local EOR ,,,,,,,USD 400,N/A,N/A,N/A,,,"
EWS",Direct Entity,Established Contact,omar@ews-limited.com,Omar Hassan ,"5 June, 2026",Reminder Sent,https://docs.google.com/spreadsheets/d/18SBM1yJ907dNTN114MJrnoU4yBfBiKkT3I8HzL4dldo/edit,"July 15, 2026",
North America,Canada,Enterprise Workforce Solutions,David,Backup Vendor,Expat EOR,,,,,,,USD 400,N/A,N/A,N/A,,,"
EWS",Direct Entity,Established Contact,omar@ews-limited.com,Omar Hassan ,"5 June, 2026",Reminder Sent,https://docs.google.com/spreadsheets/d/18SBM1yJ907dNTN114MJrnoU4yBfBiKkT3I8HzL4dldo/edit,"July 15, 2026",
North America,Canada,Pivotal,David,Backup Vendor,Local EOR ,,,,,,,8%,,,N/A,$0,12/22/2025,,Direct Entity,,BSethuraman@pivotalsolutions.com,Badri Sethuraman,"5 June, 2026",Reminder Sent,https://docs.google.com/spreadsheets/d/1cNVmOsYNNDGnIOEq3RvqUH6yXp5NxkfQk5AiyGAgIms/edit,"July 15, 2026",
North America,Canada,Remote,David,Backup Vendor,Local EOR ,,,,,,,USD 300,N/A,N/A,Involuntary Termination: USD 350,N/A,,RMT,Direct Entity,Signed MSA,"jasmine.chang@remote.com ,aisha.saeed@remote.com, ena.hazrolaj@remote.com","Jasmine Chang (Customer Success Manager), Aisha Saeed, Ena Hazrolaj  (Account Manager)","31 December, 2026",Pricing in Contract,,,
North America,Canada,Procloz,David,Backup Vendor,Local EOR ,,,,,,,USD 350,N/A,1 month,N/A,N/A,• Uses a third party platform to manage leaves,PRO,Direct Entity,Signed MSA,"sbudhraja@procloz.com, dtaneja@procloz.com, nsharma@procloz.com, awasal@procloz.com","Shreya Budhraja 
Damanpreet Singh Taneja 
Niraj Kumar Sharma 
Amandeep Singh Wasal ","5 June, 2026",Active,https://docs.google.com/spreadsheets/d/1pN7P6qmfF-FIAycPc_mCWE2ivBba3CWGXVLQWMkTEmE/edit,6/4/2026,
North America,Canada,Procloz,David,Backup Vendor,Expat EOR,,,,,,,USD 550,USD 500,1 month,N/A,N/A,• Uses a third party platform to manage leaves,PRO,Direct Entity,Signed MSA,"sbudhraja@procloz.com, dtaneja@procloz.com, nsharma@procloz.com, awasal@procloz.com","Shreya Budhraja 
Damanpreet Singh Taneja 
Niraj Kumar Sharma 
Amandeep Singh Wasal ","5 June, 2026",Active,https://docs.google.com/spreadsheets/d/1pN7P6qmfF-FIAycPc_mCWE2ivBba3CWGXVLQWMkTEmE/edit,6/4/2026,
Africa,Central African Republic,Workforce Africa,David,Preferred Vendor,Local EOR ,USD 700 - 800,USD 350 - equivalent of service fee,1 month salary,USD 350,TBC,,USD 550,USD 200,N/A,USD 200,TBC,"• Pricing valid until December 31st, 2025",WFA,Uses Vendor,Signed MSA,justina.gabriel@workforcegroup.com,Justina Gabriel,"5 June, 2026",Reminder Sent,https://docs.google.com/spreadsheets/d/13pdolFV6P_EBVi5xsPKvdXzW76jB60buVkpZYMEoxJk/edit,7/15/2026,
Africa,Central African Republic,Workforce Africa,David,Preferred Vendor,Expat EOR,USD 800 - 900,USD 350 - equivalent of service fee,1 month salary,USD 350,TBC,,USD 650,USD 200,N/A,USD 200,TBC,"• Pricing valid until December 31st, 2025",WFA,Uses Vendor,Signed MSA,justina.gabriel@workforcegroup.com,Justina Gabriel,"5 June, 2026",Reminder Sent,https://docs.google.com/spreadsheets/d/13pdolFV6P_EBVi5xsPKvdXzW76jB60buVkpZYMEoxJk/edit,7/15/2026,
Africa,Chad,Africa HR Solutions,David,Preferred Vendor,Local EOR ,USD 600 - 700,USD 390 - 540,1 month,N/A,N/A,,USD 450,USD 390,1 month,N/A,N/A,,AHR,Unknown,Signed MSA,ggeraghty@africa-hr.com,Grant Geraghty,"5 June, 2026",Active,https://docs.google.com/spreadsheets/d/16l8VyrJGEBOUb3_o77qAv4YEy0q7AgTQuRDgskl7-3Y/edit,6/17/2026,
Africa,Chad,Employ Africa Group,David,,Local EOR ,,,,,,,USD 600,N/A,2 months,N/A,18% on total invoice,• Offers in-house recruitment service in all of their entities,EAG,Direct Entity,,janine@employ-africa.com,Janine Shortt,"5 June, 2026",Reminder Sent,https://docs.google.com/spreadsheets/d/1Z7MO5hB6JgipuF2kMmiD6wjXSUefToPnO34cHZd3bxM/edit,7/15/2026,
Latin America,Chile,Bradford Jacobs,Jasmine,,Local EOR ,,,,,,,EUR 500,EUR 500,1 month,N/A,,"• Use TopSource as vendor, but pricing is partner pricing, so will get lower quotation than from TopSource directly",BFJ,Uses Vendor,,k.nolan@bradfordjacobs.com,Kelly Nolan,"5 June, 2026",Reminder Sent,https://docs.google.com/spreadsheets/d/1qcQBw7034L9B0NSXOC38XkMU1wg2eROqWYyMtiobk-M/edit,7/15/2026,
Latin America,Chile,Ontop,David,Preferred Vendor,Local EOR ,USD 450 - 550,USD 0 - 450,1 month,N/A,N/A,,USD 300,,,N/A,,,,Direct Entity,,"schacon@getontop.com,
skhangan@getontop.com","Santiago Chacón, Shounak Khangan ","5 June, 2026",Inactive,https://docs.google.com/spreadsheets/d/1gtNRUMOIyoq48djDg6Sp25m_25FrM_kC0EYbTPtU0cg/edit,6/17/2026,Tier 0
Latin America,Chile,Enlace Persona,David,,Local EOR ,,,,,,,USD 450,USD 50,1 month Tec,N/A,19% on service fee and payroll,,,Direct Entity,,"msaldes@enlacepersonas.cl, pvalenzuela@enlacepersonas.cl","Mariana,
Paulina ","29 June, 2027",Active,https://docs.google.com/spreadsheets/d/1UfTP_VCcJPzK9shb-PqYzGsJJV-oGH0Gvmj9bejqMhg/edit,"July 1, 2026",
Latin America,Chile,Enlace Persona,David,Preferred Vendor,Expat EOR,"Salary lower than USD 850: USD 500 - 600
Salary USD 851 - 1,500: USD 580 - 680
Salary 5,000+: USD 680 - 780
Bank Fee: USD 85 / invoice",USD 450 - 550,1 month,N/A,"VAT: 16% on total invoice
IGTF: 3% on total invoice",,USD 450,USD 50,1 month Tec,N/A,19% on service fee and payroll,Bi-weekly payment is possible,,Direct Entity,Signed MSA,"msaldes@enlacepersonas.cl, pvalenzuela@enlacepersonas.cl","Mariana,
Paulina ","29 June, 2027",Active,https://docs.google.com/spreadsheets/d/1Hfh8owhyByJDd1SgekqltEc28d-fqYQBKrW9-h8co_w/edit,"June 10, 2026",
Latin America,Chile,Rivermate,David,,Local EOR ,,,,,,,"USD 250 

10% Service Fee on
• Insurance
• Expense Reimbursement

Out-of-cycle fee: USD 100",USD 200,3 months ,N/A, 0.25% subject to total invoice fee,"Bank Fee per Invoice: USD 69
Exchange rate 2.5% on total invoice",SER,Direct Entity,,bassem.benhassine@hightekers.com	,Bassem Ben Hassine ,"5 June, 2026",Reminder Sent,https://docs.google.com/spreadsheets/d/1Hfh8owhyByJDd1SgekqltEc28d-fqYQBKrW9-h8co_w/edit,"July 15, 2026",
Latin America,Chile,Rivermate,David,,Expat EOR,,,,,,,"USD 550

10% Service Fee on
• Insurance
• Expense Reimbursement

Out-of-cycle fee: USD 100",USD 300,3 months,N/A,0.25% subject to total invoice fee,"Bank Fee per Invoice: USD 69
Exchange rate 2.5% on total invoice",SER,Direct Entity,,bassem.benhassine@hightekers.com	,Bassem Ben Hassine ,"5 June, 2026",Reminder Sent,https://docs.google.com/spreadsheets/d/1Hfh8owhyByJDd1SgekqltEc28d-fqYQBKrW9-h8co_w/edit,"July 15, 2026",
Latin America,Chile,Enterprise Workforce Solutions,David,Backup Vendor,Local EOR ,,,,,,,USD 375,N/A,N/A,N/A,,,"
EWS",Direct Entity,Established Contact,omar@ews-limited.com,Omar Hassan ,"5 June, 2026",Reminder Sent,https://docs.google.com/spreadsheets/d/18SBM1yJ907dNTN114MJrnoU4yBfBiKkT3I8HzL4dldo/edit,"July 15, 2026",
Latin America,Chile,Enterprise Workforce Solutions,David,Backup Vendor,Expat EOR,,,,,,,USD 450,N/A,N/A,N/A,,,"
EWS",Direct Entity,Established Contact,omar@ews-limited.com,Omar Hassan ,"5 June, 2026",Reminder Sent,https://docs.google.com/spreadsheets/d/18SBM1yJ907dNTN114MJrnoU4yBfBiKkT3I8HzL4dldo/edit,"July 15, 2026",
Latin America,Chile,Remote,David,Preferred Vendor,Local EOR ,USD 450 - 550,USD 0 - 250,1 month,"Involuntary Termination: USD 500 (termination initiated by client, not by resignation or natural contract expiration)",N/A,"• USD 200 right-to-work check mandatory for all expats (even self-sponsored)
• USD 500 immigration assessment fee for visa sponsorship feasibility check",USD 300,N/A,N/A,Involuntary Termination: USD 350,N/A,"• USD 120 right-to-work check mandatory for all expats (even self-sponsored)
• USD 400 immigration assessment fee for visa sponsorship feasibility check",RMT,Direct Entity,Signed MSA,"jasmine.chang@remote.com ,aisha.saeed@remote.com, ena.hazrolaj@remote.com","Jasmine Chang (Customer Success Manager), Aisha Saeed, Ena Hazrolaj  (Account Manager)","31 December, 2026",Pricing in Contract,,,
Latin America,Chile,Horizons ,David,Backup Vendor,Local EOR ,,,,,,,USD 299,N/A,1 month,N/A,10% on expense reimbursement,,HRZ,Uses Vendor,Established Contact,echo.li@joinhorizons.com,Echo Li,"5 June, 2026",Reminder Sent,https://docs.google.com/spreadsheets/d/10bk8I5ARIdOhETpt_8e5lTYq61dqCD5HM9903xPywTM/edit,"July 15, 2026",
Latin America,Chile,Biz Latin Hub,David,Inactive,Local EOR ,,,,,,,USD $750 or 13% of total monthly employee cost (whichever is greater) per Employee,USD 120,3 x monthly total employee cost        ,USD 120,19% on total invoice,,,Direct Entity,Terminated,craig@bizlatinhub.com,Craig Dempsey,"5 June, 2026",Inactive,https://docs.google.com/spreadsheets/d/1fnqBZQEM3l1NN2d2Q4gYZmoROuNuXW8dau4BnptpfRc/edit,"June 10, 2026",Tier 0
Latin America,Chile,López & James,David,,PEO,,,,,,,8%,- Employment contract & social security affiliations: 500 USD per employee,2 months gross salary ,N/A,$0,,,Uses Vendor,,lmarquez@lopezjames.com,Laura Márquez,"5 June, 2026",Reminder Sent,https://docs.google.com/spreadsheets/d/1W0gu9xPlPGcaiHU4MFMQd3PIphKpsTU4vd0TdD6Ec_0/edit,"July 15, 2026",
Asia,China,Lethic Talent,Jasmine,Preferred Vendor,Expat EOR,"CNY 3,100",USD 0 - 450,1 month,"If project terminated after initiating visa application process (even before submitting visa), partner will charge the full amount of visa service fee + 50% of EOR service fee",6.7687%,,"CNY 2,000",N/A,1 month deposit,"If project terminated after initiating visa application process (even before submitting visa), partner will charge the full amount of visa service fee + 50% of EOR service fee",6.7687%,,,Direct Entity,,wing_li@talent-spot.com.cn,Wing Li,,Inactive,,,Tier 0
Asia,China,Remote,David,Backup Vendor,Local EOR ,,,,,,,USD 300,N/A,N/A,Involuntary Termination: USD 350,N/A,12/22/2025,RMT,Direct Entity,Signed MSA,"jasmine.chang@remote.com ,aisha.saeed@remote.com, ena.hazrolaj@remote.com","Jasmine Chang (Customer Success Manager), Aisha Saeed, Ena Hazrolaj  (Account Manager)","31 December, 2026",Pricing in Contract,,,
Asia,China,Horizons,David,Backup Vendor,Local EOR ,,,,,,,USD 199,N/A,1 month,N/A,N/A,,HRZ,Direct Entity,Established Contact,echo.li@joinhorizons.com,Echo Li,"5 June, 2026",Reminder Sent,https://docs.google.com/spreadsheets/d/10bk8I5ARIdOhETpt_8e5lTYq61dqCD5HM9903xPywTM/edit,"July 15, 2026",
Asia,China,Horizons,David,Backup Vendor,Expat EOR,,,,,,,USD 399,N/A,1 month,N/A,"for expatriates, VAT may apply depending on the local regulations.",,HRZ,Direct Entity,Established Contact,echo.li@joinhorizons.com,Echo Li,"5 June, 2026",Reminder Sent,https://docs.google.com/spreadsheets/d/10bk8I5ARIdOhETpt_8e5lTYq61dqCD5HM9903xPywTM/edit,"July 15, 2026",
Asia,China,Rivermate,David,,Local EOR ,,,,,,,USD 350,Waived,1 month,Waived for placements over 6 months or 1 month service fee under 6 months,6.77% on total invoice,,,Direct Entity,Signed MSA,tim.denney@eosglobalexpansion.com,Tim Denney,"31 December, 2026",Active,,,Tier 2
Asia,China,Rivermate,David,,Expat EOR,,,,,,,"13% of TEC, min USD 750",USD 500,1 month,Waived for placements over 6 months or 1 month service fee under 6 months,6.77% on total invoice,,,Direct Entity,Signed MSA,tim.denney@eosglobalexpansion.com,Tim Denney,"31 December, 2026",Active,,,Tier 2
Latin America,Colombia,Bradford Jacobs,Jasmine,,Local EOR ,,,,,,,EUR 500,EUR 500,1 month,N/A,,"• Use TopSource as vendor, but pricing is partner pricing, so will get lower quotation than from TopSource directly",BFJ,Uses Vendor,,k.nolan@bradfordjacobs.com,Kelly Nolan,"5 June, 2026",Reminder Sent,https://docs.google.com/spreadsheets/d/1qcQBw7034L9B0NSXOC38XkMU1wg2eROqWYyMtiobk-M/edit,7/15/2026,
Latin America,Colombia,Ongresso,David,Backup Vendor,Local EOR ,,,,,,,USD 750,N/A,,N/A,,12/22/2025,,Direct Entity,Terminated,joe@ongresso.com,Joe Novitzki,"5 June, 2026",Inactive,https://docs.google.com/spreadsheets/d/1vLqWGlW9taglBJm2irX2FfYoofHVEO1nvbHGKW80Hjs/edit,"June 10, 2026",Tier 0
Latin America,Colombia,Rivermate,David,,Local EOR ,,,,,,,"USD 250 

10% Service Fee on
• Insurance
• Expense Reimbursement

Out-of-cycle fee: USD 100",USD 100,1 month,N/A,,Bank Fee per Invoice: USD 69. 2.5% FX charge on Total Invoice ,SER,Direct Entity,,bassem.benhassine@hightekers.com	,Bassem Ben Hassine ,"5 June, 2026",Reminder Sent,https://docs.google.com/spreadsheets/d/1Hfh8owhyByJDd1SgekqltEc28d-fqYQBKrW9-h8co_w/edit,"July 15, 2026",
Latin America,Colombia,Rivermate,David,,Expat EOR,,,,,,,"USD 550

10% Service Fee on
• Insurance
• Expense Reimbursement

Out-of-cycle fee: USD 100",USD 300,1 month,N/A,,Bank Fee per Invoice: USD 69. 2.5% FX charge on Total Invoice ,SER,Direct Entity,,bassem.benhassine@hightekers.com	,Bassem Ben Hassine ,"5 June, 2026",Reminder Sent,https://docs.google.com/spreadsheets/d/1Hfh8owhyByJDd1SgekqltEc28d-fqYQBKrW9-h8co_w/edit,"July 15, 2026",
Latin America,Colombia,Enterprise Workforce Solutions,David,Preferred Vendor,Local EOR ,USD 525 - 625,USD 0 - 250 ,1 month,N/A,N/A,,USD 375,N/A,N/A,N/A,,,"
EWS",Direct Entity,Established Contact,omar@ews-limited.com,Omar Hassan ,"5 June, 2026",Reminder Sent,https://docs.google.com/spreadsheets/d/18SBM1yJ907dNTN114MJrnoU4yBfBiKkT3I8HzL4dldo/edit,7/15/2026,
Latin America,Colombia,Enterprise Workforce Solutions,David,Preferred Vendor,Expat EOR,USD 600 - 700,USD 0 - 500 ,1 month,N/A,N/A,,USD 450,N/A,N/A,N/A,,,"
EWS",Direct Entity,Established Contact,omar@ews-limited.com,Omar Hassan ,"5 June, 2026",Reminder Sent,https://docs.google.com/spreadsheets/d/18SBM1yJ907dNTN114MJrnoU4yBfBiKkT3I8HzL4dldo/edit,7/15/2026,
Latin America,Colombia,Horizons ,David,Backup Vendor,Local EOR ,,,,,,,USD 299,N/A,1 month,N/A,N/A,,HRZ,Uses Vendor,Established Contact,echo.li@joinhorizons.com,Echo Li,"5 June, 2026",Reminder Sent,https://docs.google.com/spreadsheets/d/10bk8I5ARIdOhETpt_8e5lTYq61dqCD5HM9903xPywTM/edit,"July 15, 2026",
Latin America,Colombia,Horizons ,David,Backup Vendor,Expat EOR,,,,,,,USD 399,N/A,1 month,N/A,"for expatriates, VAT may apply depending on the local regulations.",,HRZ,Uses Vendor,Established Contact,echo.li@joinhorizons.com,Echo Li,"5 June, 2026",Reminder Sent,https://docs.google.com/spreadsheets/d/10bk8I5ARIdOhETpt_8e5lTYq61dqCD5HM9903xPywTM/edit,"July 15, 2026",
Latin America,Colombia,Remote,David,Preferred Vendor,Local EOR ,USD 450 - 550,USD 0 - 250,1 month,"Involuntary Termination: USD 500 (termination initiated by client, not by resignation or natural contract expiration)",N/A,"• USD 200 right-to-work check mandatory for all expats (even self-sponsored)
• USD 500 immigration assessment fee for visa sponsorship feasibility check",USD 300,N/A,N/A,Involuntary Termination: USD 350,N/A,"• USD 120 right-to-work check mandatory for all expats (even self-sponsored)
• USD 400 immigration assessment fee for visa sponsorship feasibility check",RMT,Direct Entity,Signed MSA,"jasmine.chang@remote.com ,aisha.saeed@remote.com, ena.hazrolaj@remote.com","Jasmine Chang (Customer Success Manager), Aisha Saeed, Ena Hazrolaj  (Account Manager)","31 December, 2026",Pricing in Contract,,,
Latin America,Colombia,Biz Latin Hub,David,Inactive,Local EOR ,,,,,,,USD $750 or 13% of total monthly employee cost (whichever is greater) per Employee,USD 120,1.5 x monthly total employee cost        ,USD 120,19% on service fee,,,Direct Entity,Terminated,craig@bizlatinhub.com,Craig Dempsey,"5 June, 2026",Inactive,https://docs.google.com/spreadsheets/d/1fnqBZQEM3l1NN2d2Q4gYZmoROuNuXW8dau4BnptpfRc/edit,"June 10, 2026",Tier 0
Latin America,Colombia,López & James,David,,PEO,,,,,,,8%,- Employment contract & social security affiliations: 500 USD per employee,2 months gross salary,N/A,$0,,,Direct Entity,,lmarquez@lopezjames.com,Laura Márquez,"5 June, 2026",Reminder Sent,https://docs.google.com/spreadsheets/d/1W0gu9xPlPGcaiHU4MFMQd3PIphKpsTU4vd0TdD6Ec_0/edit,"July 15, 2026",
Latin America,Colombia,Roots,David,Backup Vendor,Local EOR,,,,,,,"• 1 pax: USD 450/pax
• 2-5 pax: USD 400/pax
• 6 or more: USD 350/pax",N/A,1 month,N/A,N/A,,,Direct Entity,Established Contact,horacio@rootseor.com,Horacio Represas,"5 June, 2026",Active,https://docs.google.com/spreadsheets/d/18MUec3UsUX-IW8iusItaN4QxHtLexbNeYHFI1AvVdxo/edit,6/4/2026,
Latin America,Costa Rica,Bradford Jacobs,Jasmine,Preferred Vendor,Local EOR ,EUR 650 - 750,EUR 650 - 750,1 month,N/A,N/A,"• Use TopSource as vendor, but pricing is partner pricing, so will get lower quotation than from TopSource directly",EUR 500,EUR 500,1 month,N/A,,"• Use TopSource as vendor, but pricing is partner pricing, so will get lower quotation than from TopSource directly",BFJ,Uses Vendor,,k.nolan@bradfordjacobs.com,Kelly Nolan,"5 June, 2026",Reminder Sent,https://docs.google.com/spreadsheets/d/1qcQBw7034L9B0NSXOC38XkMU1wg2eROqWYyMtiobk-M/edit,7/15/2026,
Latin America,Costa Rica,Rivermate,David,,Local EOR ,,,,,,,"USD 250 

10% Service Fee on
• Insurance
• Expense Reimbursement

Out-of-cycle fee: USD 100",USD 100,1 month,N/A,,Bank Fee per Invoice: USD 69. 2.5% FX charge on Total Invoice ,SER,Direct Entity,,bassem.benhassine@hightekers.com	,Bassem Ben Hassine ,"5 June, 2026",Reminder Sent,https://docs.google.com/spreadsheets/d/1Hfh8owhyByJDd1SgekqltEc28d-fqYQBKrW9-h8co_w/edit,"July 15, 2026",
Latin America,Costa Rica,Rivermate,David,Preferred Vendor,Expat EOR,"USD 700 - 800

12% Service Fee on
• Insurance
• Expense Reimbursement

Out-of-cycle fee: USD 150",USD 450 - 550,1 month,N/A,TBC,,"USD 550

10% Service Fee on
• Insurance
• Expense Reimbursement

Out-of-cycle fee: USD 100",USD 300,1 month,N/A,,,SER,Direct Entity,,bassem.benhassine@hightekers.com	,Bassem Ben Hassine ,"5 June, 2026",Reminder Sent,https://docs.google.com/spreadsheets/d/1Hfh8owhyByJDd1SgekqltEc28d-fqYQBKrW9-h8co_w/edit,7/15/2026,
Latin America,Costa Rica,Horizons ,David,Backup Vendor,Local EOR ,,,,,,,USD 299,N/A,1 month,N/A,N/A,,HRZ,Uses Vendor,Established Contact,echo.li@joinhorizons.com,Echo Li,"5 June, 2026",Reminder Sent,https://docs.google.com/spreadsheets/d/10bk8I5ARIdOhETpt_8e5lTYq61dqCD5HM9903xPywTM/edit,"July 15, 2026",
Latin America,Costa Rica,Remote,David,Preferred Vendor,Local EOR ,USD 450 - 550,USD 0 - 250,1 month,"Involuntary Termination: USD 500 (termination initiated by client, not by resignation or natural contract expiration)",N/A,"• USD 200 right-to-work check mandatory for all expats (even self-sponsored)
• USD 500 immigration assessment fee for visa sponsorship feasibility check",USD 300,N/A,N/A,Involuntary Termination: USD 350,N/A,"• USD 120 right-to-work check mandatory for all expats (even self-sponsored)
• USD 400 immigration assessment fee for visa sponsorship feasibility check",RMT,Direct Entity,Signed MSA,"jasmine.chang@remote.com ,aisha.saeed@remote.com, ena.hazrolaj@remote.com","Jasmine Chang (Customer Success Manager), Aisha Saeed, Ena Hazrolaj  (Account Manager)","31 December, 2026",Pricing in Contract,,,
Latin America,Costa Rica,Biz Latin Hub,David,Inactive,Local EOR ,,,,,,,USD $750 or 13% of total monthly employee cost (whichever is greater) per Employee,USD 120,2 x monthly total employee cost	,USD 120,18% on service fee only,,,Direct Entity,Terminated,craig@bizlatinhub.com,Craig Dempsey,"5 June, 2026",Inactive,https://docs.google.com/spreadsheets/d/1fnqBZQEM3l1NN2d2Q4gYZmoROuNuXW8dau4BnptpfRc/edit,"June 10, 2026",Tier 0
Europe,Croatia,Profesio,David,Preferred Vendor,Local EOR ,USD 350 - 450,N/A,1 month,N/A,N/A,,10% on TEC min USD 200,N/A,1 month,N/A,N/A,,,Direct Entity,,Vanja.horvat@profesio.hr,Vanja Horvat Profesio,"30 December, 2026",Active,https://docs.google.com/spreadsheets/d/1QH5muRwW0BQtEA_Aev_YTuIXCukURZMeDNiHeQcnHjU/edit,6/17/2026,
Europe,Croatia,Remote,David,Preferred Vendor,Local EOR ,USD 450 - 550,USD 0 - 250,1 month,"Involuntary Termination: USD 500 (termination initiated by client, not by resignation or natural contract expiration)",N/A,"• USD 200 right-to-work check mandatory for all expats (even self-sponsored)
• USD 500 immigration assessment fee for visa sponsorship feasibility check",USD 300,N/A,N/A,Involuntary Termination: USD 350,N/A,"• USD 120 right-to-work check mandatory for all expats (even self-sponsored)
• USD 400 immigration assessment fee for visa sponsorship feasibility check",RMT,Direct Entity,Signed MSA,"jasmine.chang@remote.com ,aisha.saeed@remote.com, ena.hazrolaj@remote.com","Jasmine Chang (Customer Success Manager), Aisha Saeed, Ena Hazrolaj  (Account Manager)","31 December, 2026",Pricing in Contract,,,
Europe,Croatia,Horizons,David,Backup Vendor,Local EOR ,,,,,,,USD 399,N/A,1 month,N/A,N/A,,HRZ,Uses Vendor,Established Contact,echo.li@joinhorizons.com,Echo Li,"5 June, 2026",Reminder Sent,https://docs.google.com/spreadsheets/d/10bk8I5ARIdOhETpt_8e5lTYq61dqCD5HM9903xPywTM/edit,"July 15, 2026",
Europe,Croatia,Enterprise Workforce Solutions,David,Backup Vendor,Local EOR ,,,,,,,USD 375,N/A,N/A,N/A,,,"
EWS",Direct Entity,Established Contact,omar@ews-limited.com,Omar Hassan ,"5 June, 2026",Reminder Sent,https://docs.google.com/spreadsheets/d/18SBM1yJ907dNTN114MJrnoU4yBfBiKkT3I8HzL4dldo/edit,"July 15, 2026",
Europe,Croatia,Enterprise Workforce Solutions,David,Preferred Vendor,Expat EOR,USD 600 - 700,USD 0 - 500 ,1 month,N/A,N/A,,USD 450,N/A,N/A,N/A,,,"
EWS",Direct Entity,Established Contact,omar@ews-limited.com,Omar Hassan ,"5 June, 2026",Reminder Sent,https://docs.google.com/spreadsheets/d/18SBM1yJ907dNTN114MJrnoU4yBfBiKkT3I8HzL4dldo/edit,7/15/2026,
Europe,Croatia,Native Teams,Jasmine,Poor Quality Vendor,Local EOR ,,,,,,,"• EUR 79 up to €1,500 processed per month
• EUR 129 up to €5,500 processed per month
• EUR 219 over €5,500 processed per month",N/A,N/A,N/A,N/A,• Provides visa sponsorship,NTV,Direct Entity,Signed MSA,deren@nteams.com,Deren Kankurt,"31 December, 2026",Pricing in Contract,,,Tier 2
Europe,Cyprus,GTA,Jasmine,,Local EOR ,,,,,,,EUR 250,N/A,,N/A,$0,,,Direct Entity,,stelios@infotrendco.com,Stelios Atalianis,"5 June, 2026",Vendor Responded,https://docs.google.com/spreadsheets/d/1e1ZiunZCQpiEB2RblIIovkj7Bi89rTfQSi7dz9gHnjI/edit,"July 8, 2026",
Europe,Cyprus,AMCI,David,Backup Vendor,Local EOR ,,,,,,,EUR 250,EUR 200,N/A,N/A,N/A,,,Direct Entity,,mmelabianaki@amci.gr,Maria Melambianaki,"30 December, 2027",Active,https://docs.google.com/spreadsheets/d/1hGmDExo0-L-zitZ6HwdPJXl4ocBRRq8l3Un6DcaVQmE/edit,"June 4, 2026",
Europe,Cyprus,AMCI,David,Preferred Vendor,Expat EOR,EUR 500 - 600,EUR 200 - 450,1 month,N/A,N/A,,EUR 250,EUR 200,N/A,N/A,N/A,,,Direct Entity,,mmelabianaki@amci.gr,Maria Melambianaki,"30 December, 2027",Active,https://docs.google.com/spreadsheets/d/1hGmDExo0-L-zitZ6HwdPJXl4ocBRRq8l3Un6DcaVQmE/edit,6/4/2026,
Europe,Cyprus,Keys Payroll,David,Preferred Vendor,Local EOR ,EUR 325 - 425,EUR 350 - 450,1 month,N/A,N/A,,EUR 175,EUR 200,,N/A,N/A,,KEY,Direct Entity,,eleni.lazaridou@keysgroupservices.com,Eleni Lazaridou,"31 December, 2026",Active,,,
Europe,Cyprus,Native Teams,Jasmine,Poor Quality Vendor,Local EOR ,,,,,,,"• EUR 79 up to €1,500 processed per month
• EUR 129 up to €5,500 processed per month
• EUR 219 over €5,500 processed per month",N/A,N/A,N/A,N/A,,NTV,Direct Entity,Signed MSA,deren@nteams.com,Deren Kankurt,"31 December, 2026",Pricing in Contract,,,Tier 2
Europe,Cyprus,Remote,David,Backup Vendor,Local EOR ,,,,,,,USD 300,N/A,N/A,Involuntary Termination: USD 350,N/A,12/22/2025,RMT,Direct Entity,Signed MSA,"jasmine.chang@remote.com ,aisha.saeed@remote.com, ena.hazrolaj@remote.com","Jasmine Chang (Customer Success Manager), Aisha Saeed, Ena Hazrolaj  (Account Manager)","31 December, 2026",Pricing in Contract,,,
Europe,Cyprus,Horizons ,David,Backup Vendor,Local EOR ,,,,,,,USD 399,N/A,1 month,N/A,N/A,,HRZ,Uses Vendor,Established Contact,echo.li@joinhorizons.com,Echo Li,"5 June, 2026",Reminder Sent,https://docs.google.com/spreadsheets/d/10bk8I5ARIdOhETpt_8e5lTYq61dqCD5HM9903xPywTM/edit,7/15/2026,
Europe,Cyprus,Horizons ,David,Backup Vendor,Expat EOR,,,,,,,USD 849,N/A,1 month,N/A,"for expatriates, VAT may apply depending on the local regulations.",,HRZ,Uses Vendor,Established Contact,echo.li@joinhorizons.com,Echo Li,"5 June, 2026",Reminder Sent,https://docs.google.com/spreadsheets/d/10bk8I5ARIdOhETpt_8e5lTYq61dqCD5HM9903xPywTM/edit,7/15/2026,
Europe,Cyprus,Enterprise Workforce Solutions,David,Backup Vendor,Local EOR ,,,,,,,USD 375,N/A,N/A,N/A,,,"
EWS",Direct Entity,Established Contact,omar@ews-limited.com,Omar Hassan ,"5 June, 2026",Reminder Sent,https://docs.google.com/spreadsheets/d/18SBM1yJ907dNTN114MJrnoU4yBfBiKkT3I8HzL4dldo/edit,7/15/2026,
Europe,Cyprus,Enterprise Workforce Solutions,David,Backup Vendor,Expat EOR,,,,,,,USD 450,N/A,N/A,N/A,,,"
EWS",Direct Entity,Established Contact,omar@ews-limited.com,Omar Hassan ,"5 June, 2026",Reminder Sent,https://docs.google.com/spreadsheets/d/18SBM1yJ907dNTN114MJrnoU4yBfBiKkT3I8HzL4dldo/edit,7/15/2026,
Europe,Cyprus,Acvian,David,Backup Vendor,Local EOR ,,,,,,,"• EUR 550
• 6% on bonus and reimbursement",N/A,1 month invoice,N/A,N/A,"• Off-cycle payment out of payroll run - EUR 150.00 per transaction
• Partner can support visa sponsorship",ACV,,,a.zakharov@acvian.com,Anthony Zakharov,"4 June, 2027",Active,https://docs.google.com/spreadsheets/d/1FnxuLNnvsNjtofU3yPF8sbdGZUKI7vIGO_aid6WGQCM/edit,6/4/2026,Tier 2
Europe,Cyprus,LMW,Jasmine,Backup Vendor,Local EOR ,,,,,,,EUR 450,EUR 500,1 month,N/A,N/A,,,Direct Entity,,kolia@lmwgroup.com,Annita Kolia,"9 June, 2027",Active,https://docs.google.com/spreadsheets/d/10BOvLZMlSzuRD7fb5Reby5JBjfxCK-2aw70aeihpUU0/edit,6/17/2026,Tier 2
Europe,Cyprus,LMW,Jasmine,Backup Vendor,Expat EOR,,,,,,,EUR 650,EUR 500,1 month,N/A,N/A,,,Direct Entity,,kolia@lmwgroup.com,Annita Kolia,"9 June, 2027",Active,https://docs.google.com/spreadsheets/d/10BOvLZMlSzuRD7fb5Reby5JBjfxCK-2aw70aeihpUU0/edit,6/17/2026,Tier 2
Europe,Cyprus,Bradford Jacobs,Jasmine,,Local EOR ,,,,,,,EUR 500,EUR 500,1 month,N/A,,"• Use TopSource as vendor, but pricing is partner pricing, so will get lower quotation than from TopSource directly",BFJ,Uses Vendor,,k.nolan@bradfordjacobs.com,Kelly Nolan,"5 June, 2026",Reminder Sent,https://docs.google.com/spreadsheets/d/1qcQBw7034L9B0NSXOC38XkMU1wg2eROqWYyMtiobk-M/edit,7/15/2026,
Asia,Cyprus,Acvian,David,Backup Vendor,Expat EOR,,,,,,,"• EUR 550
• 6% on bonus and reimbursement",N/A,1 month invoice,N/A,N/A,"• Offered SGD 220 for 10-13 headcount on Dec 6, 2023",ACV,Direct Entity,,a.zakharov@acvian.com,Anthony Zakharov,"4 June, 2027",Active,https://docs.google.com/spreadsheets/d/1v8hqm0zO5cDgfVn00wIGynQiohce5uwmBwXgNFXVrGU/edit,"June 4, 2026",Tier 2
Europe,Czech Republic,Bradford Jacobs,Jasmine,,Local EOR ,,,,,,,EUR 500,EUR 500,1 month,N/A,,"• Use TopSource as vendor, but pricing is partner pricing, so will get lower quotation than from TopSource directly",BFJ,Uses Vendor,,k.nolan@bradfordjacobs.com,Kelly Nolan,"5 June, 2026",Reminder Sent,https://docs.google.com/spreadsheets/d/1qcQBw7034L9B0NSXOC38XkMU1wg2eROqWYyMtiobk-M/edit,7/15/2026,
Europe,Czech Republic,FChain,David,Backup Vendor,Local EOR ,,,,,,,"• Freelancers - 8% with min USD 250
• Employee - 10% with min USD 250
• Reimbursement - 8%","Freelancers – 300 USD (one-time payment)
Employee – 400 USD (one-time payment)",2 months TEC,N/A,N/A,• Vendor provides immigration solution,FCH,Direct Entity,,takhundov@f-chain.com,Teymur Akhundov,"5 June, 2026",Approved,https://docs.google.com/spreadsheets/d/10iWZAp5RXBiwls81G9UZm52Z6prAZhxEf6TNGcU-xF8/edit?usp=sharing,"July 1, 2026",
Europe,Czech Republic,Azure Global,David,,Local EOR ,,,,,,,GBP 650,,,,,,AZR,Unknown,,Ian@azureglobal.com,Ian Campbell,"5 June, 2026",Reminder Sent,https://docs.google.com/spreadsheets/d/15NFhmwxb0MYodBdJq1TTiYfRMYW1y5Itge202TLAZEo/edit,"July 15, 2026",
Europe,Czech Republic,Native Teams,Jasmine,Poor Quality Vendor,Local EOR ,,,,,,,"• EUR 79 up to €1,500 processed per month
• EUR 129 up to €5,500 processed per month
• EUR 219 over €5,500 processed per month",N/A,N/A,N/A,N/A,,NTV,Direct Entity,Signed MSA,deren@nteams.com,Deren Kankurt,"31 December, 2026",Pricing in Contract,,,Tier 2
Europe,Czech Republic,Enterprise Workforce Solutions,David,Preferred Vendor,Local EOR ,USD 525 - 625,USD 0 - 250 ,1 month,N/A,N/A,,USD 375,N/A,N/A,N/A,,,"
EWS",Direct Entity,Established Contact,omar@ews-limited.com,Omar Hassan ,"5 June, 2026",Reminder Sent,https://docs.google.com/spreadsheets/d/18SBM1yJ907dNTN114MJrnoU4yBfBiKkT3I8HzL4dldo/edit,7/15/2026,
Europe,Czech Republic,Enterprise Workforce Solutions,David,Preferred Vendor,Expat EOR,USD 600 - 700,USD 0 - 500 ,1 month,N/A,N/A,,USD 450,N/A,N/A,N/A,,,"
EWS",Direct Entity,Established Contact,omar@ews-limited.com,Omar Hassan ,"5 June, 2026",Reminder Sent,https://docs.google.com/spreadsheets/d/18SBM1yJ907dNTN114MJrnoU4yBfBiKkT3I8HzL4dldo/edit,7/15/2026,
Europe,Czech Republic,Remote,David,Backup Vendor,Local EOR ,,,,,,,USD 300,USD 80 (wet-signing fee),N/A,Involuntary Termination: USD 350,N/A,12/22/2025,RMT,Direct Entity,Signed MSA,"jasmine.chang@remote.com ,aisha.saeed@remote.com, ena.hazrolaj@remote.com","Jasmine Chang (Customer Success Manager), Aisha Saeed, Ena Hazrolaj  (Account Manager)","31 December, 2026",Pricing in Contract,,,
Europe,Czech Republic,Acvian,David,Backup Vendor,Local EOR ,,,,,,,"• EUR 375
• 6% on bonus and reimbursement",N/A,1 month invoice,N/A,N/A,"• Off-cycle payment out of payroll run - EUR 150.00 per transaction
• Partner can support visa sponsorship",ACV,Direct Entity,Signed MSA,a.zakharov@acvian.com,Anthony Zakharov,"4 June, 2027",Active,https://docs.google.com/spreadsheets/d/1FnxuLNnvsNjtofU3yPF8sbdGZUKI7vIGO_aid6WGQCM/edit,"June 4, 2026",Tier 2
Europe,Czech Republic,Acvian,David,Backup Vendor,Expat EOR,,,,,,,"• EUR 375
• 6% on bonus and reimbursement",N/A,1 month invoice,N/A,N/A,,ACV,Direct Entity,Signed MSA,a.zakharov@acvian.com,Anthony Zakharov,"4 June, 2027",Active,https://docs.google.com/spreadsheets/d/1FnxuLNnvsNjtofU3yPF8sbdGZUKI7vIGO_aid6WGQCM/edit,"June 4, 2026",Tier 2
Europe,Czech Republic,Horizons ,David,Backup Vendor,Local EOR ,,,,,,,USD 399,N/A,1 month,N/A,N/A,,HRZ,Uses Vendor,Established Contact,echo.li@joinhorizons.com,Echo Li,"5 June, 2026",Reminder Sent,https://docs.google.com/spreadsheets/d/10bk8I5ARIdOhETpt_8e5lTYq61dqCD5HM9903xPywTM/edit,"July 15, 2026",
Europe,Czech Republic,Horizons ,David,Backup Vendor,Expat EOR,,,,,,,USD 549,N/A,1 month,N/A,"for expatriates, VAT may apply depending on the local regulations.",,HRZ,Uses Vendor,Established Contact,echo.li@joinhorizons.com,Echo Li,"5 June, 2026",Reminder Sent,https://docs.google.com/spreadsheets/d/10bk8I5ARIdOhETpt_8e5lTYq61dqCD5HM9903xPywTM/edit,"July 15, 2026",
Europe,Czech Republic,Go Global,Jasmine,Poor Quality Vendor,Local EOR ,,,,,,,"CNY 2,750","CNY 2,750",,"CNY 2,750",,,,Unknown,,sissi.zhao@goglobalgeo.com,Sissi Zhao,"5 June, 2026",Reminder Sent,https://docs.google.com/spreadsheets/d/1VimvcvPQCviW6ntJhvkOIi9BlgDLgwA-9wVVcwuHHZ0/edit,"July 15, 2026",
Europe,Czech Republic,Synergie,David,,Local EOR ,,,,,,,9%,"• EU foreigner - EUR 100 / CZK 3,000
• Non-EU foreigner - EUR 1,200 / CZK 35,000 + government fees and translations",,N/A,N/A,,,Direct Entity,,pavlisko@synergie.sk,Jaroslav Pavlisko,"5 June, 2026",Reminder Sent,https://docs.google.com/spreadsheets/d/1J_vew8AbHlnAiAi8Qngy2IqA55_FGVPddMgko5QeJ2I/edit,"July 15, 2026",
Africa,Democratic Republic of the Congo,Workforce Africa,David,Backup Vendor,Local EOR ,,,,,,,USD 500,USD 200,N/A,USD 200,TBC,12/22/2025,WFA,Uses Vendor,Signed MSA,justina.gabriel@workforcegroup.com,Justina Gabriel,"5 June, 2026",Reminder Sent,https://docs.google.com/spreadsheets/d/13pdolFV6P_EBVi5xsPKvdXzW76jB60buVkpZYMEoxJk/edit,7/15/2026,
Africa,Democratic Republic of the Congo,Workforce Africa,David,Backup Vendor,Expat EOR,,,,,,,USD 550,USD 200,N/A,USD 200,TBC,"• Pricing valid until December 31st, 2041",WFA,Uses Vendor,Signed MSA,justina.gabriel@workforcegroup.com,Justina Gabriel,"5 June, 2026",Reminder Sent,https://docs.google.com/spreadsheets/d/13pdolFV6P_EBVi5xsPKvdXzW76jB60buVkpZYMEoxJk/edit,7/15/2026,
Africa,Democratic Republic of the Congo,Workpay,David,Preferred Vendor,Local EOR ,USD 470 - 570,USD 0 - equivalent of service fee,1 month salary,N/A,TBC,,USD 320,N/A,1 month Salary ,N/A,,,WKP,Direct Entity,Established Contact," fn@myworkpay.com,
 zn@myworkpay.com","Frances Nzekwue, Ziphozihle Ntlakaza","5 June, 2026",Reminder Sent,https://docs.google.com/spreadsheets/d/1w0jqjlb9vUL_Lb7NHP45wKJcnWeX_D_--e6xf_W6ypc/edit,7/15/2026,Tier 2
Africa,Democratic Republic of the Congo,Workpay,David,Preferred Vendor,Expat EOR,USD 470 - 570,USD 0 - equivalent of service fee,1 month salary,N/A,TBC,,USD 320,N/A,1 month Salary ,N/A,,,WKP,Direct Entity,Established Contact," fn@myworkpay.com,
 zn@myworkpay.com","Frances Nzekwue, Ziphozihle Ntlakaza","5 June, 2026",Reminder Sent,https://docs.google.com/spreadsheets/d/1w0jqjlb9vUL_Lb7NHP45wKJcnWeX_D_--e6xf_W6ypc/edit,7/15/2026,Tier 2
Africa,Democratic Republic of the Congo,Remote Solutions Africa ,David,Backup Vendor,Local EOR ,"USD 420 - 520
Reimbursement Fee: 5% of amount",USD 0 - 400,1 month,N/A,7.5 % of the service fee,,USD 250,N/A,N/A,N/A,7.5 % of the service fee,,RSA,Uses Vendor,Established Contact,moses.a@remotesolutionsafrica.com,Moses,"5 June, 2026",Reminder Sent,https://docs.google.com/spreadsheets/d/1-0VoGr6iIfXVV0l8SqaHo0p-ZCELZEMJiFpvK7R1zmQ/edit,7/15/2026,
Africa,Democratic Republic of the Congo,Remote Solutions Africa ,David,Backup Vendor,Expat EOR,"USD 470 - 570
Reimbursement Fee: 5% of amount",USD 0 - 400,1 month,N/A,7.5 % of the service fee,,USD 300,N/A,N/A,N/A,7.5 % of the service fee,,RSA,Uses Vendor,Established Contact,moses.a@remotesolutionsafrica.com,Moses,"5 June, 2026",Reminder Sent,https://docs.google.com/spreadsheets/d/1-0VoGr6iIfXVV0l8SqaHo0p-ZCELZEMJiFpvK7R1zmQ/edit,7/15/2026,
Europe,Denmark,Bradford Jacobs,Jasmine,,Local EOR ,,,,,,,EUR 500,EUR 500,1 month,N/A,N/A,"• Use TopSource as vendor, but pricing is partner pricing, so will get lower quotation than from TopSource directly",BFJ,Uses Vendor,,k.nolan@bradfordjacobs.com,Kelly Nolan,"5 June, 2026",Reminder Sent,https://docs.google.com/spreadsheets/d/1qcQBw7034L9B0NSXOC38XkMU1wg2eROqWYyMtiobk-M/edit,7/15/2026,
Europe,Denmark,Bradford Jacobs,Jasmine,,Local EOR ,,,,,,,EUR 850,EUR 850,1 month,N/A,N/A,,BFJ,Uses Vendor,,k.nolan@bradfordjacobs.com,Kelly Nolan,"5 June, 2026",Reminder Sent,https://docs.google.com/spreadsheets/d/1qcQBw7034L9B0NSXOC38XkMU1wg2eROqWYyMtiobk-M/edit,7/15/2026,
Europe,Denmark,Native Teams,Jasmine,Poor Quality Vendor,Local EOR ,,,,,,,"• EUR 79 up to €1,500 processed per month
• EUR 129 up to €5,500 processed per month
• EUR 219 over €5,500 processed per month",N/A,N/A,N/A,N/A,,NTV,Direct Entity,Signed MSA,deren@nteams.com,Deren Kankurt,"31 December, 2026",Pricing in Contract,,,Tier 2
Europe,Denmark,Enterprise Workforce Solutions,David,Backup Vendor,Local EOR ,,,,,,,USD 375,N/A,N/A,N/A,,,"
EWS",Direct Entity,Established Contact,omar@ews-limited.com,Omar Hassan ,"5 June, 2026",Reminder Sent,https://docs.google.com/spreadsheets/d/18SBM1yJ907dNTN114MJrnoU4yBfBiKkT3I8HzL4dldo/edit,"July 15, 2026",
Europe,Denmark,Enterprise Workforce Solutions,David,Preferred Vendor,Expat EOR,USD 600 - 700,USD 0 - 500 ,1 month,N/A,N/A,,USD 450,N/A,N/A,N/A,,,"
EWS",Direct Entity,Established Contact,omar@ews-limited.com,Omar Hassan ,"5 June, 2026",Reminder Sent,https://docs.google.com/spreadsheets/d/18SBM1yJ907dNTN114MJrnoU4yBfBiKkT3I8HzL4dldo/edit,7/15/2026,
Europe,Denmark,Horizons ,David,Backup Vendor,Local EOR ,,,,,,,USD 399,N/A,1 month,N/A,N/A,,HRZ,Uses Vendor,Established Contact,echo.li@joinhorizons.com,Echo Li,"5 June, 2026",Reminder Sent,https://docs.google.com/spreadsheets/d/10bk8I5ARIdOhETpt_8e5lTYq61dqCD5HM9903xPywTM/edit,"July 15, 2026",
Europe,Denmark,Remote,David,Preferred Vendor,Local EOR ,USD 450 - 550,USD 0 - 250,1 month,"Involuntary Termination: USD 500 (termination initiated by client, not by resignation or natural contract expiration)",N/A,"• USD 200 right-to-work check mandatory for all expats (even self-sponsored)
• USD 500 immigration assessment fee for visa sponsorship feasibility check",USD 300,N/A,N/A,Involuntary Termination: USD 350,N/A,"• USD 120 right-to-work check mandatory for all expats (even self-sponsored)
• USD 400 immigration assessment fee for visa sponsorship feasibility check",RMT,Direct Entity,Signed MSA,"jasmine.chang@remote.com ,aisha.saeed@remote.com, ena.hazrolaj@remote.com","Jasmine Chang (Customer Success Manager), Aisha Saeed, Ena Hazrolaj  (Account Manager)","31 December, 2026",Pricing in Contract,,,
Europe,Denmark,GTS Nordics,Jasmine,,Local EOR ,,,,,,,EUR 549,"EUR 500 (if the employee is applying for visa under the vendor, there is no setup fee)","Equal to termination terms, i.e. one to four months salary plus holiday pay of 12,5% of the salary. I.e. if the salary is EURR 10.000 per month, on an open-ended contract the deposit would be EUR 30.000 + EUR 3750 for the first three years; thereafter and additional EUR 10.000 + EUR 1250 is held (four months termination after three years).",N/A,N/A,,,Direct Entity,,l.elliott@gtsnordic.com,Line Elliott,"5 June, 2026",Reminder Sent,https://docs.google.com/spreadsheets/d/15ZJVedB9wxDBI_oX1-LaMKlsRn4UYdyLWxhBckTDxCo/edit,"July 15, 2026",
Europe,Denmark,Swapp Agency,David,Poor Quality Vendor,Local EOR ,,,,,,,EUR 500,N/A,,N/A,N/A,"• From a contract perspective, our legal team finds them unprofessional",,Direct Entity,,info@swappagency.com,David,"5 June, 2026",Vendor Responded,https://docs.google.com/spreadsheets/d/1w4YLC1WECZUgYTPnQVC_ZavmPTUmV0bkPOEY25KG4pk/edit,"July 15, 2026",
Africa,Djibouti,Workforce Africa,David,Preferred Vendor,Local EOR ,USD 550 - 650,USD 350 - equivalent of service fee,1 month salary,USD 350,TBC,,USD 400,USD 200,N/A,USD 200,TBC,"• Pricing valid until December 31st, 2025",WFA,Uses Vendor,Signed MSA,justina.gabriel@workforcegroup.com,Justina Gabriel,"5 June, 2026",Reminder Sent,https://docs.google.com/spreadsheets/d/13pdolFV6P_EBVi5xsPKvdXzW76jB60buVkpZYMEoxJk/edit,7/15/2026,
Africa,Djibouti,Workforce Africa,David,Preferred Vendor,Expat EOR,USD 700 - 800,USD 350 - equivalent of service fee,1 month salary,USD 350,TBC,,USD 550,USD 200,N/A,USD 200,TBC,"• Pricing valid until December 31st, 2025",WFA,Uses Vendor,Signed MSA,justina.gabriel@workforcegroup.com,Justina Gabriel,"5 June, 2026",Reminder Sent,https://docs.google.com/spreadsheets/d/13pdolFV6P_EBVi5xsPKvdXzW76jB60buVkpZYMEoxJk/edit,7/15/2026,
Latin America,Dominican Republic,Biz Latin Hub,David,Inactive,Local EOR ,,,,,,,USD $750 or 13% of total monthly employee cost (whichever is greater) per Employee,USD 120,2 x monthly total employee cost	,USD 120,18% on service fee only,,,Direct Entity,Terminated,craig@bizlatinhub.com,Craig Dempsey,"5 June, 2026",Inactive,https://docs.google.com/spreadsheets/d/1fnqBZQEM3l1NN2d2Q4gYZmoROuNuXW8dau4BnptpfRc/edit,"June 10, 2026",Tier 0
Latin America,Dominican Republic,Remote,David,Preferred Vendor,Local EOR ,USD 450 - 550,USD 0 - 250,1 month,"Involuntary Termination: USD 500 (termination initiated by client, not by resignation or natural contract expiration)",N/A,"• USD 200 right-to-work check mandatory for all expats (even self-sponsored)
• USD 500 immigration assessment fee for visa sponsorship feasibility check",USD 300,USD 80 (wet-signing fee),N/A,Involuntary Termination: USD 350,N/A,"• USD 120 right-to-work check mandatory for all expats (even self-sponsored)
• USD 400 immigration assessment fee for visa sponsorship feasibility check",RMT,Direct Entity,Signed MSA,"jasmine.chang@remote.com ,aisha.saeed@remote.com, ena.hazrolaj@remote.com","Jasmine Chang (Customer Success Manager), Aisha Saeed, Ena Hazrolaj  (Account Manager)","31 December, 2026",Pricing in Contract,,,
Latin America,Dominican Republic,Rivermate,David,,Local EOR ,,,,,,,"USD 250 

10% Service Fee on
• Insurance
• Expense Reimbursement

Out-of-cycle fee: USD 100",USD 100,1 month,N/A,,Bank Fee per Invoice: USD 69. 2.5% FX charge on Total Invoice ,SER,Direct Entity,,bassem.benhassine@hightekers.com	,Bassem Ben Hassine ,"5 June, 2026",Reminder Sent,https://docs.google.com/spreadsheets/d/1Hfh8owhyByJDd1SgekqltEc28d-fqYQBKrW9-h8co_w/edit,"July 15, 2026",
Latin America,Dominican Republic,Rivermate,David,,Expat EOR,,,,,,,"USD 550

10% Service Fee on
• Insurance
• Expense Reimbursement

Out-of-cycle fee: USD 100",USD 300,1 month,N/A,,Bank Fee per Invoice: USD 69. 2.5% FX charge on Total Invoice ,SER,Direct Entity,,bassem.benhassine@hightekers.com	,Bassem Ben Hassine ,"5 June, 2026",Reminder Sent,https://docs.google.com/spreadsheets/d/1Hfh8owhyByJDd1SgekqltEc28d-fqYQBKrW9-h8co_w/edit,"July 15, 2026",
Latin America,Dominican Republic,Horizons ,David,Backup Vendor,Local EOR ,,,,,,,USD 299,N/A,1 month,N/A,N/A,,HRZ,Uses Vendor,Established Contact,echo.li@joinhorizons.com,Echo Li,"5 June, 2026",Reminder Sent,https://docs.google.com/spreadsheets/d/10bk8I5ARIdOhETpt_8e5lTYq61dqCD5HM9903xPywTM/edit,"July 15, 2026",
Latin America,Ecuador,Biz Latin Hub,David,Inactive,Local EOR ,,,,,,,USD 800,,,N/A,"Applicable, need to double confirm",12/22/2025,,Direct Entity,Cannot offer service due to compliance reasons,craig@bizlatinhub.com,Craig Dempsey,"5 June, 2026",Inactive,https://docs.google.com/spreadsheets/d/1fnqBZQEM3l1NN2d2Q4gYZmoROuNuXW8dau4BnptpfRc/edit,"June 10, 2026",Tier 0
Latin America,Ecuador,Remote,David,Preferred Vendor,Local EOR ,USD 450 - 550,USD 0 - 250,1 month,"Involuntary Termination: USD 500 (termination initiated by client, not by resignation or natural contract expiration)",N/A,"• USD 200 right-to-work check mandatory for all expats (even self-sponsored)
• USD 500 immigration assessment fee for visa sponsorship feasibility check",USD 300,N/A,N/A,Involuntary Termination: USD 350,N/A,"• USD 120 right-to-work check mandatory for all expats (even self-sponsored)
• USD 400 immigration assessment fee for visa sponsorship feasibility check",RMT,Direct Entity,Signed MSA,"jasmine.chang@remote.com ,aisha.saeed@remote.com, ena.hazrolaj@remote.com","Jasmine Chang (Customer Success Manager), Aisha Saeed, Ena Hazrolaj  (Account Manager)","31 December, 2026",Pricing in Contract,,,
Latin America,Ecuador,Horizons ,David,Backup Vendor,Local EOR ,,,,,,,USD 299,N/A,1 month,N/A,N/A,,HRZ,Uses Vendor,Established Contact,echo.li@joinhorizons.com,Echo Li,"5 June, 2026",Reminder Sent,https://docs.google.com/spreadsheets/d/10bk8I5ARIdOhETpt_8e5lTYq61dqCD5HM9903xPywTM/edit,"July 15, 2026",
Latin America,Ecuador,López & James,David,,PEO,,,,,,,8% (the enterprises would have to be incorporated),- Employment contract & social security affiliations: 500 USD per employee,2 months gross salary,N/A,$0,12/22/2025,,Uses Vendor,Cannot offer service due to compliance reasons,lmarquez@lopezjames.com,Laura Márquez,"5 June, 2026",Reminder Sent,https://docs.google.com/spreadsheets/d/1W0gu9xPlPGcaiHU4MFMQd3PIphKpsTU4vd0TdD6Ec_0/edit,"July 15, 2026",
Africa,Egypt,Connect Resources,David,,Local EOR ,,,,,,,10% on gross salary,N/A,1 month TEC,N/A,14% to total invoice,,CNR,Uses Vendor,,"gregg.s@connectresources.ae, 
wesley.s@connectresources.ae",Gregg Steyn,"4 June, 2027",Active,https://docs.google.com/spreadsheets/d/1ieOJxUzmrSXNgAfyh8SwdttIVvwbhB4fFc4OzNzt0D8/edit,6/4/2026,
Africa,Egypt,Trans Skills,David,,Local EOR ,,,,,,,"EUR 330
• 1.5% on bonus and reimbursement",EUR 330,2 months,N/A,N/A,"if headcount is above 10, service fee can be discounted ",TRS,Direct Entity,,charles.dawson@transskills.com,Charles Dawson,"5 June, 2026",Reminder Sent,https://docs.google.com/spreadsheets/d/1_xVbd68M01bbEusv8LOtQ7njrINL43C5x7I3Feg-7Eg/edit,"July 15, 2026",
Africa,Egypt,Trans Skills,David,,Expat EOR,,,,,,,"EUR 330
• 1.5% on bonus and reimbursement",EUR 330,2 months,N/A,N/A,"if headcount is above 10, service fee can be discounted ",TRS,Direct Entity,,charles.dawson@transskills.com,Charles Dawson,"5 June, 2026",Reminder Sent,https://docs.google.com/spreadsheets/d/1_xVbd68M01bbEusv8LOtQ7njrINL43C5x7I3Feg-7Eg/edit,"July 15, 2026",
Africa,Egypt,Remote,David,Backup Vendor,Local EOR ,,,,,,,USD 300,USD 80 (wet-signing fee),N/A,Involuntary Termination: USD 350,N/A,12/22/2025,RMT,Direct Entity,Signed MSA,"jasmine.chang@remote.com ,aisha.saeed@remote.com, ena.hazrolaj@remote.com","Jasmine Chang (Customer Success Manager), Aisha Saeed, Ena Hazrolaj  (Account Manager)","31 December, 2026",Pricing in Contract,,,
Africa,Egypt,Horizons,David,Backup Vendor,Local EOR ,,,,,,,USD 299,N/A,1 month,N/A,N/A,,HRZ,Direct Entity,Established Contact,echo.li@joinhorizons.com,Echo Li,"5 June, 2026",Reminder Sent,https://docs.google.com/spreadsheets/d/10bk8I5ARIdOhETpt_8e5lTYq61dqCD5HM9903xPywTM/edit,"July 15, 2026",
Africa,Egypt,Horizons,David,Backup Vendor,Expat EOR,,,,,,,USD 459,N/A,1 month,N/A,"for expatriates, VAT may apply depending on the local regulations.",,HRZ,Direct Entity,Established Contact,echo.li@joinhorizons.com,Echo Li,"5 June, 2026",Reminder Sent,https://docs.google.com/spreadsheets/d/10bk8I5ARIdOhETpt_8e5lTYq61dqCD5HM9903xPywTM/edit,"July 15, 2026",
Africa,Egypt,Africa HR Solutions,David,Backup Vendor,Local EOR ,,,,,,,USD 350,USD 350,1 month,USD 90/EE,,third-party expenses and disbursements are charged by Africa HR Solutions at cost + 10%.,,Direct Entity,Established Contact,ggeraghty@africa-hr.com,Grant Geraghty,"5 June, 2026",Active,https://docs.google.com/spreadsheets/d/16l8VyrJGEBOUb3_o77qAv4YEy0q7AgTQuRDgskl7-3Y/edit,"June 17, 2026",
Africa,Egypt,Enterprise Workforce Solutions,David,Backup Vendor,Local EOR ,,,,,,,USD 375,N/A,N/A,N/A,,,"
EWS",Direct Entity,Established Contact,omar@ews-limited.com,Omar Hassan ,"5 June, 2026",Reminder Sent,https://docs.google.com/spreadsheets/d/18SBM1yJ907dNTN114MJrnoU4yBfBiKkT3I8HzL4dldo/edit,"July 15, 2026",
Africa,Egypt,Enterprise Workforce Solutions,David,Backup Vendor,Expat EOR,,,,,,,USD 650,N/A,N/A,N/A,,,"
EWS",Direct Entity,Established Contact,omar@ews-limited.com,Omar Hassan ,"5 June, 2026",Reminder Sent,https://docs.google.com/spreadsheets/d/18SBM1yJ907dNTN114MJrnoU4yBfBiKkT3I8HzL4dldo/edit,"July 15, 2026",
Africa,Egypt,Remote Solutions Africa ,David,Backup Vendor,Local EOR ,"USD 420 - 520
Reimbursement Fee: 5% of amount",USD 0 - 400,1 month,N/A,7.5 % of the service fee,,USD 250,N/A,N/A,N/A,7.5 % of the service fee,,RSA,Uses Vendor,Established Contact,moses.a@remotesolutionsafrica.com,Moses,"5 June, 2026",Reminder Sent,https://docs.google.com/spreadsheets/d/1-0VoGr6iIfXVV0l8SqaHo0p-ZCELZEMJiFpvK7R1zmQ/edit,7/15/2026,
Africa,Egypt,Remote Solutions Africa ,David,Backup Vendor,Expat EOR,"USD 470 - 570
Reimbursement Fee: 5% of amount",USD 0 - 400,1 month,N/A,7.5 % of the service fee,,USD 300,N/A,N/A,N/A,7.5 % of the service fee,We don't charge deposit as long as we receive the invoice payment on the 20th of each month//Reimbursement Fee: 4% of the total reimbursement //  20 USD bank transfer fee,RSA,Uses Vendor,Established Contact,moses.a@remotesolutionsafrica.com,Moses,"5 June, 2026",Reminder Sent,https://docs.google.com/spreadsheets/d/1-0VoGr6iIfXVV0l8SqaHo0p-ZCELZEMJiFpvK7R1zmQ/edit,7/15/2026,
Africa,Egypt,Keys Payroll,David,Preferred Vendor,Local EOR ,USD 550 - 650,USD 50 - 650,"1 month (total employment cost, excluding service fees)",N/A,14% on service fee if billed locally,,6% min USD 400,50 USD (potential to decrease based on head count),"1 month (total employment cost, excluding service fees)",N/A,14% on service fee if billed locally,12/22/2025,KEY,Direct Entity,Signed MSA,ahmed.magdy@keysgroupservices.com,Ahmed Magdy,"31 December, 2026",Active,,,
Africa,Egypt,Keys Payroll,David,Preferred Vendor,Expat EOR,USD 400 - 500,USD 50 - 500,"1 month (total employment cost, excluding service fees)",N/A,14% on service fee if billed locally,,USD 250,50 USD ,"1 month (total employment cost, excluding service fees)",N/A,14% on service fee if billed locally,12/22/2025,KEY,Direct Entity,Signed MSA,ahmed.magdy@keysgroupservices.com,Ahmed Magdy,"31 December, 2026",Active,,,
Africa,Egypt,Workpay ,David,Backup Vendor,Local EOR ,,,,,,,USD 420,N/A,1 month Salary ,N/A,,,WKP,Uses Vendor,Established Contact," fn@myworkpay.com,
 zn@myworkpay.com","Frances Nzekwue, Ziphozihle Ntlakaza","5 June, 2026",Reminder Sent,https://docs.google.com/spreadsheets/d/1w0jqjlb9vUL_Lb7NHP45wKJcnWeX_D_--e6xf_W6ypc/edit,"July 15, 2026",Tier 2
Africa,Egypt,Workpay ,David,Backup Vendor,Expat EOR,,,,,,,USD 420,N/A,1 month Salary ,N/A,,,WKP,Uses Vendor,Established Contact," fn@myworkpay.com,
 zn@myworkpay.com","Frances Nzekwue, Ziphozihle Ntlakaza","5 June, 2026",Reminder Sent,https://docs.google.com/spreadsheets/d/1w0jqjlb9vUL_Lb7NHP45wKJcnWeX_D_--e6xf_W6ypc/edit,"July 15, 2026",Tier 2
Africa,Egypt,Workforce Africa,David,,Local EOR ,,,,,,,USD 400,USD 200,N/A,USD 200,7.5% on service fee,"• Pricing valid until December 31st, 2042",WFA,Uses Vendor,Signed MSA,justina.gabriel@workforcegroup.com,Justina Gabriel,"5 June, 2026",Reminder Sent,https://docs.google.com/spreadsheets/d/13pdolFV6P_EBVi5xsPKvdXzW76jB60buVkpZYMEoxJk/edit,7/15/2026,
Africa,Egypt,Workforce Africa,David,,Local EOR ,,,,,,,USD 500,USD 200,N/A,USD 200,7.5% on service fee,"• Pricing valid until December 31st, 2043",WFA,Uses Vendor,Signed MSA,justina.gabriel@workforcegroup.com,Justina Gabriel,"5 June, 2026",Reminder Sent,https://docs.google.com/spreadsheets/d/13pdolFV6P_EBVi5xsPKvdXzW76jB60buVkpZYMEoxJk/edit,7/15/2026,
Latin America,El Salvador,Bradford Jacobs,Jasmine,,Local EOR ,,,,,,,EUR 500,EUR 500,1 month,N/A,,"• Use TopSource as vendor, but pricing is partner pricing, so will get lower quotation than from TopSource directly",BFJ,Uses Vendor,,k.nolan@bradfordjacobs.com,Kelly Nolan,"5 June, 2026",Reminder Sent,https://docs.google.com/spreadsheets/d/1qcQBw7034L9B0NSXOC38XkMU1wg2eROqWYyMtiobk-M/edit,7/15/2026,
Latin America,El Salvador,Rivermate,David,,Local EOR ,,,,,,,"USD 250 

10% Service Fee on
• Insurance
• Expense Reimbursement

Out-of-cycle fee: USD 100",USD 100,1 month,N/A,,Bank Fee per Invoice: USD 69. 2.5% FX charge on Total Invoice ,SER,Direct Entity,,bassem.benhassine@hightekers.com	,Bassem Ben Hassine ,"5 June, 2026",Reminder Sent,https://docs.google.com/spreadsheets/d/1Hfh8owhyByJDd1SgekqltEc28d-fqYQBKrW9-h8co_w/edit,"July 15, 2026",
Latin America,El Salvador,Rivermate,David,,Expat EOR,,,,,,,"USD 550

10% Service Fee on
• Insurance
• Expense Reimbursement

Out-of-cycle fee: USD 100",USD 300,1 month,N/A,,Bank Fee per Invoice: USD 69. 2.5% FX charge on Total Invoice ,SER,Direct Entity,,bassem.benhassine@hightekers.com	,Bassem Ben Hassine ,"5 June, 2026",Reminder Sent,https://docs.google.com/spreadsheets/d/1Hfh8owhyByJDd1SgekqltEc28d-fqYQBKrW9-h8co_w/edit,"July 15, 2026",
Latin America,El Salvador,Horizons ,David,Backup Vendor,Local EOR ,,,,,,,USD 299,N/A,1 month,N/A,N/A,,HRZ,Direct Entity,Established Contact,echo.li@joinhorizons.com,Echo Li,"5 June, 2026",Reminder Sent,https://docs.google.com/spreadsheets/d/10bk8I5ARIdOhETpt_8e5lTYq61dqCD5HM9903xPywTM/edit,"July 15, 2026",
Latin America,El Salvador,Remote,David,Preferred Vendor,Local EOR ,USD 450 - 550,USD 0 - 250,1 month,"Involuntary Termination: USD 500 (termination initiated by client, not by resignation or natural contract expiration)",N/A,"• USD 200 right-to-work check mandatory for all expats (even self-sponsored)
• USD 500 immigration assessment fee for visa sponsorship feasibility check",USD 300,USD 80 (wet-signing fee),N/A,Involuntary Termination: USD 350,N/A,"• USD 120 right-to-work check mandatory for all expats (even self-sponsored)
• USD 400 immigration assessment fee for visa sponsorship feasibility check",RMT,Direct Entity,Signed MSA,"jasmine.chang@remote.com ,aisha.saeed@remote.com, ena.hazrolaj@remote.com","Jasmine Chang (Customer Success Manager), Aisha Saeed, Ena Hazrolaj  (Account Manager)","31 December, 2026",Pricing in Contract,,,
Latin America,El Salvador,Biz Latin Hub,David,Inactive,Local EOR ,,,,,,,USD $750 or 13% of total monthly employee cost (whichever is greater) per Employee,USD 120,2 x monthly total employee cost	,USD 120,13% on service fee only,,,Direct Entity,Terminated,craig@bizlatinhub.com,Craig Dempsey,"5 June, 2026",Inactive,https://docs.google.com/spreadsheets/d/1fnqBZQEM3l1NN2d2Q4gYZmoROuNuXW8dau4BnptpfRc/edit,"June 10, 2026",Tier 0
Africa ,Equitorial Guinea ,Remote Solutions Africa ,David,Backup Vendor,Local EOR ,"USD 420 - 520
Reimbursement Fee: 5% of amount",USD 0 - 400,1 month,N/A,7.5 % of the service fee,,USD 250,N/A,N/A,N/A,7.5 % of the service fee,,RSA,Uses Vendor,Established Contact,moses.a@remotesolutionsafrica.com,Moses,"5 June, 2026",Reminder Sent,https://docs.google.com/spreadsheets/d/1-0VoGr6iIfXVV0l8SqaHo0p-ZCELZEMJiFpvK7R1zmQ/edit,7/15/2026,
Africa ,Equitorial Guinea ,Remote Solutions Africa ,David,Backup Vendor,Expat EOR,"USD 470 - 570
Reimbursement Fee: 5% of amount",USD 0 - 400,1 month,N/A,7.5 % of the service fee,,USD 300,N/A,N/A,N/A,7.5 % of the service fee,,RSA,Uses Vendor,Established Contact,moses.a@remotesolutionsafrica.com,Moses,"5 June, 2026",Reminder Sent,https://docs.google.com/spreadsheets/d/1-0VoGr6iIfXVV0l8SqaHo0p-ZCELZEMJiFpvK7R1zmQ/edit,7/15/2026,
Africa ,Equitorial Guinea ,Workpay,David,Preferred Vendor,Local EOR ,USD 470 - 570,USD 0 - equivalent of service fee,1 month salary,N/A,TBC,,USD 320,N/A,1 month Salary ,N/A,,,WKP,Direct Entity,Established Contact," fn@myworkpay.com,
 zn@myworkpay.com","Frances Nzekwue, Ziphozihle Ntlakaza","5 June, 2026",Reminder Sent,https://docs.google.com/spreadsheets/d/1w0jqjlb9vUL_Lb7NHP45wKJcnWeX_D_--e6xf_W6ypc/edit,7/15/2026,Tier 2
Africa ,Equitorial Guinea ,Workpay,David,Preferred Vendor,Expat EOR,USD 470 - 570,USD 0 - equivalent of service fee,1 month salary,N/A,TBC,,USD 320,N/A,1 month Salary ,N/A,,,WKP,Direct Entity,Established Contact," fn@myworkpay.com,
 zn@myworkpay.com","Frances Nzekwue, Ziphozihle Ntlakaza","5 June, 2026",Reminder Sent,https://docs.google.com/spreadsheets/d/1w0jqjlb9vUL_Lb7NHP45wKJcnWeX_D_--e6xf_W6ypc/edit,7/15/2026,Tier 2
Europe,Estonia,WorkingDay Latvia,David,Preferred Vendor,Local EOR ,EUR 340 - 440,,1 month (invoice paid in advance),N/A,N/A,,"EUR 190 - < EUR 3.5k
EUR 290 - EUR 3.5k - 6k
EUR 380 - > EUR 6k",0,1 month (invoice paid in advance),N/A,N/A,,,Direct Entity,,tomass.barilo@workingday.lv,Tomass Barilo,"30 December, 2027",Active,https://docs.google.com/spreadsheets/d/1t2RmmF_M5rOGS8C6crLLe7q4xO-lEMed5zDoBNlUCkY/edit,6/4/2026,
Europe,Estonia,Remote,David,Backup Vendor,Local EOR ,,,,,,,USD 300,N/A,N/A,Involuntary Termination: USD 350,N/A,12/22/2025,RMT,Direct Entity,Signed MSA,"jasmine.chang@remote.com ,aisha.saeed@remote.com, ena.hazrolaj@remote.com","Jasmine Chang (Customer Success Manager), Aisha Saeed, Ena Hazrolaj  (Account Manager)","31 December, 2026",Pricing in Contract,,,
Europe,Estonia,Horizons ,David,Backup Vendor,Local EOR ,,,,,,,USD 399,N/A,1 month,N/A,N/A,,HRZ,Uses Vendor,Established Contact,echo.li@joinhorizons.com,Echo Li,"5 June, 2026",Reminder Sent,https://docs.google.com/spreadsheets/d/10bk8I5ARIdOhETpt_8e5lTYq61dqCD5HM9903xPywTM/edit,"July 15, 2026",
Europe,Estonia,Horizons ,David,Backup Vendor,Expat EOR,,,,,,,USD 549,N/A,1 month,N/A,"for expatriates, VAT may apply depending on the local regulations.",,HRZ,Uses Vendor,Established Contact,echo.li@joinhorizons.com,Echo Li,"5 June, 2026",Reminder Sent,https://docs.google.com/spreadsheets/d/10bk8I5ARIdOhETpt_8e5lTYq61dqCD5HM9903xPywTM/edit,"July 15, 2026",
Europe,Estonia,Enterprise Workforce Solutions,David,Backup Vendor,Local EOR ,,,,,,,USD 375,N/A,N/A,N/A,,,"
EWS",Direct Entity,Established Contact,omar@ews-limited.com,Omar Hassan ,"5 June, 2026",Reminder Sent,https://docs.google.com/spreadsheets/d/18SBM1yJ907dNTN114MJrnoU4yBfBiKkT3I8HzL4dldo/edit,"July 15, 2026",
Europe,Estonia,Enterprise Workforce Solutions,David,Preferred Vendor,Expat EOR,USD 600 - 700,USD 0 - 500 ,1 month,N/A,N/A,,USD 450,N/A,N/A,N/A,,,"
EWS",Direct Entity,Established Contact,omar@ews-limited.com,Omar Hassan ,"5 June, 2026",Reminder Sent,https://docs.google.com/spreadsheets/d/18SBM1yJ907dNTN114MJrnoU4yBfBiKkT3I8HzL4dldo/edit,7/15/2026,
Europe,Estonia,Native Teams,Jasmine,Poor Quality Vendor,Local EOR ,,,,,,,"• EUR 79 up to €1,500 processed per month
• EUR 129 up to €5,500 processed per month
• EUR 219 over €5,500 processed per month",N/A,N/A,N/A,N/A,,NTV,Direct Entity,Signed MSA,deren@nteams.com,Deren Kankurt,"31 December, 2026",Pricing in Contract,,,Tier 2
Africa,Ethiopia,Workforce Africa,David,Backup Vendor,Local EOR ,,,,,,,USD 450,USD 200,N/A,USD 200,15% on service fee,12/22/2025,WFA,Uses Vendor,Signed MSA,justina.gabriel@workforcegroup.com,Justina Gabriel,"5 June, 2026",Reminder Sent,https://docs.google.com/spreadsheets/d/13pdolFV6P_EBVi5xsPKvdXzW76jB60buVkpZYMEoxJk/edit,7/15/2026,
Africa,Ethiopia,Horizons,David,Backup Vendor,Local EOR ,,,,,,,USD 299,N/A,1 month,N/A,N/A,,HRZ,Uses Vendor,Established Contact,echo.li@joinhorizons.com,Echo Li,"5 June, 2026",Reminder Sent,https://docs.google.com/spreadsheets/d/10bk8I5ARIdOhETpt_8e5lTYq61dqCD5HM9903xPywTM/edit,"July 15, 2026",
Africa,Ethiopia,Africa HR Solutions,David,Backup Vendor,Local EOR ,,,,,,,USD 350 ,USD 350 ,1 month,USD 90/EE,,third-party expenses and disbursements are charged by Africa HR Solutions at cost + 10%.,,Direct Entity,Established Contact,ggeraghty@africa-hr.com,Grant Geraghty,"5 June, 2026",Active,https://docs.google.com/spreadsheets/d/16l8VyrJGEBOUb3_o77qAv4YEy0q7AgTQuRDgskl7-3Y/edit,"June 17, 2026",
Africa,Ethiopia,Workpay,David,Preferred Vendor,Local EOR ,USD 470 - 570,USD 0 - equivalent of service fee,1 month salary,N/A,TBC,,USD 320,N/A,1 month Salary ,N/A,,,WKP,Uses Vendor,Established Contact," fn@myworkpay.com,
 zn@myworkpay.com","Frances Nzekwue, Ziphozihle Ntlakaza","5 June, 2026",Reminder Sent,https://docs.google.com/spreadsheets/d/1w0jqjlb9vUL_Lb7NHP45wKJcnWeX_D_--e6xf_W6ypc/edit,7/15/2026,Tier 2
Africa,Ethiopia,Workpay,David,Preferred Vendor,Expat EOR,USD 470 - 570,USD 0 - equivalent of service fee,1 month salary,N/A,TBC,,USD 320,N/A,1 month Salary ,N/A,,,WKP,Uses Vendor,Established Contact," fn@myworkpay.com,
 zn@myworkpay.com","Frances Nzekwue, Ziphozihle Ntlakaza","5 June, 2026",Reminder Sent,https://docs.google.com/spreadsheets/d/1w0jqjlb9vUL_Lb7NHP45wKJcnWeX_D_--e6xf_W6ypc/edit,7/15/2026,Tier 2
Europe,Faroe Islands (Denmark),Swapp Agency,David,Poor Quality Vendor,Local EOR ,,,,,,,EUR 500,N/A,,N/A,N/A,"• From a contract perspective, our legal team finds them unprofessional",,Direct Entity,,info@swappagency.com,David,"5 June, 2026",Vendor Responded,https://docs.google.com/spreadsheets/d/1w4YLC1WECZUgYTPnQVC_ZavmPTUmV0bkPOEY25KG4pk/edit,"July 15, 2026",
Europe,Faroe Islands (Denmark),Horizons ,David,Preferred Vendor,Local EOR ,USD 550 - 650,USD 0 - 500,1 month,N/A,N/A,,USD 399,N/A,1 month,N/A,N/A,,HRZ,Uses Vendor,Established Contact,echo.li@joinhorizons.com,Echo Li,"5 June, 2026",Reminder Sent,https://docs.google.com/spreadsheets/d/10bk8I5ARIdOhETpt_8e5lTYq61dqCD5HM9903xPywTM/edit,7/15/2026,
Ocenia,Fiji,Bradford Jacobs,Jasmine,Preferred Vendor,Local EOR ,EUR 650 - 750,EUR 650 - 750,1 month,N/A,N/A,,EUR 500,EUR 500,1 month,N/A,,,BFJ,Uses Vendor,,k.nolan@bradfordjacobs.com,Kelly Nolan,"5 June, 2026",Reminder Sent,https://docs.google.com/spreadsheets/d/1qcQBw7034L9B0NSXOC38XkMU1wg2eROqWYyMtiobk-M/edit,7/15/2026,
Europe,Finland,Bradford Jacobs,Jasmine,,Local EOR ,,,,,,,EUR 500,EUR 500,1 month,N/A,,"• Use TopSource as vendor, but pricing is partner pricing, so will get lower quotation than from TopSource directly",BFJ,Uses Vendor,,k.nolan@bradfordjacobs.com,Kelly Nolan,"5 June, 2026",Reminder Sent,https://docs.google.com/spreadsheets/d/1qcQBw7034L9B0NSXOC38XkMU1wg2eROqWYyMtiobk-M/edit,7/15/2026,
Europe,Finland,GTS Nordics,Jasmine,,Local EOR ,,,,,,,EUR 600 ,N/A,N/A,N/A,N/A,"• EUR 50 for out of cycle payment/Correction
• EUR 100 for health insurance",,Direct Entity,,p.foldberg@gtsnordic.com,Peter Foldberg,"5 June, 2026",Reminder Sent,https://docs.google.com/spreadsheets/d/15ZJVedB9wxDBI_oX1-LaMKlsRn4UYdyLWxhBckTDxCo/edit,"July 15, 2026",
Europe,Finland,GTS Nordics,Jasmine,,Expat EOR,,,,,,,EUR 600 ,N/A,N/A,N/A,N/A,"• EUR 50 for out of cycle payment/Correction
• EUR 100 for health insurance",,Direct Entity,,p.foldberg@gtsnordic.com,Peter Foldberg,"5 June, 2026",Reminder Sent,https://docs.google.com/spreadsheets/d/15ZJVedB9wxDBI_oX1-LaMKlsRn4UYdyLWxhBckTDxCo/edit,"July 15, 2026",
Europe,Finland,Horizons,David,Backup Vendor,Local EOR ,,,,,,,USD 399,N/A,1 month,N/A,N/A,,HRZ,Uses Vendor,Established Contact,echo.li@joinhorizons.com,Echo Li,"5 June, 2026",Reminder Sent,https://docs.google.com/spreadsheets/d/10bk8I5ARIdOhETpt_8e5lTYq61dqCD5HM9903xPywTM/edit,"July 15, 2026",
Europe,Finland,Horizons,David,Backup Vendor,Expat EOR,,,,,,,USD 499,N/A,1 month,N/A,"for expatriates, VAT may apply depending on the local regulations.",,HRZ,Uses Vendor,Established Contact,echo.li@joinhorizons.com,Echo Li,"5 June, 2026",Reminder Sent,https://docs.google.com/spreadsheets/d/10bk8I5ARIdOhETpt_8e5lTYq61dqCD5HM9903xPywTM/edit,"July 15, 2026",
Europe,Finland,Enterprise Workforce Solutions,David,Backup Vendor,Local EOR ,,,,,,,USD 375,N/A,N/A,N/A,,,"
EWS",Direct Entity,Established Contact,omar@ews-limited.com,Omar Hassan ,"5 June, 2026",Reminder Sent,https://docs.google.com/spreadsheets/d/18SBM1yJ907dNTN114MJrnoU4yBfBiKkT3I8HzL4dldo/edit,"July 15, 2026",
Europe,Finland,Enterprise Workforce Solutions,David,Preferred Vendor,Expat EOR,USD 600 - 700,USD 0 - 500 ,1 month,N/A,N/A,,USD 450,N/A,N/A,N/A,,,"
EWS",Direct Entity,Established Contact,omar@ews-limited.com,Omar Hassan ,"5 June, 2026",Reminder Sent,https://docs.google.com/spreadsheets/d/18SBM1yJ907dNTN114MJrnoU4yBfBiKkT3I8HzL4dldo/edit,7/15/2026,
Europe,Finland,Remote,David,Preferred Vendor,Local EOR ,USD 450 - 550,USD 0 - 250,1 month,"Involuntary Termination: USD 500 (termination initiated by client, not by resignation or natural contract expiration)",N/A,"• USD 200 right-to-work check mandatory for all expats (even self-sponsored)
• USD 500 immigration assessment fee for visa sponsorship feasibility check",USD 300,N/A,N/A,Involuntary Termination: USD 350,N/A,"• USD 120 right-to-work check mandatory for all expats (even self-sponsored)
• USD 400 immigration assessment fee for visa sponsorship feasibility check",RMT,Direct Entity,Signed MSA,"jasmine.chang@remote.com ,aisha.saeed@remote.com, ena.hazrolaj@remote.com","Jasmine Chang (Customer Success Manager), Aisha Saeed, Ena Hazrolaj  (Account Manager)","31 December, 2026",Pricing in Contract,,,
Europe,Finland,Native Teams,Jasmine,Poor Quality Vendor,Local EOR ,,,,,,,"• EUR 79 up to €1,500 processed per month
• EUR 129 up to €5,500 processed per month
• EUR 219 over €5,500 processed per month",N/A,N/A,N/A,N/A,,NTV,Direct Entity,Signed MSA,deren@nteams.com,Deren Kankurt,"31 December, 2026",Pricing in Contract,,,Tier 2
Europe,Finland,Swapp Agency,David,Poor Quality Vendor,Local EOR ,,,,,,,EUR 500,N/A,,N/A,N/A,"• From a contract perspective, our legal team finds them unprofessional",,Direct Entity,,info@swappagency.com,David,"5 June, 2026",Vendor Responded,https://docs.google.com/spreadsheets/d/1w4YLC1WECZUgYTPnQVC_ZavmPTUmV0bkPOEY25KG4pk/edit,"July 15, 2026",
Europe,France,Leap 29,Jasmine,,Local EOR ,,,,,,,EUR 600 (no sponsorship available),,,N/A,N/A,"• Leap 29 is also live in Spain, Portugal and Netherlands with the ability to support immigration.",LEP,Direct Entity,Signed MSA,mtoulet@leap29.com,Maguelone Toulet,"5 June, 2026",Vendor Responded,https://docs.google.com/spreadsheets/d/1NLr0DnvsAL8SOZvwNuR6Rp_PWy-sGijm5n4k4TJQUaE/edit,"June 17, 2026",Tier 2
Europe,France,Euro Dev,David,,Local EOR ,,,,,,,17%,EUR2500 (entity establishment) + EUR2000 (entity registration),,N/A,N/A,,,Direct Entity,,m.ramondt@eurodev.com,Monique Ramondt-Sanders,"5 June, 2026",Reminder Sent,https://docs.google.com/spreadsheets/d/1Krs3M2QnTEKOH8x2PNKsq1pUU0R8h1_9jL_XNhJL0ko/edit,"July 15, 2026",
Europe,France,Azure Global,David,,Local EOR ,,,,,,,GBP 650,,,,,,AZR,Unknown,,Ian@azureglobal.com,Ian Campbell,"5 June, 2026",Reminder Sent,https://docs.google.com/spreadsheets/d/15NFhmwxb0MYodBdJq1TTiYfRMYW1y5Itge202TLAZEo/edit,"July 15, 2026",
Europe,France,Parakar,Jasmine,Backup Vendor,Local EOR ,,,,,,,"7.5% on TEC min EUR 700
• If offboarding exceeds 4 hours of work by our HR Operations team, additional hours will be charged at 150 EUR per hour.
• Off-cycle fee EUR 250
• Retro-active onboarding date change: EUR 250",1 month service fee,"2 months, if set up a partnership with Slasify then 1 month",1 month of service fee,N/A,• Pricing is updated twice a year on January 1st and July 1st,PRK,Direct Entity,,"• Margaux Fauconnier and Gonzalo Serra Bruno via email address: partners@parakar.eu for all operational questions and requests.
• Aaron den Ouden, Business Development Manager, via email address: partners@parakar.eu for all commercial questions and requests.","• Margaux Fauconnier and Gonzalo Serra Bruno via email address: partners@parakar.eu for all operational questions and requests.
• Aaron den Ouden, Business Development Manager, via email address: partners@parakar.eu for all commercial questions and requests.","5 June, 2026",Approved,https://docs.google.com/spreadsheets/d/1VNH9U58x_GXanDYcTW0LjVjKNs9IknqIKFEwXHJkzOU/edit,"July 8, 2026",
Europe,France,Tarmack,David,,Local EOR ,,,,,,,"• EUR 199 (1 to 5) 
• EUR 179 (6 to 10) 
• EUR 159 (11+)",TBC,TBC,TBC,TBC,• Uses local vendor for expat EOR,,,,"manish.j@tarmack.com,
ashish.sidhu@tarmack.com",Manish Jajodia,"4 June, 2027",Active,https://docs.google.com/spreadsheets/d/1XNZNgANvT6LbL8gQ2Lle69EDiIqrEXD1dDB_M3qf-bQ/edit,"June 10, 2026",
Europe,France,Horizons,David,Backup Vendor,Local EOR ,,,,,,,USD 399,N/A,1 month,N/A,N/A,,HRZ,Direct Entity,Established Contact,echo.li@joinhorizons.com,Echo Li,"5 June, 2026",Reminder Sent,https://docs.google.com/spreadsheets/d/10bk8I5ARIdOhETpt_8e5lTYq61dqCD5HM9903xPywTM/edit,"July 15, 2026",
Europe,France,Horizons,David,Backup Vendor,Expat EOR,,,,,,,USD 449,N/A,1 month,N/A,"for expatriates, VAT may apply depending on the local regulations.",,HRZ,Direct Entity,Established Contact,echo.li@joinhorizons.com,Echo Li,"5 June, 2026",Reminder Sent,https://docs.google.com/spreadsheets/d/10bk8I5ARIdOhETpt_8e5lTYq61dqCD5HM9903xPywTM/edit,"July 15, 2026",
Europe,France,Rivermate,David,Preferred Vendor,Expat EOR,EUR 500 - 700,EUR 0 - 700,1 month ,N/A,,,EUR 350 ,N/A,1 month,N/A,,,HTK,Direct Entity,Signed MSA,bassem.benhassine@hightekers.com,Bassem Ben Hassine ,"31 December, 2026",Pricing in Contract,,,
Europe,France,Enterprise Workforce Solutions,David,Backup Vendor,Local EOR ,,,,,,,USD 375,N/A,N/A,N/A,,,"
EWS",Direct Entity,Established Contact,omar@ews-limited.com,Omar Hassan ,"5 June, 2026",Reminder Sent,https://docs.google.com/spreadsheets/d/18SBM1yJ907dNTN114MJrnoU4yBfBiKkT3I8HzL4dldo/edit,"July 15, 2026",
Europe,France,Enterprise Workforce Solutions,David,Preferred Vendor,Expat EOR,USD 600 - 700,USD 0 - 500 ,1 month,N/A,N/A,,USD 450,N/A,N/A,N/A,,,"
EWS",Direct Entity,Established Contact,omar@ews-limited.com,Omar Hassan ,"5 June, 2026",Reminder Sent,https://docs.google.com/spreadsheets/d/18SBM1yJ907dNTN114MJrnoU4yBfBiKkT3I8HzL4dldo/edit,7/15/2026,
Europe,France,Remote,David,Preferred Vendor,Local EOR ,USD 450 - 550,USD 0 - 250,1 month,"Involuntary Termination: USD 500 (termination initiated by client, not by resignation or natural contract expiration)",N/A,"• USD 200 right-to-work check mandatory for all expats (even self-sponsored)
• USD 500 immigration assessment fee for visa sponsorship feasibility check",USD 300,N/A,N/A,Involuntary Termination: USD 350,N/A,"• USD 120 right-to-work check mandatory for all expats (even self-sponsored)
• USD 400 immigration assessment fee for visa sponsorship feasibility check",RMT,Direct Entity,Signed MSA,"jasmine.chang@remote.com ,aisha.saeed@remote.com, ena.hazrolaj@remote.com","Jasmine Chang (Customer Success Manager), Aisha Saeed, Ena Hazrolaj  (Account Manager)","31 December, 2026",Pricing in Contract,,,
Europe,France,Native Teams,Jasmine,Poor Quality Vendor,Local EOR ,,,,,,,"• EUR 79 up to €1,500 processed per month
• EUR 129 up to €5,500 processed per month
• EUR 219 over €5,500 processed per month",N/A,N/A,N/A,N/A,• Provides visa sponsorship,NTV,Direct Entity,Signed MSA,deren@nteams.com,Deren Kankurt,"31 December, 2026",Pricing in Contract,,,Tier 2
Europe,France,Chronos,David,,Local EOR ,,,,,,,EUR 950,"EUR 1,200",,EUR500 + legal fees (if a lawyer is required),N/A,,,Direct Entity,,apurves@chronosconsulting.com,Adrienne Purves,"5 June, 2026",Reminder Sent,https://docs.google.com/spreadsheets/d/1042Q9RkagUnd3b90hxY8pr1J2udJBt06dTzcmdYEwjY/edit,"July 15, 2026",
Africa,Gabon,Workforce Africa,David,Preferred Vendor,Local EOR ,USD 650 - 750,USD 350 - equivalent of service fee,1 month salary,USD 350,18% on service fee,,USD 500,USD 200,N/A,USD 200,18% on service fee,"• Pricing valid until December 31st, 2025",WFA,Uses Vendor,Signed MSA,justina.gabriel@workforcegroup.com,Justina Gabriel,"5 June, 2026",Reminder Sent,https://docs.google.com/spreadsheets/d/13pdolFV6P_EBVi5xsPKvdXzW76jB60buVkpZYMEoxJk/edit,7/15/2026,
Africa,Gabon,Workforce Africa,David,Preferred Vendor,Expat EOR,USD 700 - 800,USD 350 - equivalent of service fee,1 month salary,USD 350,18% on service fee,,USD 550,USD 200,N/A,USD 200,18% on service fee,"• Pricing valid until December 31st, 2025",WFA,Uses Vendor,Signed MSA,justina.gabriel@workforcegroup.com,Justina Gabriel,"5 June, 2026",Reminder Sent,https://docs.google.com/spreadsheets/d/13pdolFV6P_EBVi5xsPKvdXzW76jB60buVkpZYMEoxJk/edit,7/15/2026,
Europe,Georgia,FChain,David,Preferred Vendor,Local EOR ,"USD 550 - 650 (for salary up to USD 4,000)
• 10% on reimbursement and bonus",USD 550 - 650,1 month gross salary,N/A,N/A,"• Expats can live and work in Georgia for 364 days a year without work permit, once they cross the border the countdown of 364 days starts from the beginning. So work permit is not required. But if they want personally to apply for residency then provision of documents from us as Employer is EUR 300","• 10% min USD 400
• 10% on reimbursement and bonus",USD 400,1 month gross salary + service fee,N/A,N/A,"• Expats can live and work in Georgia for 364 days a year without work permit, once they cross the border the countdown of 364 days starts from the beginning. So work permit is not required. But if they want personally to apply for residency then provision of documents from us as Employer is EUR 300",FCH,Direct Entity,,elekishvili@f-chain.com,Ella Lekishvili,"5 June, 2026",Approved,https://docs.google.com/spreadsheets/d/10iWZAp5RXBiwls81G9UZm52Z6prAZhxEf6TNGcU-xF8/edit?usp=sharing,7/1/2026,
Europe,Georgia,Remote,David,Preferred Vendor,Local EOR ,USD 450 - 550,USD 0 - 250,1 month,"Involuntary Termination: USD 500 (termination initiated by client, not by resignation or natural contract expiration)",N/A,"• USD 200 right-to-work check mandatory for all expats (even self-sponsored)
• USD 500 immigration assessment fee for visa sponsorship feasibility check",USD 300,N/A,N/A,Involuntary Termination: USD 350,N/A,"• USD 120 right-to-work check mandatory for all expats (even self-sponsored)
• USD 400 immigration assessment fee for visa sponsorship feasibility check",RMT,Direct Entity,Signed MSA,"jasmine.chang@remote.com ,aisha.saeed@remote.com, ena.hazrolaj@remote.com","Jasmine Chang (Customer Success Manager), Aisha Saeed, Ena Hazrolaj  (Account Manager)","31 December, 2026",Pricing in Contract,,,
Europe,Georgia,Horizons ,David,Backup Vendor,Local EOR ,,,,,,,USD 399,N/A,1 month,N/A,N/A,,HRZ,Uses Vendor,Established Contact,echo.li@joinhorizons.com,Echo Li,"5 June, 2026",Reminder Sent,https://docs.google.com/spreadsheets/d/10bk8I5ARIdOhETpt_8e5lTYq61dqCD5HM9903xPywTM/edit,7/15/2026,
Europe,Georgia,Enterprise Workforce Solutions,David,Backup Vendor,Local EOR ,,,,,,,USD 375,N/A,N/A,N/A,,,"
EWS",Direct Entity,Established Contact,omar@ews-limited.com,Omar Hassan ,"5 June, 2026",Reminder Sent,https://docs.google.com/spreadsheets/d/18SBM1yJ907dNTN114MJrnoU4yBfBiKkT3I8HzL4dldo/edit,7/15/2026,
Europe,Georgia,Enterprise Workforce Solutions,David,Preferred Vendor,Expat EOR,USD 600 - 700,USD 0 - 500 ,1 month,N/A,N/A,,USD 450,N/A,N/A,N/A,,,"
EWS",Direct Entity,Established Contact,omar@ews-limited.com,Omar Hassan ,"5 June, 2026",Reminder Sent,https://docs.google.com/spreadsheets/d/18SBM1yJ907dNTN114MJrnoU4yBfBiKkT3I8HzL4dldo/edit,7/15/2026,
Europe,Georgia,NH Consulting ,David,Backup Vendor,Local EOR ,,,,,,,"USD 430 + 2% for currency exchange rate on invoice
• 5% reimbursement of costs",N/A,1 month ,,,,,,,anna.obraz@nh-logistics.com,Anna Obraz,"30 December, 2026",Active,https://docs.google.com/spreadsheets/d/1tMKLXxYn-nSYNrrh2MFNEQxds94ebQEgT0sl92_Ix-0/edit,,
Europe,Georgia,NH Consulting ,David,Backup Vendor,Expat EOR,,,,,,,"USD 450 + 2% for currency exchange rate on invoice
• 5% reimbursement of costs",N/A,1 month ,,,,,,,anna.obraz@nh-logistics.com,Anna Obraz,"30 December, 2026",Active,https://docs.google.com/spreadsheets/d/1tMKLXxYn-nSYNrrh2MFNEQxds94ebQEgT0sl92_Ix-0/edit,,
Europe,Georgia,Native Teams,Jasmine,Poor Quality Vendor,Local EOR ,,,,,,,"• EUR 79 up to €1,500 processed per month
• EUR 129 up to €5,500 processed per month
• EUR 219 over €5,500 processed per month",N/A,N/A,N/A,N/A,,NTV,Direct Entity,Signed MSA,deren@nteams.com,Deren Kankurt,"31 December, 2026",Pricing in Contract,,,Tier 2
Europe,Germany,Leap 29,Jasmine,,Local EOR ,,,,,,,EUR 600,,1 month,N/A,N/A,"• Leap 29 is also live in Spain, Portugal and Netherlands with the ability to support immigration.",LEP,Direct Entity,Signed MSA,mtoulet@leap29.com,Maguelone Toulet,"5 June, 2026",Vendor Responded,https://docs.google.com/spreadsheets/d/1NLr0DnvsAL8SOZvwNuR6Rp_PWy-sGijm5n4k4TJQUaE/edit,"June 17, 2026",Tier 2
Europe,Germany,Leap 29,Jasmine,Preferred Vendor,Expat EOR,EUR 750 - 850,EUR 0 - 500,1 month,N/A,N/A,,EUR 600,,1 month,N/A,N/A,,LEP,Direct Entity,Signed MSA,mtoulet@leap29.com,Maguelone Toulet,"5 June, 2026",Vendor Responded,https://docs.google.com/spreadsheets/d/1NLr0DnvsAL8SOZvwNuR6Rp_PWy-sGijm5n4k4TJQUaE/edit,6/17/2026,Tier 2
Europe,Germany,Bradford Jacobs,Jasmine,,Local EOR ,,,,,,,EUR 500,EUR 500,1 month,N/A,,"• Use TopSource as vendor, but pricing is partner pricing, so will get lower quotation than from TopSource directly
• The vendor provides visa sponsorship, but requires to sign with end client directly",BFJ,Uses Vendor,,k.nolan@bradfordjacobs.com,Kelly Nolan,"5 June, 2026",Reminder Sent,https://docs.google.com/spreadsheets/d/1qcQBw7034L9B0NSXOC38XkMU1wg2eROqWYyMtiobk-M/edit,7/15/2026,
Europe,Germany,Bradford Jacobs,Jasmine,,Expat EOR,,,,,,,"EUR 1,000",EUR 700,1 month,N/A,,"• Use TopSource as vendor, but pricing is partner pricing, so will get lower quotation than from TopSource directly
• Work permit information link
• The vendor provides visa sponsorship, but requires to sign with end client directly",BFJ,Uses Vendor,,k.nolan@bradfordjacobs.com,Kelly Nolan,"5 June, 2026",Reminder Sent,https://docs.google.com/spreadsheets/d/1qcQBw7034L9B0NSXOC38XkMU1wg2eROqWYyMtiobk-M/edit,7/15/2026,
Europe,Germany,Remote,David,Preferred Vendor,Local EOR ,USD 450 - 550,USD 0 - 250,1 month,"Involuntary Termination: USD 500 (termination initiated by client, not by resignation or natural contract expiration)",N/A,"• USD 200 right-to-work check mandatory for all expats (even self-sponsored)
• USD 500 immigration assessment fee for visa sponsorship feasibility check",USD 300,N/A,N/A,Involuntary Termination: USD 350,N/A,"• USD 120 right-to-work check mandatory for all expats (even self-sponsored)
• USD 400 immigration assessment fee for visa sponsorship feasibility check",RMT,Direct Entity,Signed MSA,"jasmine.chang@remote.com ,aisha.saeed@remote.com, ena.hazrolaj@remote.com","Jasmine Chang (Customer Success Manager), Aisha Saeed, Ena Hazrolaj  (Account Manager)","31 December, 2026",Pricing in Contract,,,
Europe,Germany,HRSolution Internations GmbH,Jasmine,,Local EOR ,,,,,,,"EUR 600 (up to a salary of EUR 120,000)",EUR 750,2 month,EUR 500,N/A,"• Came down to EUR 450 for a project (Mar 23, 2022)",,Direct Entity,,lucy.benneck@hrsolution.ag,Lucy Benneck,"5 June, 2026",Vendor Responded,https://docs.google.com/spreadsheets/d/1kKMP8973JfkMbfxfHF94zL1ZrCKvXpQQRM8WWESJ4NE/edit,"June 17, 2026",
Europe,Germany,Link Compliance,Jasmine,Poor Quality Vendor,Local EOR ,,,,,,,USD 400,N/A,1 month TEC,N/A,N/A,,LKC,Direct Entity,Signed MSA,fh@linkcompliance.com,Flora Huang,"5 June, 2026",Reminder Sent,https://docs.google.com/spreadsheets/d/1RA6pnGjHaCfGyTM-qHBJV-ANhTOn5fsxEWfjOW8b8Ck/edit,"July 15, 2026",
Europe,Germany,Native Teams,Jasmine,Poor Quality Vendor,Local EOR ,,,,,,,"• EUR 79 up to €1,500 processed per month
• EUR 129 up to €5,500 processed per month
• EUR 219 over €5,500 processed per month",N/A,N/A,N/A,N/A,• Provides visa sponsorship,NTV,Direct Entity,Signed MSA,deren@nteams.com,Deren Kankurt,"31 December, 2026",Pricing in Contract,,,Tier 2
Europe,Germany,Tarmack,David,,Local EOR ,,,,,,,• EUR 299,N/A,Duration of Notice Period + 1 month Service Fee,N/A,N/A,• Currently no AUG license,,,,"manish.j@tarmack.com,
ashish.sidhu@tarmack.com",Manish Jajodia,"4 June, 2027",Active,https://docs.google.com/spreadsheets/d/1XNZNgANvT6LbL8gQ2Lle69EDiIqrEXD1dDB_M3qf-bQ/edit,"June 10, 2026",
Europe,Germany,Tarmack,David,,Local EOR ,,,,,,,• EUR 299,N/A,Duration of Notice Period + 1 month Service Fee,N/A,N/A,• Currently no AUG license,,,,"manish.j@tarmack.com,
ashish.sidhu@tarmack.com",Manish Jajodia,"4 June, 2027",Active,https://docs.google.com/spreadsheets/d/1XNZNgANvT6LbL8gQ2Lle69EDiIqrEXD1dDB_M3qf-bQ/edit,"June 10, 2026",
Europe,Germany,Horizons,David,Backup Vendor,Local EOR ,,,,,,,USD 399,N/A,1 month,N/A,N/A,,HRZ,Direct Entity,Established Contact,echo.li@joinhorizons.com,Echo Li,"5 June, 2026",Reminder Sent,https://docs.google.com/spreadsheets/d/10bk8I5ARIdOhETpt_8e5lTYq61dqCD5HM9903xPywTM/edit,"July 15, 2026",
Europe,Germany,Horizons,David,Backup Vendor,Expat EOR,,,,,,,USD 449,N/A,1 month,N/A,"for expatriates, VAT may apply depending on the local regulations.",,HRZ,Direct Entity,Established Contact,echo.li@joinhorizons.com,Echo Li,"5 June, 2026",Reminder Sent,https://docs.google.com/spreadsheets/d/10bk8I5ARIdOhETpt_8e5lTYq61dqCD5HM9903xPywTM/edit,"July 15, 2026",
Europe,Germany,Rivermate,David,Preferred Vendor,Expat EOR,EUR 500 - 700,EUR 0 - 700,1 month ,N/A,,,EUR 350 ,N/A,1 month,N/A,,,HTK,Direct Entity,Signed MSA,bassem.benhassine@hightekers.com,Bassem Ben Hassine ,"31 December, 2026",Pricing in Contract,,,
Europe,Germany,Enterprise Workforce Solutions,David,Backup Vendor,Local EOR ,,,,,,,USD 375,N/A,N/A,N/A,,,"
EWS",Direct Entity,Established Contact,omar@ews-limited.com,Omar Hassan ,"5 June, 2026",Reminder Sent,https://docs.google.com/spreadsheets/d/18SBM1yJ907dNTN114MJrnoU4yBfBiKkT3I8HzL4dldo/edit,"July 15, 2026",
Europe,Germany,Enterprise Workforce Solutions,David,Backup Vendor,Expat EOR,,,,,,,USD 450,N/A,N/A,N/A,,,"
EWS",Direct Entity,Established Contact,omar@ews-limited.com,Omar Hassan ,"5 June, 2026",Reminder Sent,https://docs.google.com/spreadsheets/d/18SBM1yJ907dNTN114MJrnoU4yBfBiKkT3I8HzL4dldo/edit,"July 15, 2026",
Europe,Germany,Parakar,Jasmine,Backup Vendor,Local EOR ,,,,,,,"7.5% of CTC min EUR 600
• If offboarding exceeds 4 hours of work by our HR Operations team, additional hours will be charged at 150 EUR per hour.
• Off-cycle fee EUR 250
• Retro-active onboarding date change: EUR 250",1 month service fee,1 month,1 month of service fee,N/A,12/22/2025,PRK,Direct Entity,Signed MSA,"• Margaux Fauconnier and Gonzalo Serra Bruno via email address: partners@parakar.eu for all operational questions and requests.
• Aaron den Ouden, Business Development Manager, via email address: partners@parakar.eu for all commercial questions and requests.","• Margaux Fauconnier and Gonzalo Serra Bruno via email address: partners@parakar.eu for all operational questions and requests.
• Aaron den Ouden, Business Development Manager, via email address: partners@parakar.eu for all commercial questions and requests.","5 June, 2026",Approved,https://docs.google.com/spreadsheets/d/1VNH9U58x_GXanDYcTW0LjVjKNs9IknqIKFEwXHJkzOU/edit,"July 8, 2026",
Europe,Germany,Parakar,Jasmine,Backup Vendor,Expat EOR,,,,,,,"7.5% of CTC min EUR 600
• If offboarding exceeds 4 hours of work by our HR Operations team, additional hours will be charged at 150 EUR per hour.
• Off-cycle fee EUR 250
• Retro-active onboarding date change: EUR 250",1 month service fee,2 months,1 month of service fee,N/A,12/22/2025,PRK,Direct Entity,Signed MSA,"• Margaux Fauconnier and Gonzalo Serra Bruno via email address: partners@parakar.eu for all operational questions and requests.
• Aaron den Ouden, Business Development Manager, via email address: partners@parakar.eu for all commercial questions and requests.","• Margaux Fauconnier and Gonzalo Serra Bruno via email address: partners@parakar.eu for all operational questions and requests.
• Aaron den Ouden, Business Development Manager, via email address: partners@parakar.eu for all commercial questions and requests.","5 June, 2026",Approved,https://docs.google.com/spreadsheets/d/1VNH9U58x_GXanDYcTW0LjVjKNs9IknqIKFEwXHJkzOU/edit,"July 8, 2026",
Africa,Ghana,Workforce Africa,David,Backup Vendor,Local EOR ,,,,,,,USD 400,USD 200,N/A,USD 200,15% on service fee & NHIL fund,12/22/2025,WFA,Uses Vendor,Signed MSA,justina.gabriel@workforcegroup.com,Justina Gabriel,"5 June, 2026",Reminder Sent,https://docs.google.com/spreadsheets/d/13pdolFV6P_EBVi5xsPKvdXzW76jB60buVkpZYMEoxJk/edit,"July 15, 2026",
Africa,Ghana,Workforce Africa,David,Backup Vendor,Expat EOR,,,,,,,USD 450,USD 200,N/A,USD 200,15% on service fee & NHIL fund,"• Pricing valid until December 31st, 2048",WFA,Uses Vendor,Signed MSA,justina.gabriel@workforcegroup.com,Justina Gabriel,"5 June, 2026",Reminder Sent,https://docs.google.com/spreadsheets/d/13pdolFV6P_EBVi5xsPKvdXzW76jB60buVkpZYMEoxJk/edit,"July 15, 2026",
Africa,Ghana,Africa HR Solutions,David,Backup Vendor,Local EOR ,,,,,,,USD 350 ,USD 350 ,1 month ,USD 90/EE,,third-party expenses and disbursements are charged by Africa HR Solutions at cost + 10%.,,Direct Entity,Established Contact,ggeraghty@africa-hr.com,Grant Geraghty,"5 June, 2026",Active,https://docs.google.com/spreadsheets/d/16l8VyrJGEBOUb3_o77qAv4YEy0q7AgTQuRDgskl7-3Y/edit,"June 17, 2026",
Africa,Ghana,Workpay ,David,Backup Vendor,Local EOR ,,,,,,,USD 320,N/A,1 month Salary ,N/A,,,WKP,Direct Entity,Established Contact," fn@myworkpay.com,
 zn@myworkpay.com","Frances Nzekwue, Ziphozihle Ntlakaza","5 June, 2026",Reminder Sent,https://docs.google.com/spreadsheets/d/1w0jqjlb9vUL_Lb7NHP45wKJcnWeX_D_--e6xf_W6ypc/edit,"July 15, 2026",Tier 2
Africa,Ghana,Workpay ,David,Backup Vendor,Expat EOR,,,,,,,USD 320,N/A,1 month Salary ,N/A,,,WKP,Direct Entity,Established Contact," fn@myworkpay.com,
 zn@myworkpay.com","Frances Nzekwue, Ziphozihle Ntlakaza","5 June, 2026",Reminder Sent,https://docs.google.com/spreadsheets/d/1w0jqjlb9vUL_Lb7NHP45wKJcnWeX_D_--e6xf_W6ypc/edit,"July 15, 2026",Tier 2
Africa,Ghana,Kharis Global Group ,David,Preferred Vendor,Local EOR ,USD 350 - 450,USD 0 - 250,1 month,N/A,N/A,,USD 200,N/A,N/A,,,12/22/2025,,Direct Entity,Established Contact,selorm@kharisglobalgroup.com,Eugene Selorm Akorli,"25 June, 2026",Vendor Responded,https://docs.google.com/spreadsheets/d/1bnCL389hf2xzwdLuTbd5E0JRdpjLqBVucpy7USIqz2I/edit,7/12/2026,
Africa,Ghana,Kharis Global Group ,David,Preferred Vendor,Expat EOR,USD 400 - 500,USD 0 - 250,1 month,N/A,N/A,,USD 250,N/A,N/A,,,,,Direct Entity,Established Contact,selorm@kharisglobalgroup.com,Eugene Selorm Akorli,"25 June, 2026",Vendor Responded,https://docs.google.com/spreadsheets/d/1bnCL389hf2xzwdLuTbd5E0JRdpjLqBVucpy7USIqz2I/edit,7/12/2026,
Africa,Ghana,Remote Solutions Africa ,David,Backup Vendor,Local EOR ,,,,,,,USD 250,N/A,N/A,N/A,7.5 % of the service fee,We don't charge deposit as long as we receive the invoice payment on the 20th of each month//Reimbursement Fee: 4% of the total reimbursement //  20 USD bank transfer fee,RSA,Uses Vendor,Established Contact,moses.a@remotesolutionsafrica.com,Moses,"5 June, 2026",Reminder Sent,https://docs.google.com/spreadsheets/d/1-0VoGr6iIfXVV0l8SqaHo0p-ZCELZEMJiFpvK7R1zmQ/edit,"July 15, 2026",
Africa,Ghana,Remote Solutions Africa ,David,Backup Vendor,Expat EOR,,,,,,,USD 300,N/A,N/A,N/A,7.5 % of the service fee,We don't charge deposit as long as we receive the invoice payment on the 20th of each month//Reimbursement Fee: 4% of the total reimbursement //  20 USD bank transfer fee,RSA,Uses Vendor,Established Contact,moses.a@remotesolutionsafrica.com,Moses,"5 June, 2026",Reminder Sent,https://docs.google.com/spreadsheets/d/1-0VoGr6iIfXVV0l8SqaHo0p-ZCELZEMJiFpvK7R1zmQ/edit,"July 15, 2026",
Africa,Ghana,Horizons,David,Backup Vendor,Local EOR ,,,,,,,USD 399,N/A,1 month,N/A,N/A,,HRZ,Uses Vendor,Established Contact,echo.li@joinhorizons.com,Echo Li,"5 June, 2026",Reminder Sent,https://docs.google.com/spreadsheets/d/10bk8I5ARIdOhETpt_8e5lTYq61dqCD5HM9903xPywTM/edit,"July 15, 2026",
Europe,Greece,LMW,Jasmine,Backup Vendor,Local EOR ,,,,,,,EUR 450,EUR 500,1 month,N/A,N/A,,,Direct Entity,,kolia@lmwgroup.com,Annita Kolia,"9 June, 2027",Active,https://docs.google.com/spreadsheets/d/10BOvLZMlSzuRD7fb5Reby5JBjfxCK-2aw70aeihpUU0/edit,"June 17, 2026",Tier 2
Europe,Greece,LMW,Jasmine,Backup Vendor,Expat EOR,,,,,,,EUR 650,EUR 500,1 month,N/A,N/A,,,Direct Entity,,kolia@lmwgroup.com,Annita Kolia,"9 June, 2027",Active,https://docs.google.com/spreadsheets/d/10BOvLZMlSzuRD7fb5Reby5JBjfxCK-2aw70aeihpUU0/edit,"June 17, 2026",Tier 2
Europe,Greece,AMCI,David,Preferred Vendor,Local EOR ,EUR 400 - 500,EUR 200 - 350,1 month,N/A,N/A,,EUR 250,EUR 200,N/A,N/A,N/A,,,Direct Entity,,mmelabianaki@amci.gr,Maria Melambianaki,"30 December, 2027",Active,https://docs.google.com/spreadsheets/d/1hGmDExo0-L-zitZ6HwdPJXl4ocBRRq8l3Un6DcaVQmE/edit,6/4/2026,
Europe,Greece,AMCI,David,Preferred Vendor,Expat EOR,EUR 500 - 600,EUR 200 - 450,1 month,N/A,N/A,,EUR 250,EUR 200,N/A,N/A,N/A,,,Direct Entity,,mmelabianaki@amci.gr,Maria Melambianaki,"30 December, 2027",Active,https://docs.google.com/spreadsheets/d/1hGmDExo0-L-zitZ6HwdPJXl4ocBRRq8l3Un6DcaVQmE/edit,6/4/2026,
Europe,Greece,Remote,David,Backup Vendor,Local EOR ,,,,,,,USD 300,N/A,N/A,Involuntary Termination: USD 350,N/A,12/22/2025,RMT,Direct Entity,Signed MSA,"jasmine.chang@remote.com ,aisha.saeed@remote.com, ena.hazrolaj@remote.com","Jasmine Chang (Customer Success Manager), Aisha Saeed, Ena Hazrolaj  (Account Manager)","31 December, 2026",Pricing in Contract,,,
Europe,Greece,Enterprise Workforce Solutions,David,Backup Vendor,Local EOR ,,,,,,,USD 375,N/A,N/A,N/A,,,"
EWS",Direct Entity,Established Contact,omar@ews-limited.com,Omar Hassan ,"5 June, 2026",Reminder Sent,https://docs.google.com/spreadsheets/d/18SBM1yJ907dNTN114MJrnoU4yBfBiKkT3I8HzL4dldo/edit,"July 15, 2026",
Europe,Greece,Enterprise Workforce Solutions,David,Backup Vendor,Expat EOR,,,,,,,USD 450,N/A,N/A,N/A,,,"
EWS",Direct Entity,Established Contact,omar@ews-limited.com,Omar Hassan ,"5 June, 2026",Reminder Sent,https://docs.google.com/spreadsheets/d/18SBM1yJ907dNTN114MJrnoU4yBfBiKkT3I8HzL4dldo/edit,"July 15, 2026",
Europe,Greece,Horizons ,David,Backup Vendor,Local EOR ,,,,,,,USD 399,N/A,1 month,N/A,N/A,,HRZ,Uses Vendor,Established Contact,echo.li@joinhorizons.com,Echo Li,"5 June, 2026",Reminder Sent,https://docs.google.com/spreadsheets/d/10bk8I5ARIdOhETpt_8e5lTYq61dqCD5HM9903xPywTM/edit,"July 15, 2026",
Europe,Greece,Horizons ,David,Backup Vendor,Expat EOR,,,,,,,USD 599,N/A,1 month,N/A,"for expatriates, VAT may apply depending on the local regulations.",,HRZ,Uses Vendor,Established Contact,echo.li@joinhorizons.com,Echo Li,"5 June, 2026",Reminder Sent,https://docs.google.com/spreadsheets/d/10bk8I5ARIdOhETpt_8e5lTYq61dqCD5HM9903xPywTM/edit,"July 15, 2026",
Europe,Greece,Native Teams,Jasmine,Poor Quality Vendor,Local EOR ,,,,,,,"• EUR 79 up to €1,500 processed per month
• EUR 129 up to €5,500 processed per month
• EUR 219 over €5,500 processed per month",N/A,N/A,N/A,N/A,,NTV,Direct Entity,Signed MSA,deren@nteams.com,Deren Kankurt,"31 December, 2026",Pricing in Contract,,,Tier 2
Asia,Guam,Bradford Jacobs,Jasmine,Preferred Vendor,Local EOR ,EUR 650 - 750,EUR 650 - 750,1 month,N/A,N/A,,EUR 500,EUR 500,1 month,N/A,,,BFJ,Uses Vendor,,k.nolan@bradfordjacobs.com,Kelly Nolan,"5 June, 2026",Reminder Sent,https://docs.google.com/spreadsheets/d/1qcQBw7034L9B0NSXOC38XkMU1wg2eROqWYyMtiobk-M/edit,7/15/2026,
Latin America,Guatemala,Biz Latin Hub,David,Inactive,Local EOR ,,,,,,,USD $750 or 13% of total monthly employee cost (whichever is greater) per Employee,USD 120,2 x monthly total employee cost	,USD 120,12% on total invoice,,,Direct Entity,Terminated,craig@bizlatinhub.com,Craig Dempsey,"5 June, 2026",Inactive,https://docs.google.com/spreadsheets/d/1fnqBZQEM3l1NN2d2Q4gYZmoROuNuXW8dau4BnptpfRc/edit,"June 10, 2026",Tier 0
Latin America,Guatemala,Remote,David,Preferred Vendor,Local EOR ,USD 450 - 550,USD 0 - 250,1 month,"Involuntary Termination: USD 500 (termination initiated by client, not by resignation or natural contract expiration)",N/A,"• USD 200 right-to-work check mandatory for all expats (even self-sponsored)
• USD 500 immigration assessment fee for visa sponsorship feasibility check",USD 300,N/A,N/A,Involuntary Termination: USD 350,N/A,"• USD 120 right-to-work check mandatory for all expats (even self-sponsored)
• USD 400 immigration assessment fee for visa sponsorship feasibility check",RMT,Direct Entity,Signed MSA,"jasmine.chang@remote.com ,aisha.saeed@remote.com, ena.hazrolaj@remote.com","Jasmine Chang (Customer Success Manager), Aisha Saeed, Ena Hazrolaj  (Account Manager)","31 December, 2026",Pricing in Contract,,,
Latin America,Guatemala,Horizons,David,Backup Vendor,Local EOR ,,,,,,,"USD 349
10% on expense reimbursement",N/A,1 month,N/A,N/A,,HRZ,Uses Vendor,Established Contact,echo.li@joinhorizons.com,Echo Li,"5 June, 2026",Reminder Sent,https://docs.google.com/spreadsheets/d/10bk8I5ARIdOhETpt_8e5lTYq61dqCD5HM9903xPywTM/edit,"July 15, 2026",
Latin America,Guatemala,Rivermate,David,,Local EOR ,,,,,,,"USD 250 

10% Service Fee on
• Insurance
• Expense Reimbursement

Out-of-cycle fee: USD 100",USD 100,1 month,N/A,,Bank Fee per Invoice: USD 85. 2.5% FX charge on Total Invoice ,SER,Direct Entity,,bassem.benhassine@hightekers.com	,Bassem Ben Hassine ,"5 June, 2026",Reminder Sent,https://docs.google.com/spreadsheets/d/1Hfh8owhyByJDd1SgekqltEc28d-fqYQBKrW9-h8co_w/edit,"July 15, 2026",
Latin America,Guatemala,Rivermate,David,,Expat EOR,,,,,,,"USD 550

10% Service Fee on
• Insurance
• Expense Reimbursement

Out-of-cycle fee: USD 100",USD 300,1 month,N/A,,Bank Fee per Invoice: USD 85. 2.5% FX charge on Total Invoice ,SER,Direct Entity,,bassem.benhassine@hightekers.com	,Bassem Ben Hassine ,"5 June, 2026",Reminder Sent,https://docs.google.com/spreadsheets/d/1Hfh8owhyByJDd1SgekqltEc28d-fqYQBKrW9-h8co_w/edit,"July 15, 2026",
Europe,Guernsey,Bradford Jacobs,Jasmine,Preferred Vendor,Local EOR ,EUR 650 - 750,EUR 650 - 750,1 month,N/A,N/A,,EUR 500,EUR 500,1 month,N/A,,,BFJ,Uses Vendor,,k.nolan@bradfordjacobs.com,Kelly Nolan,"5 June, 2026",Reminder Sent,https://docs.google.com/spreadsheets/d/1qcQBw7034L9B0NSXOC38XkMU1wg2eROqWYyMtiobk-M/edit,7/15/2026,
South America,Guyana ,Horizons ,David,Preferred Vendor,Local EOR ,USD 750 - 850,USD 0 - 500,1 month,N/A,N/A,,USD 599,N/A,1 month,N/A,N/A,,HRZ,Uses Vendor,Established Contact,echo.li@joinhorizons.com,Echo Li,"5 June, 2026",Reminder Sent,https://docs.google.com/spreadsheets/d/10bk8I5ARIdOhETpt_8e5lTYq61dqCD5HM9903xPywTM/edit,7/15/2026,
Latin America,Honduras,Biz Latin Hub,David,Inactive,Local EOR ,,,,,,,USD 800,,,N/A,"Applicable, need to double confirm",,,Direct Entity,Terminated,craig@bizlatinhub.com,Craig Dempsey,"5 June, 2026",Inactive,https://docs.google.com/spreadsheets/d/1fnqBZQEM3l1NN2d2Q4gYZmoROuNuXW8dau4BnptpfRc/edit,"June 10, 2026",Tier 0
Latin America,Honduras,Remote,David,Preferred Vendor,Local EOR ,USD 450 - 550,USD 0 - 250,1 month,"Involuntary Termination: USD 500 (termination initiated by client, not by resignation or natural contract expiration)",N/A,"• USD 200 right-to-work check mandatory for all expats (even self-sponsored)
• USD 500 immigration assessment fee for visa sponsorship feasibility check",USD 300,N/A,N/A,Involuntary Termination: USD 350,N/A,"• USD 120 right-to-work check mandatory for all expats (even self-sponsored)
• USD 400 immigration assessment fee for visa sponsorship feasibility check",RMT,Direct Entity,Signed MSA,"jasmine.chang@remote.com ,aisha.saeed@remote.com, ena.hazrolaj@remote.com","Jasmine Chang (Customer Success Manager), Aisha Saeed, Ena Hazrolaj  (Account Manager)","31 December, 2026",Pricing in Contract,,,
Asia,Hong Kong,Bradford Jacobs,Jasmine,,Local EOR ,,,,,,,EUR 500,EUR 500,1 month,N/A,,"• Use TopSource as vendor, but pricing is partner pricing, so will get lower quotation than from TopSource directly",BFJ,Uses Vendor,,k.nolan@bradfordjacobs.com,Kelly Nolan,"5 June, 2026",Reminder Sent,https://docs.google.com/spreadsheets/d/1qcQBw7034L9B0NSXOC38XkMU1wg2eROqWYyMtiobk-M/edit,7/15/2026,
Asia,Hong Kong,Manpower Group Hong Kong,Jasmine,,Expat EOR,,,,,,,18%,"HKD 2,500",3 months invoice,N/A,,link,MPHK,Direct Entity,Signed MSA,andrea.leung@manpowergrc.hk,Andrea Leung,"5 June, 2026",Reminder Sent,https://docs.google.com/spreadsheets/d/1JOFVXrGvTmdxtgBkkROu4pnX6V6nn_HZBj1XrcpWWww/edit,"July 15, 2026",
Asia,Hong Kong,Tarmack,David,,Local EOR ,,,,,,,"• USD 199 (1 to 5) 
• USD 179 (6 to 10) 
• USD 159 (11+)",TBC,TBC,TBC,TBC,,,,,"manish.j@tarmack.com,
ashish.sidhu@tarmack.com",Manish Jajodia,"4 June, 2027",Active,https://docs.google.com/spreadsheets/d/1XNZNgANvT6LbL8gQ2Lle69EDiIqrEXD1dDB_M3qf-bQ/edit,"June 10, 2026",
Asia,Hong Kong,Galaxy Payroll,Jasmine,,Local EOR ,,,,,,,USD 500,,,,,,,Direct Entity,,,,"5 June, 2026",Active,,,
Asia,Hong Kong,Links International,Jasmine,,Expat EOR,,,,,,,"HKD 4,500","HKD 4,000",equivalent to termination terms,,,Insurance plan information link,LIT,Direct Entity,,jamie.lee@linksinternational.com,Jamie Lee,"5 June, 2026",Reminder Sent,https://docs.google.com/spreadsheets/d/1taXXWD3MzpawkVXUSIKle_HQGZsBqlGK_e_yUPB7hf4/edit,"July 15, 2026",
Asia,Hong Kong,Remote,David,Backup Vendor,Local EOR ,,,,,,,USD 300,N/A,N/A,Involuntary Termination: USD 350,N/A,12/22/2025,RMT,Direct Entity,Signed MSA,"jasmine.chang@remote.com ,aisha.saeed@remote.com, ena.hazrolaj@remote.com","Jasmine Chang (Customer Success Manager), Aisha Saeed, Ena Hazrolaj  (Account Manager)","31 December, 2026",Pricing in Contract,,,
Asia,Hong Kong,Innovare,Jasmine,Preferred Vendor,Expat EOR,"(4% of gross salary) + USD 250-350
OR min USD 750-850 for salary up to USD 10,000. 

Salary above this to be discussed.

• Tax-Filing Fee: USD 300 (billed annually)",USD 150 - 400,1 month TEC + service fee,USD 400 (tax clearance fee),,,"4% or min USD 500 for salary up to USD 10,000. 
Salary above this to be discussed.

• Tax-Filing Fee: USD 280 (billed annually)",USD 150,1 month TEC + service fee,USD 370 (tax clearance fee),N/A,,INV,Direct Entity,,Helen.Wee@innovare-group.com,Helen Wee,"30 December, 2026",Active,https://docs.google.com/spreadsheets/d/1td0Hw8QMnsyMcCc73jB97HlPD7G84YayLeebB77cmN4/edit,"June 4, 2026",
Asia,Hong Kong,Tarmack,David,,Expat EOR,,,,,,,USD 799,,,,,,,,,"manish.j@tarmack.com,
ashish.sidhu@tarmack.com",,"4 June, 2027",Active,https://docs.google.com/spreadsheets/d/1XNZNgANvT6LbL8gQ2Lle69EDiIqrEXD1dDB_M3qf-bQ/edit,"June 10, 2026",
Asia,Hong Kong,Horizons ,David,Backup Vendor,Local EOR ,,,,,,,USD 199,N/A,1 month,N/A,N/A,,HRZ,Uses Vendor,Established Contact,echo.li@joinhorizons.com,Echo Li,"5 June, 2026",Reminder Sent,https://docs.google.com/spreadsheets/d/10bk8I5ARIdOhETpt_8e5lTYq61dqCD5HM9903xPywTM/edit,"July 15, 2026",
Asia,Hong Kong,Horizons ,David,Backup Vendor,Expat EOR,,,,,,,USD 659,N/A,1 month,N/A,"for expatriates, VAT may apply depending on the local regulations.",,HRZ,Uses Vendor,Established Contact,echo.li@joinhorizons.com,Echo Li,"5 June, 2026",Reminder Sent,https://docs.google.com/spreadsheets/d/10bk8I5ARIdOhETpt_8e5lTYq61dqCD5HM9903xPywTM/edit,"July 15, 2026",
Asia,Hong Kong,Rivermate,David,,Local EOR ,,,,,,,USD 500,USD 500,1 month TEC,Waived for placements over 6 months or 1 month service fee under 6 months,N/A,,EOS,Uses Vendor,Signed MSA,tim.denney@eosglobalexpansion.com,Tim Denney,"31 December, 2026",Active,,,Tier 2
Asia,Hong Kong,Rivermate,David,,Expat EOR,,,,,,,USD 850,USD 500,1 month TEC,Waived for placements over 6 months or 1 month service fee under 6 months,N/A,• EOS uses Galaxy Payroll as HK Partner,EOS,Uses Vendor,Signed MSA,tim.denney@eosglobalexpansion.com,Tim Denney,"31 December, 2026",Active,,,Tier 2
Europe,Hungary,Bradford Jacobs,Jasmine,Backup Vendor,Local EOR ,,,,,,,EUR 500,EUR 500,1 month,N/A,,12/22/2025,BFJ,Uses Vendor,,k.nolan@bradfordjacobs.com,Kelly Nolan,"5 June, 2026",Reminder Sent,https://docs.google.com/spreadsheets/d/1qcQBw7034L9B0NSXOC38XkMU1wg2eROqWYyMtiobk-M/edit,7/15/2026,
Europe,Hungary,TopSource,David,,Local EOR ,,,,,,,13%,GBP 895,,N/A,,,TPS,Unknown,,Sam.Barnes@topsourceworldwide.com,Sam Barnes,"5 June, 2026",Reminder Sent,https://docs.google.com/spreadsheets/d/1QZlAB_3TzWmK40fZB56Q3haFvorObNPMmMMlExKR98g/edit,"July 15, 2026",
Europe,Hungary,Azure Global,David,,Local EOR ,,,,,,,GBP 650,,,,,,AZR,Unknown,,Ian@azureglobal.com,Ian Campbell,"5 June, 2026",Reminder Sent,https://docs.google.com/spreadsheets/d/15NFhmwxb0MYodBdJq1TTiYfRMYW1y5Itge202TLAZEo/edit,"July 15, 2026",
Europe,Hungary,Native Teams,Jasmine,Poor Quality Vendor,Local EOR ,,,,,,,"• EUR 79 up to €1,500 processed per month
• EUR 129 up to €5,500 processed per month
• EUR 219 over €5,500 processed per month",N/A,N/A,N/A,N/A,,NTV,Direct Entity,Signed MSA,deren@nteams.com,Deren Kankurt,"31 December, 2026",Pricing in Contract,,,Tier 2
Europe,Hungary,Enterprise Workforce Solutions,David,Preferred Vendor,Local EOR ,USD 525 - 625,USD 0 - 250 ,1 month,N/A,N/A,,USD 375,N/A,N/A,N/A,,,"
EWS",Direct Entity,Established Contact,omar@ews-limited.com,Omar Hassan ,"5 June, 2026",Reminder Sent,https://docs.google.com/spreadsheets/d/18SBM1yJ907dNTN114MJrnoU4yBfBiKkT3I8HzL4dldo/edit,"July 15, 2026",
Europe,Hungary,Enterprise Workforce Solutions,David,Preferred Vendor,Expat EOR,USD 600 - 700,USD 0 - 500 ,1 month,N/A,N/A,,USD 450,N/A,N/A,N/A,,,"
EWS",Direct Entity,Established Contact,omar@ews-limited.com,Omar Hassan ,"5 June, 2026",Reminder Sent,https://docs.google.com/spreadsheets/d/18SBM1yJ907dNTN114MJrnoU4yBfBiKkT3I8HzL4dldo/edit,"July 15, 2026",
Europe,Hungary,Horizons ,David,Backup Vendor,Local EOR ,,,,,,,USD 399,N/A,1 month,N/A,N/A,,HRZ,Uses Vendor,Established Contact,echo.li@joinhorizons.com,Echo Li,"5 June, 2026",Reminder Sent,https://docs.google.com/spreadsheets/d/10bk8I5ARIdOhETpt_8e5lTYq61dqCD5HM9903xPywTM/edit,"July 15, 2026",
Europe,Hungary,Remote,David,Preferred Vendor,Local EOR ,USD 450 - 550,USD 0 - 250,1 month,"Involuntary Termination: USD 500 (termination initiated by client, not by resignation or natural contract expiration)",N/A,"• USD 200 right-to-work check mandatory for all expats (even self-sponsored)
• USD 500 immigration assessment fee for visa sponsorship feasibility check",USD 300,N/A,N/A,Involuntary Termination: USD 350,N/A,"• USD 120 right-to-work check mandatory for all expats (even self-sponsored)
• USD 400 immigration assessment fee for visa sponsorship feasibility check",RMT,Direct Entity,Signed MSA,"jasmine.chang@remote.com ,aisha.saeed@remote.com, ena.hazrolaj@remote.com","Jasmine Chang (Customer Success Manager), Aisha Saeed, Ena Hazrolaj  (Account Manager)","31 December, 2026",Pricing in Contract,,,
Europe,Hungary,Go Global,Jasmine,Poor Quality Vendor,Local EOR ,,,,,,,"CNY 2,750","CNY 2,750",,"CNY 2,750",,,,Unknown,,sissi.zhao@goglobalgeo.com,Sissi Zhao,"5 June, 2026",Reminder Sent,https://docs.google.com/spreadsheets/d/1VimvcvPQCviW6ntJhvkOIi9BlgDLgwA-9wVVcwuHHZ0/edit,"July 15, 2026",
Europe,Iceland,Bradford Jacobs,Jasmine,Backup Vendor,Local EOR ,,,,,,,EUR 500,EUR 500,1 month,N/A,,12/22/2025,BFJ,Uses Vendor,,k.nolan@bradfordjacobs.com,Kelly Nolan,"5 June, 2026",Reminder Sent,https://docs.google.com/spreadsheets/d/1qcQBw7034L9B0NSXOC38XkMU1wg2eROqWYyMtiobk-M/edit,7/15/2026,
Europe,Iceland,Remote,David,Preferred Vendor,Local EOR ,USD 450 - 550,USD 0 - 250,1 month,"Involuntary Termination: USD 500 (termination initiated by client, not by resignation or natural contract expiration)",N/A,"• USD 200 right-to-work check mandatory for all expats (even self-sponsored)
• USD 500 immigration assessment fee for visa sponsorship feasibility check",USD 300,N/A,N/A,Involuntary Termination: USD 350,N/A,"• USD 120 right-to-work check mandatory for all expats (even self-sponsored)
• USD 400 immigration assessment fee for visa sponsorship feasibility check",RMT,Direct Entity,Signed MSA,"jasmine.chang@remote.com ,aisha.saeed@remote.com, ena.hazrolaj@remote.com","Jasmine Chang (Customer Success Manager), Aisha Saeed, Ena Hazrolaj  (Account Manager)","31 December, 2026",Pricing in Contract,,,
Europe,Iceland,Horizons ,David,Backup Vendor,Local EOR ,,,,,,,USD 399,N/A,1 month,N/A,N/A,,HRZ,Uses Vendor,Established Contact,echo.li@joinhorizons.com,Echo Li,"5 June, 2026",Reminder Sent,https://docs.google.com/spreadsheets/d/10bk8I5ARIdOhETpt_8e5lTYq61dqCD5HM9903xPywTM/edit,7/15/2026,
Europe,Iceland,Swapp Agency,David,Poor Quality Vendor,Local EOR ,,,,,,,EUR 500,N/A,,N/A,N/A,"• From a contract perspective, our legal team finds them unprofessional",,Direct Entity,,info@swappagency.com,David,"5 June, 2026",Vendor Responded,https://docs.google.com/spreadsheets/d/1w4YLC1WECZUgYTPnQVC_ZavmPTUmV0bkPOEY25KG4pk/edit,"July 15, 2026",
Asia,India,Bradford Jacobs,Jasmine,,Local EOR ,,,,,,,EUR 500,EUR 500,1 month,N/A,,"• Use TopSource as vendor, but pricing is partner pricing, so will get lower quotation than from TopSource directly",BFJ,Uses Vendor,,k.nolan@bradfordjacobs.com,Kelly Nolan,"5 June, 2026",Reminder Sent,https://docs.google.com/spreadsheets/d/1qcQBw7034L9B0NSXOC38XkMU1wg2eROqWYyMtiobk-M/edit,7/15/2026,
Asia,India,Obox,Jasmine,Preferred Vendor,Local EOR ,"• USD 250 - 350 (no insurance)
• USD 300 - 400 (with insurance)",USD 0 - 250,1 month,N/A,N/A,,"• USD 100 (no insurance)
• USD 150 (with insurance )",N/A,N/A,N/A,N/A,,OBX,Direct Entity,,amandeep@oboxhr.com,Amandeep Gill,"5 June, 2026",Reminder Sent,https://docs.google.com/spreadsheets/d/1HxHjC_xk8T02WsIuhXtpz-UPaVtwskKsl8QuAVnctSM/edit,7/15/2026,Tier 2
Asia,India,Obox,David,Preferred Vendor,Expat EOR,"• USD 450-550 (no insurance)
• USD 470-570 (with insurance Includes INR 7,00,000 of Health Insurance for
   Employee only)",USD 0 - 250,1 month,N/A,N/A,,"• USD 200 (no insurance)
• USD 220 (with insurance Includes INR 7,00,000 of Health Insurance for
   Employee only)",N/A,1 Month ,N/A,,"Payment Terms 1. One month salary deposit
2. 7 working days from the date of invoice
Service fee for Laptop/Co-Working Space/Any other
procurement - 5% of the total invoice amount",OBX,Direct Entity,Active,amandeep@oboxhr.com,Amandeep Gill,"5 June, 2026",Reminder Sent,https://docs.google.com/spreadsheets/d/1HxHjC_xk8T02WsIuhXtpz-UPaVtwskKsl8QuAVnctSM/edit,7/15/2026,Tier 2
Asia,India,Tarmack,David,,Local EOR ,,,,,,,"• USD 99 (1 to 5) 
• USD 89 (6 to 10) 
• USD 79 (11+)",TBC,TBC,TBC,TBC,,,,,"manish.j@tarmack.com,
ashish.sidhu@tarmack.com",Manish Jajodia,"4 June, 2027",Active,https://docs.google.com/spreadsheets/d/1XNZNgANvT6LbL8gQ2Lle69EDiIqrEXD1dDB_M3qf-bQ/edit,6/10/2026,
Asia,India,Tarmack,David,,Expat EOR,,,,,,,USD 299,TBC,TBC,TBC,TBC,,,,,"manish.j@tarmack.com,
ashish.sidhu@tarmack.com",Manish Jajodia,"4 June, 2027",Active,https://docs.google.com/spreadsheets/d/1XNZNgANvT6LbL8gQ2Lle69EDiIqrEXD1dDB_M3qf-bQ/edit,6/10/2026,
Asia,India,Native Teams,Jasmine,Poor Quality Vendor,Local EOR ,,,,,,,"• EUR 79 up to €1,500 processed per month
• EUR 129 up to €5,500 processed per month
• EUR 219 over €5,500 processed per month",N/A,N/A,N/A,N/A,,NTV,Direct Entity,Signed MSA,deren@nteams.com,Deren Kankurt,"31 December, 2026",Pricing in Contract,,,Tier 2
Asia,India,NSquareIT,Jasmine,Backup Vendor,Local EOR ,,,,,,,USD 120,USD 150,equivalent to each employee's notice period,N/A,N/A,12/22/2025,NOA,Direct Entity,Active,"nehal.khabiya@gmail.com
navinkhabiya80@gmail.com
partnership@nsquareitoffshore.com","Nehal Khabiya
Navz
Karan","31 December, 2026",Active,,,Tier 2
Asia,India,NSquareIT,Jasmine,Preferred Vendor,Expat EOR,USD 270 - 370 ,USD 300 - 400,Equivalent to notice period,N/A,N/A,,USD 120,USD 150,equivalent to each employee's notice period,N/A,N/A,,NOA,Direct Entity,Active,"nehal.khabiya@gmail.com
navinkhabiya80@gmail.com
partnership@nsquareitoffshore.com","Nehal Khabiya
Navz
Karan","31 December, 2026",Active,,,Tier 2
Asia,India,Remote,David,Backup Vendor,Local EOR ,,,,,,,USD 300,N/A,N/A,Involuntary Termination: USD 350,N/A,12/22/2025,RMT,Direct Entity,Signed MSA,"jasmine.chang@remote.com ,aisha.saeed@remote.com, ena.hazrolaj@remote.com","Jasmine Chang (Customer Success Manager), Aisha Saeed, Ena Hazrolaj  (Account Manager)","31 December, 2026",Pricing in Contract,,,
Asia,India,Rivermate,David,,Local EOR ,,,,,,,USD 450,USD 500,1 month TEC,Waived for placements over 6 months or 1 month service fee under 6 months,N/A,,EOS,Uses Vendor,Signed MSA,tim.denney@eosglobalexpansion.com,Tim Denney,"31 December, 2026",Active,,,Tier 2
Asia,India,Rivermate,David,,Expat EOR,,,,,,,USD 750,USD 500,1 month TEC,Waived for placements over 6 months or 1 month service fee under 6 months,N/A,,EOS,Uses Vendor,Signed MSA,tim.denney@eosglobalexpansion.com,Tim Denney,"31 December, 2026",Active,,,Tier 2
Asia,India,Horizons ,David,Backup Vendor,Local EOR ,,,,,,,USD 199,N/A,1 month,N/A,N/A,,HRZ,Uses Vendor,Established Contact,echo.li@joinhorizons.com,Echo Li,"5 June, 2026",Reminder Sent,https://docs.google.com/spreadsheets/d/10bk8I5ARIdOhETpt_8e5lTYq61dqCD5HM9903xPywTM/edit,"July 15, 2026",
Asia,India,Procloz,David,,Local EOR ,,,,,,,USD 250,N/A,1 month,N/A,N/A,• Uses a third party platform to manage leaves,PRO,Direct Entity,Signed MSA,"sbudhraja@procloz.com, dtaneja@procloz.com, nsharma@procloz.com, awasal@procloz.com","Shreya Budhraja 
Damanpreet Singh Taneja 
Niraj Kumar Sharma 
Amandeep Singh Wasal ","5 June, 2026",Active,https://docs.google.com/spreadsheets/d/1pN7P6qmfF-FIAycPc_mCWE2ivBba3CWGXVLQWMkTEmE/edit,6/4/2026,
Asia,India,Procloz,David,,Expat EOR,,,,,,,USD 500,N/A,1 month,N/A,N/A,• Uses a third party platform to manage leaves,PRO,Direct Entity,Signed MSA,"sbudhraja@procloz.com, dtaneja@procloz.com, nsharma@procloz.com, awasal@procloz.com","Shreya Budhraja 
Damanpreet Singh Taneja 
Niraj Kumar Sharma 
Amandeep Singh Wasal ","5 June, 2026",Active,https://docs.google.com/spreadsheets/d/1pN7P6qmfF-FIAycPc_mCWE2ivBba3CWGXVLQWMkTEmE/edit,6/4/2026,
Asia,India,Expat Orbit,David,,Local EOR ,,,,,,,USD 190,N/A,N/A,N/A,N/A,,EXO,Direct Entity,Signed MSA,stuti@expatorbit.com,Stuti Jain,"5 June, 2026",Reminder Sent,https://docs.google.com/spreadsheets/d/1pY57_yR5snvq2q7WbydXiOCK5iEwJuNJZ4Z3JVbOnko/edit,"July 15, 2026",Tier 2
Asia,India,Skuad,David,Poor Quality Vendor,Local EOR ,,,,,,,USD 249,N/A,1 month,N/A,,• Contract template link,SKD,Direct Entity,Active,manish.jajodia@skuad.io,Manish Jajodia,"5 June, 2026",Reminder Sent,https://docs.google.com/spreadsheets/d/1N4eAcUURFl8XX4fRxPabVxwK7Y6kD2m-cVR7oQ_Q_sc/edit,"July 15, 2026",
Asia,Indonesia,Remoly,David,,Local EOR ,,,,,,,"• 1-20 pax: USD 200
• 26-50 pax: USD 190",USD 150,,N/A,,,RML,Direct Entity,,lucina@remoly.cn,Lucina,"5 June, 2026",Reminder Sent,https://docs.google.com/spreadsheets/d/1MQCYH-kK-5rMgaHRTJ-w9zaftGOtCqLby01x5ue-aiI/edit,"July 15, 2026",
Asia,Indonesia,Remoly,David,,Expat EOR,,,,,,,USD 250,USD 250,,N/A,11% on service fee,• Vendor provides immigration solution,RML,Direct Entity,,lucina@remoly.cn,Lucina,"5 June, 2026",Reminder Sent,https://docs.google.com/spreadsheets/d/1MQCYH-kK-5rMgaHRTJ-w9zaftGOtCqLby01x5ue-aiI/edit,"July 15, 2026",
Asia,Indonesia,AYP,Jasmine,Poor Quality Vendor,Local EOR ,,,,,,,8% Min USD 400,,1 month,N/A,,,AYP,Direct Entity,Signed MSA,leticia.loh@ayp-group.com,Leticia Loh,"5 June, 2026",Vendor Responded,https://docs.google.com/spreadsheets/d/1cl92pSZ3CZdf5zEt6uPXxyzLvtRFtENWAzXKRME19lc/edit,"June 17, 2026",Tier 2
Asia,Indonesia,Worknetics,Jasmine,,Local EOR ,,,,,,,SGD 200,SGD 200,1 month,N/A,N/A,,WKN,Direct Entity,,garvin.chia@workneticsglobal.com,Garvin Chia,"5 June, 2026",Reminder Sent,https://docs.google.com/spreadsheets/d/1v8hqm0zO5cDgfVn00wIGynQiohce5uwmBwXgNFXVrGU/edit,"July 15, 2026",Tier 2
Asia,Indonesia,Worknetics,Jasmine,,Expat EOR,,,,,,,SGD 400,SGD 400,1 month,N/A,N/A,,WKN,Direct Entity,,garvin.chia@workneticsglobal.com,Garvin Chia,"5 June, 2026",Reminder Sent,https://docs.google.com/spreadsheets/d/1v8hqm0zO5cDgfVn00wIGynQiohce5uwmBwXgNFXVrGU/edit,"July 15, 2026",Tier 2
Asia,Indonesia,Indoservice,David,,Local EOR ,,,,,,,USD 230,N/A,,N/A,,,,Direct Entity,,admin@indoservice.co.id,-,"5 June, 2026",Reminder Sent,https://docs.google.com/spreadsheets/d/1qwxOcljyl1MSultCoABn5etrYbTHWhkpyTe4Z4N12GE/edit,"July 15, 2026",
Asia,Indonesia,Horizons ,David,Backup Vendor,Local EOR ,,,,,,,USD 199,N/A,1 month,N/A,N/A,,HRZ,Uses Vendor,Established Contact,echo.li@joinhorizons.com,Echo Li,"5 June, 2026",Reminder Sent,https://docs.google.com/spreadsheets/d/10bk8I5ARIdOhETpt_8e5lTYq61dqCD5HM9903xPywTM/edit,"July 15, 2026",
Asia,Indonesia,Horizons ,David,Backup Vendor,Expat EOR,,,,,,,USD 350,N/A,1 month,N/A,"for expatriates, VAT may apply depending on the local regulations.",,HRZ,Uses Vendor,Established Contact,echo.li@joinhorizons.com,Echo Li,"5 June, 2026",Reminder Sent,https://docs.google.com/spreadsheets/d/10bk8I5ARIdOhETpt_8e5lTYq61dqCD5HM9903xPywTM/edit,"July 15, 2026",
Asia,Indonesia,Cekindo,David,,Local EOR ,,,,,,,5% on gross salary min USD 500,"USD300
Onboarding fee USD3350 annually",2 months gross salary,N/A,10% VAT will be applied for both Salary and Service Invoice (also applicable to security deposit),,,Direct Entity,,dina.bastaria@cekindo.com,Dina Bastaria,"5 June, 2026",Inactive,https://docs.google.com/spreadsheets/d/1S_vSbxP4DwcQakn25RMm--JY6tDeZAxR4g4pGlMnlYE/edit,"July 8, 2026",
Asia,Indonesia,Native Teams,Jasmine,Poor Quality Vendor,Local EOR ,,,,,,,"• EUR 79 up to €1,500 processed per month
• EUR 129 up to €5,500 processed per month
• EUR 219 over €5,500 processed per month",N/A,N/A,N/A,N/A,,NTV,Direct Entity,Entity not operational,deren@nteams.com,Deren Kankurt,"31 December, 2026",Pricing in Contract,,,Tier 2
Asia,Indonesia,Remote,David,Backup Vendor,Local EOR ,,,,,,,USD 300,USD 80 (wet-signing fee),N/A,Involuntary Termination: USD 350,N/A,12/22/2025,RMT,Direct Entity,Signed MSA,"jasmine.chang@remote.com ,aisha.saeed@remote.com, ena.hazrolaj@remote.com","Jasmine Chang (Customer Success Manager), Aisha Saeed, Ena Hazrolaj  (Account Manager)","31 December, 2026",Pricing in Contract,,,
Asia,Indonesia,Recruitgo,David,Backup Vendor,Local EOR ,,,,,,,USD 150,N/A,"1 month Gross Salary Deposit
1 month EOR Fee Deposit",N/A,,12/22/2025,RCG,Direct Entity,Established Contact,Leng.vang@recruitgo.com,Leng Vang ,"5 June, 2026",Reminder Sent,https://docs.google.com/spreadsheets/d/192NhoFdFXc5g53bOtkUJo_R93Gp-7nZex90MCo3lGzA/edit,"July 15, 2026",
Asia,Indonesia,Recruitgo,David,Backup Vendor,Expat EOR,,,,,,,USD 400,N/A,"1 month Gross Salary Deposit
1 month EOR Fee Deposit",N/A,,"- Private Health Insurance
USD 100/registered headcount + actual HMO fee (approx. USD 221–506/year)
Not government-mandated. Optional benefit. Yearly fee.
- Laptop Acquisition
USD 100/laptop + actual laptop cost
Source supplier, purchase on behalf of client. Payment Terms
•  Working KITAS: 100% payment in advance.
•  Dependent Permit fee: 100% in advance.
•  Immigration / government fees (DKP TKA): 100% in advance.
•  Additional fee applies for applications processed outside Jakarta and Bali — subject to further verification.
•  All bank fees to be borne by the client.
•  Service Fee subject to 11% VAT.
•  EOR Service Fee is VAT exempt.
•  Salary Deposit used for legally required termination fees. Excess refunded on resignation.


- Background Check (Simple)
USD 180/candidate
Covers: education, employment history, character references (3+), professional certifications, civil/criminal litigation, adverse social media. Timeline: 15 working days (subject to document availability).

",RCG,Direct Entity,Established Contact,Leng.vang@recruitgo.com,Leng Vang ,"5 June, 2026",Reminder Sent,https://docs.google.com/spreadsheets/d/192NhoFdFXc5g53bOtkUJo_R93Gp-7nZex90MCo3lGzA/edit,"July 15, 2026",
Asia,Indonesia,Rivermate,David,Backup Vendor,Local EOR ,,,,,,,USD 400,USD 250,1 month TEC,Waived for placements over 6 months or 1 month service fee under 6 months,11% on total invoice,,EOS,Uses Vendor,Signed MSA,tim.denney@eosglobalexpansion.com,Tim Denney,"31 December, 2026",Active,,,Tier 2
Asia,Indonesia,Rivermate,David,Backup Vendor,Expat EOR,,,,,,,USD 750,USD 250,1 month TEC,Waived for placements over 6 months or 1 month service fee under 6 months,11% on total invoice,,EOS,Uses Vendor,Signed MSA,tim.denney@eosglobalexpansion.com,Tim Denney,"31 December, 2026",Active,,,Tier 2
Asia,Indonesia,PNB Law Firm,Jasmine,Preferred Vendor,Local EOR ,"(Gross salary * 5%) + (USD 150 - 250), for salary higher than USD 1,000",USD 400 - 500,1 month salary,"Involuntary termination:
• Preparation of agreement: USD 450
• Registration at manpower authorities: USD 300",N/A,,5% min USD 100,USD250,1 months gross salary,"Involuntary termination:
• Preparation of agreement: USD 400
• Registration at manpower authorities: USD 250",N/A,,PNB,Direct Entity,Active,dejong@pnblawfirm.com,Bas de Jong,"31 December, 2026",Active,,,
Asia,Indonesia,PNB Law Firm,Jasmine,Preferred Vendor,Expat EOR,"(Gross salary * 5%) + (USD 150 - 250), for salary higher than USD 2,500",USD 400 - 500,1 month salary,"Involuntary termination:
• Preparation of agreement: USD 450
• Registration at manpower authorities: USD 300",N/A,,5% min USD 250 ,USD250,1 months gross salary,"Involuntary termination:
• Preparation of agreement: USD 400
• Registration at manpower authorities: USD 250",N/A,,PNB,Direct Entity,Active,dejong@pnblawfirm.com,Bas de Jong,"31 December, 2026",Active,,,
Asia,Indonesia,Emerhub,David,,Local EOR ,,,,,,,10%,,1 month,N/A,,,,Direct Entity,,peni@emerhub.com,Nani Peni,"5 June, 2026",Inactive,https://docs.google.com/spreadsheets/d/1OOCOpgWZ99bEjvW7RmI0YfpojjDKnO7m0-VnUBhjOV8/edit,"June 10, 2026",Tier 0
Asia,Iran,WeHG (We Hire Globally),David,,Local EOR ,,,,,,,USD 950,USD 500,,N/A,N/A,,,Uses Vendor,,kate@wehireglobally.com,Kate Phillips,"5 June, 2026",Reminder Sent,https://docs.google.com/spreadsheets/d/1ZOPd_KWg_olhEkqtjzIFGwyNFgAGEMiwRH4OyZbZ_Ak/edit,"July 15, 2026",
Asia,Iraq,Rivermate,David,Poor Quality Vendor,Local EOR ,,,,,,,EUR 399,N/A,,N/A,N/A,,,Uses Vendor,,lucas@rivermate.com,Lucas Botzen,,Inactive,,,Tier 2
Asia,Iraq,Acumen International,David,,Local EOR ,,,,,,,14% on TEC + bonus or USD1300 (whichever is higher),"Standard (within 10 days) - USD1000, Express (within 3 days) - USD1500",,N/A,N/A,,ACU,Uses Vendor,,dk@expressglobalemployment.com,Dmitriy Koshkin,"5 June, 2026",Reminder Sent,https://docs.google.com/spreadsheets/d/1HeKcblPyUO2DwJwno5SjL9NJOoixJYVzm2pn_KHQw-Y/edit,"July 15, 2026",Tier 2
Europe,Ireland,Bradford Jacobs,Jasmine,,Local EOR ,,,,,,,EUR 500,EUR 500,1 month,N/A,N/A,"• Use TopSource as vendor, but pricing is partner pricing, so will get lower quotation than from TopSource directly",BFJ,Uses Vendor,,k.nolan@bradfordjacobs.com,Kelly Nolan,"5 June, 2026",Reminder Sent,https://docs.google.com/spreadsheets/d/1qcQBw7034L9B0NSXOC38XkMU1wg2eROqWYyMtiobk-M/edit,7/15/2026,
Europe,Ireland,Bradford Jacobs,Jasmine,,Local EOR ,,,,,,,EUR 750,EUR 750,1 month,N/A,N/A,,BFJ,Uses Vendor,,k.nolan@bradfordjacobs.com,Kelly Nolan,"5 June, 2026",Reminder Sent,https://docs.google.com/spreadsheets/d/1qcQBw7034L9B0NSXOC38XkMU1wg2eROqWYyMtiobk-M/edit,7/15/2026,
Europe,Ireland,Native Teams,Jasmine,Poor Quality Vendor,Local EOR ,,,,,,,"• EUR 79 up to €1,500 processed per month
• EUR 129 up to €5,500 processed per month
• EUR 219 over €5,500 processed per month",N/A,N/A,N/A,N/A,,NTV,Direct Entity,Signed MSA,deren@nteams.com,Deren Kankurt,"31 December, 2026",Pricing in Contract,,,Tier 2
Europe,Ireland,Parakar,Jasmine,Backup Vendor,Expat EOR,,,,,,,"7.5%, min EUR 600
• If offboarding exceeds 4 hours of work by our HR Operations team, additional hours will be charged at 150 EUR per hour.
• Off-cycle fee EUR 250
• Retro-active onboarding date change: EUR 250",1 month service fee,1 month deposit,1 month of service fee,N/A,• Pricing is updated twice a year on January 1st and July 1st,PRK,,,"• Margaux Fauconnier and Gonzalo Serra Bruno via email address: partners@parakar.eu for all operational questions and requests.
• Aaron den Ouden, Business Development Manager, via email address: partners@parakar.eu for all commercial questions and requests.","• Margaux Fauconnier and Gonzalo Serra Bruno via email address: partners@parakar.eu for all operational questions and requests.
• Aaron den Ouden, Business Development Manager, via email address: partners@parakar.eu for all commercial questions and requests.","5 June, 2026",Approved,https://docs.google.com/spreadsheets/d/1VNH9U58x_GXanDYcTW0LjVjKNs9IknqIKFEwXHJkzOU/edit,7/8/2026,
Europe,Ireland,Remote,David,Preferred Vendor,Local EOR ,USD 450 - 550,USD 0 - 250,1 month,"Involuntary Termination: USD 500 (termination initiated by client, not by resignation or natural contract expiration)",N/A,"• USD 200 right-to-work check mandatory for all expats (even self-sponsored)
• USD 500 immigration assessment fee for visa sponsorship feasibility check",USD 300,N/A,N/A,Involuntary Termination: USD 350,N/A,"• USD 120 right-to-work check mandatory for all expats (even self-sponsored)
• USD 400 immigration assessment fee for visa sponsorship feasibility check",RMT,Direct Entity,Signed MSA,"jasmine.chang@remote.com ,aisha.saeed@remote.com, ena.hazrolaj@remote.com","Jasmine Chang (Customer Success Manager), Aisha Saeed, Ena Hazrolaj  (Account Manager)","31 December, 2026",Pricing in Contract,,,
Europe,Ireland,Horizons ,David,Backup Vendor,Local EOR ,,,,,,,USD 399,N/A,1 month,N/A,N/A,,HRZ,Uses Vendor,Established Contact,echo.li@joinhorizons.com,Echo Li,"5 June, 2026",Reminder Sent,https://docs.google.com/spreadsheets/d/10bk8I5ARIdOhETpt_8e5lTYq61dqCD5HM9903xPywTM/edit,7/15/2026,
Europe,Ireland,Procorre,David,,Local EOR ,,,,,,,EUR 650,N/A,1 month,N/A,N/A,,,Direct Entity,,Georgia.Sharman@procorre.com,Georgia Sharman,"5 June, 2026",Inactive,https://docs.google.com/spreadsheets/d/1zPr8_qJhWl2S6p-wLtJteJt0-Z5Glqmi9mWlJ2w2pBY/edit,6/10/2026,Tier 0
Europe,Ireland,Enterprise Workforce Solutions,David,Backup Vendor,Local EOR ,,,,,,,USD 375,N/A,N/A,N/A,,,"
EWS",Direct Entity,Established Contact,omar@ews-limited.com,Omar Hassan ,"5 June, 2026",Reminder Sent,https://docs.google.com/spreadsheets/d/18SBM1yJ907dNTN114MJrnoU4yBfBiKkT3I8HzL4dldo/edit,7/15/2026,
Europe,Ireland,Enterprise Workforce Solutions,David,Preferred Vendor,Expat EOR,USD 600 - 700,USD 0 - 500 ,1 month,N/A,N/A,,USD 450,N/A,N/A,N/A,,,"
EWS",Direct Entity,Established Contact,omar@ews-limited.com,Omar Hassan ,"5 June, 2026",Reminder Sent,https://docs.google.com/spreadsheets/d/18SBM1yJ907dNTN114MJrnoU4yBfBiKkT3I8HzL4dldo/edit,7/15/2026,
Asia,Israel,Adecco,David,,Local EOR ,,,,,,,10%,N/A,,N/A,$0,,,Direct Entity,,limorp@adecco.co.il,Limor Peretz,"5 June, 2026",Reminder Sent,https://docs.google.com/spreadsheets/d/1cG72B2AiziVzgoNvrut9S9_IjGQCT_Twhu_JguIA5Zs/edit,"July 15, 2026",
Asia,Israel,Lazar & Co C.P.A,David,,Local EOR ,,,,,,,11-15%,N/A,,N/A,17% on TEC,,,Direct Entity,,matan@lazar-cpa.co.il,Matan Lazar,"5 June, 2026",Reminder Sent,https://docs.google.com/spreadsheets/d/1PTDUqU3zOw-H-nmVOGRgRHUy5EBn0kItKPsfKYJH6Hs/edit,7/15/2026,
Asia,Israel,Native Teams,Jasmine,Poor Quality Vendor,Local EOR ,,,,,,,"• EUR 79 up to €1,500 processed per month
• EUR 129 up to €5,500 processed per month
• EUR 219 over €5,500 processed per month",N/A,N/A,N/A,N/A,,NTV,Direct Entity,Signed MSA,deren@nteams.com,Deren Kankurt,"31 December, 2026",Pricing in Contract,,,Tier 2
Asia,Israel,Enterprise Workforce Solutions,David,Backup Vendor,Local EOR ,,,,,,,USD 400,N/A,N/A,N/A,,,"
EWS",Direct Entity,Established Contact,omar@ews-limited.com,Omar Hassan ,"5 June, 2026",Reminder Sent,https://docs.google.com/spreadsheets/d/18SBM1yJ907dNTN114MJrnoU4yBfBiKkT3I8HzL4dldo/edit,7/15/2026,
Asia,Israel,Enterprise Workforce Solutions,David,Backup Vendor,Expat EOR,,,,,,,USD 400,N/A,N/A,N/A,,,"
EWS",Direct Entity,Established Contact,omar@ews-limited.com,Omar Hassan ,"5 June, 2026",Reminder Sent,https://docs.google.com/spreadsheets/d/18SBM1yJ907dNTN114MJrnoU4yBfBiKkT3I8HzL4dldo/edit,7/15/2026,
Asia,Israel,Horizons ,David,Backup Vendor,Local EOR ,,,,,,,USD 399,N/A,1 month,N/A,N/A,,HRZ,Uses Vendor,Established Contact,echo.li@joinhorizons.com,Echo Li,"5 June, 2026",Reminder Sent,https://docs.google.com/spreadsheets/d/10bk8I5ARIdOhETpt_8e5lTYq61dqCD5HM9903xPywTM/edit,7/15/2026,
Asia,Israel,Remote,David,Preferred Vendor,Local EOR ,USD 450 - 550,USD 0 - 250,1 month,"Involuntary Termination: USD 500 (termination initiated by client, not by resignation or natural contract expiration)",N/A,"• USD 200 right-to-work check mandatory for all expats (even self-sponsored)
• USD 500 immigration assessment fee for visa sponsorship feasibility check",USD 300,N/A,N/A,Involuntary Termination: USD 350,N/A,"• USD 120 right-to-work check mandatory for all expats (even self-sponsored)
• USD 400 immigration assessment fee for visa sponsorship feasibility check",RMT,Direct Entity,Signed MSA,"jasmine.chang@remote.com ,aisha.saeed@remote.com, ena.hazrolaj@remote.com","Jasmine Chang (Customer Success Manager), Aisha Saeed, Ena Hazrolaj  (Account Manager)","31 December, 2026",Pricing in Contract,,,
Asia,Israel,CWS,David,Backup Vendor,Local EOR ,,,,,,,$599 Flat Rate or  9.5% of Employment Costs. Volume and partners pricing available. ,N/A,1 month,N/A,18% on service fee,,CWS,Direct Entity,,raz@cwsisrael.com,Raz Chorev,"4 June, 2027",Active,https://docs.google.com/spreadsheets/d/1owOnXe64C5u9kTChmsTPWZZJ7NyAO3k8E4_sXiWnlgc/edit,6/4/2026,
Asia,Israel,CWS,David,Backup Vendor,Expat EOR,,,,,,,9.5% of Employment Costs. Volume and partners pricing available. ,N/A,1 Month,N/A,18% on service fees,,CWS,Direct Entity,Established Contact,raz@cwsisrael.com,Raz Chorev,"4 June, 2027",Active,https://docs.google.com/spreadsheets/d/10bk8I5ARIdOhETpt_8e5lTYq61dqCD5HM9903xPywTM/edit,6/4/2026,
Europe,Italy,Bradford Jacobs,Jasmine,,Local EOR ,,,,,,,EUR 500,EUR 500,1 month,N/A,,"• Use TopSource as vendor, but pricing is partner pricing, so will get lower quotation than from TopSource directly
• The vendor provides visa sponsorship, but requires to sign with end client directly",BFJ,Uses Vendor,,k.nolan@bradfordjacobs.com,Kelly Nolan,"5 June, 2026",Reminder Sent,https://docs.google.com/spreadsheets/d/1qcQBw7034L9B0NSXOC38XkMU1wg2eROqWYyMtiobk-M/edit,7/15/2026,
Europe,Italy,Native Teams,Jasmine,Poor Quality Vendor,Local EOR ,,,,,,,"• EUR 79 up to €1,500 processed per month
• EUR 129 up to €5,500 processed per month
• EUR 219 over €5,500 processed per month",N/A,N/A,N/A,N/A,,NTV,Direct Entity,Signed MSA,deren@nteams.com,Deren Kankurt,"31 December, 2026",Pricing in Contract,,,Tier 2
Europe,Italy,JobTech,Jasmine,Poor Quality Vendor,Local EOR ,,,,,,,7%,N/A,1 month,N/A,N/A,,JBT,Direct Entity,Terminated,luigiandrea.coscia@jobtech.it,Luigi Andrea Coscia,,Inactive,,,Tier 0
Europe,Italy,JobTech,Jasmine,Poor Quality Vendor,Expat EOR,,,,,,,7%,N/A,1 month,N/A,N/A,,JBT,Direct Entity,Terminated,luigiandrea.coscia@jobtech.it,Luigi Andrea Coscia,,Inactive,,,Tier 0
Europe,Italy,Azure Global,David,,Local EOR ,,,,,,,GBP 650,,,,,,AZR,Unknown,,Ian@azureglobal.com,Ian Campbell,"5 June, 2026",Reminder Sent,https://docs.google.com/spreadsheets/d/15NFhmwxb0MYodBdJq1TTiYfRMYW1y5Itge202TLAZEo/edit,"July 15, 2026",
Europe,Italy,Horizons,David,Backup Vendor,Local EOR ,,,,,,,USD 399,N/A,1 month,N/A,N/A,,HRZ,Direct Entity,Established Contact,echo.li@joinhorizons.com,Echo Li,"5 June, 2026",Reminder Sent,https://docs.google.com/spreadsheets/d/10bk8I5ARIdOhETpt_8e5lTYq61dqCD5HM9903xPywTM/edit,"July 15, 2026",
Europe,Italy,Horizons,David,Backup Vendor,Expat EOR,,,,,,,USD 499,N/A,1 month,N/A,"for expatriates, VAT may apply depending on the local regulations.",,HRZ,Direct Entity,Established Contact,echo.li@joinhorizons.com,Echo Li,"5 June, 2026",Reminder Sent,https://docs.google.com/spreadsheets/d/10bk8I5ARIdOhETpt_8e5lTYq61dqCD5HM9903xPywTM/edit,"July 15, 2026",
Europe,Italy,Remote,David,Preferred Vendor,Local EOR ,USD 450 - 550,USD 0 - 250,1 month,"Involuntary Termination: USD 500 (termination initiated by client, not by resignation or natural contract expiration)",N/A,"• USD 200 right-to-work check mandatory for all expats (even self-sponsored)
• USD 500 immigration assessment fee for visa sponsorship feasibility check",USD 300,N/A,N/A,Involuntary Termination: USD 350,N/A,"• USD 120 right-to-work check mandatory for all expats (even self-sponsored)
• USD 400 immigration assessment fee for visa sponsorship feasibility check",RMT,Direct Entity,Signed MSA,"jasmine.chang@remote.com ,aisha.saeed@remote.com, ena.hazrolaj@remote.com","Jasmine Chang (Customer Success Manager), Aisha Saeed, Ena Hazrolaj  (Account Manager)","31 December, 2026",Pricing in Contract,,,
Europe,Italy,Rivermate,David,Preferred Vendor,Local EOR ,EUR 500-600,EUR 0-250,1 month,N/A,N/A,,EUR 350 ,N/A,1 month,N/A,N/A,,,,,bassem.benhassine@hightekers.com,Bassem Ben Hassine ,"31 December, 2026",Pricing in Contract,,,
Europe,Italy,Rivermate,David,Preferred Vendor,Expat EOR,EUR 600-700,EUR 0-250,1 month,N/A,N/A,,EUR 350 ,N/A,1 month,N/A,N/A,,,,,bassem.benhassine@hightekers.com,Bassem Ben Hassine ,"31 December, 2026",Pricing in Contract,,,
Europe,Italy,Enterprise Workforce Solutions,David,Backup Vendor,Local EOR ,,,,,,,USD 375,N/A,N/A,N/A,,,"
EWS",Direct Entity,Established Contact,omar@ews-limited.com,Omar Hassan ,"5 June, 2026",Reminder Sent,https://docs.google.com/spreadsheets/d/18SBM1yJ907dNTN114MJrnoU4yBfBiKkT3I8HzL4dldo/edit,"July 15, 2026",
Europe,Italy,Enterprise Workforce Solutions,David,Preferred Vendor,Expat EOR,USD 600 - 700,USD 0 - 500 ,1 month,N/A,N/A,,USD 450,N/A,N/A,N/A,,,"
EWS",Direct Entity,Established Contact,omar@ews-limited.com,Omar Hassan ,"5 June, 2026",Reminder Sent,https://docs.google.com/spreadsheets/d/18SBM1yJ907dNTN114MJrnoU4yBfBiKkT3I8HzL4dldo/edit,"July 15, 2026",
Europe,Italy,Leap 29,Jasmine,,Local EOR ,,,,,,,EUR 475,"• Setup Fee: EUR 250
• Onboarding Fee: EUR 150 ( for subsequent hires only not applicable for first hire)
• Off boarding Fee: EUR 150",1 month,,,,,,,mtoulet@leap29.com,Maguelone Toulet,"5 June, 2026",Vendor Responded,https://docs.google.com/spreadsheets/d/1NLr0DnvsAL8SOZvwNuR6Rp_PWy-sGijm5n4k4TJQUaE/edit,"June 17, 2026",Tier 2
Europe,Italy,PEO Italy,David,,Local EOR ,,,,,,,"EUR 550, negotiable depending on headcount",EUR 499,1 or 2 months of full payroll cycle depending on seniority of the employee and salary level,4 months from last working day of the employee,N/A,• Sponsors work permit ,,Direct Entity,,matteo@peoitaly.com,Matteo Bianchini,"5 June, 2026",Reminder Sent,https://docs.google.com/spreadsheets/d/1M9tckCfoMAFwPGeLasaTu9pUxotC0gcCsHCU0xv0ON4/edit,"July 15, 2026",
Europe,Italy,PEO Italy,David,,Expat EOR,,,,,,,"EUR 550, negotiable depending on headcount",EUR 499,1 or 2 months of full payroll cycle depending on seniority of the employee and salary level,4 months from last working day of the employee,N/A,• Sponsors work permit ,,Direct Entity,,matteo@peoitaly.com,matteo@peoitaly.com,"5 June, 2026",Reminder Sent,https://docs.google.com/spreadsheets/d/1M9tckCfoMAFwPGeLasaTu9pUxotC0gcCsHCU0xv0ON4/edit,"July 15, 2026",
Africa,Ivory Coast (Cote D'Ivoire),Workforce Africa,David,Backup Vendor,Local EOR ,,,,,,,USD 450,USD 200,N/A,USD 200,7.5% on service fee,12/22/2025,WFA,Uses Vendor,Signed MSA,justina.gabriel@workforcegroup.com,Justina Gabriel,"5 June, 2026",Reminder Sent,https://docs.google.com/spreadsheets/d/13pdolFV6P_EBVi5xsPKvdXzW76jB60buVkpZYMEoxJk/edit,7/15/2026,
Africa,Ivory Coast (Cote D'Ivoire),Workforce Africa,David,Backup Vendor,Expat EOR,,,,,,,USD 500,USD 200,N/A,USD 200,7.5% on service fee,"• Pricing valid until December 31st, 2050",WFA,Uses Vendor,Signed MSA,justina.gabriel@workforcegroup.com,Justina Gabriel,"5 June, 2026",Reminder Sent,https://docs.google.com/spreadsheets/d/13pdolFV6P_EBVi5xsPKvdXzW76jB60buVkpZYMEoxJk/edit,7/15/2026,
Africa,Ivory Coast (Cote D'Ivoire),Workpay ,David,Preferred Vendor,Local EOR ,USD 470 - 570,USD 0 - equivalent of service fee,1 month salary,N/A,TBC,,USD 320,N/A,1 month Salary ,N/A,,,WKP,Direct Entity,Established Contact," fn@myworkpay.com,
 zn@myworkpay.com","Frances Nzekwue, Ziphozihle Ntlakaza","5 June, 2026",Reminder Sent,https://docs.google.com/spreadsheets/d/1w0jqjlb9vUL_Lb7NHP45wKJcnWeX_D_--e6xf_W6ypc/edit,7/15/2026,Tier 2
Africa,Ivory Coast (Cote D'Ivoire),Workpay ,David,Preferred Vendor,Expat EOR,USD 470 - 570,USD 0 - equivalent of service fee,1 month salary,N/A,TBC,,USD 320,N/A,1 month Salary ,N/A,,,WKP,Direct Entity,Established Contact," fn@myworkpay.com,
 zn@myworkpay.com","Frances Nzekwue, Ziphozihle Ntlakaza","5 June, 2026",Reminder Sent,https://docs.google.com/spreadsheets/d/1w0jqjlb9vUL_Lb7NHP45wKJcnWeX_D_--e6xf_W6ypc/edit,7/15/2026,Tier 2
Africa,Ivory Coast (Cote D'Ivoire),Kharis Global Group ,David,Backup Vendor,Local EOR ,,,,,,,USD 200,N/A,N/A,,,,,Direct Entity,Established Contact,selorm@kharisglobalgroup.com,Eugene Selorm Akorli,"25 June, 2026",Vendor Responded,https://docs.google.com/spreadsheets/d/1bnCL389hf2xzwdLuTbd5E0JRdpjLqBVucpy7USIqz2I/edit,7/12/2026,
Africa,Ivory Coast (Cote D'Ivoire),Kharis Global Group ,David,Backup Vendor,Expat EOR,,,,,,,USD 350,N/A,N/A,,,,,Direct Entity,Established Contact,selorm@kharisglobalgroup.com,Eugene Selorm Akorli,"25 June, 2026",Vendor Responded,https://docs.google.com/spreadsheets/d/1bnCL389hf2xzwdLuTbd5E0JRdpjLqBVucpy7USIqz2I/edit,7/12/2026,
Africa,Ivory Coast (Cote D'Ivoire),Remote Solutions Africa ,David,Backup Vendor,Local EOR ,"USD 420 - 520
Reimbursement Fee: 5% of amount",USD 0 - 400,1 month,N/A,7.5 % of the service fee,,USD 250,N/A,N/A,N/A,7.5 % of the service fee,,RSA,Uses Vendor,Established Contact,moses.a@remotesolutionsafrica.com,Moses,"5 June, 2026",Reminder Sent,https://docs.google.com/spreadsheets/d/1-0VoGr6iIfXVV0l8SqaHo0p-ZCELZEMJiFpvK7R1zmQ/edit,7/15/2026,
Africa,Ivory Coast (Cote D'Ivoire),Remote Solutions Africa ,David,Backup Vendor,Expat EOR,"USD 470 - 570
Reimbursement Fee: 5% of amount",USD 0 - 400,1 month,N/A,7.5 % of the service fee,,USD 300,N/A,N/A,N/A,7.5 % of the service fee,,RSA,Uses Vendor,Established Contact,moses.a@remotesolutionsafrica.com,Moses,"5 June, 2026",Reminder Sent,https://docs.google.com/spreadsheets/d/1-0VoGr6iIfXVV0l8SqaHo0p-ZCELZEMJiFpvK7R1zmQ/edit,7/15/2026,
Latin America,Jamaica,Remote,David,Preferred Vendor,Local EOR ,USD 450 - 550,USD 0 - 250,1 month,"Involuntary Termination: USD 500 (termination initiated by client, not by resignation or natural contract expiration)",N/A,"• USD 200 right-to-work check mandatory for all expats (even self-sponsored)
• USD 500 immigration assessment fee for visa sponsorship feasibility check",USD 300,N/A,N/A,Involuntary Termination: USD 350,N/A,"• USD 120 right-to-work check mandatory for all expats (even self-sponsored)
• USD 400 immigration assessment fee for visa sponsorship feasibility check",RMT,Direct Entity,Signed MSA,"jasmine.chang@remote.com ,aisha.saeed@remote.com, ena.hazrolaj@remote.com","Jasmine Chang (Customer Success Manager), Aisha Saeed, Ena Hazrolaj  (Account Manager)","31 December, 2026",Pricing in Contract,,,
Asia,Japan,Shinmasu 合同會社,David,,Local EOR ,,,,,,,10% of TEC. Min contract: 3 month. Reimbursement fee: 2.5%,40000 JPY (300USD),N/A,N/A,,,,Direct Entity,,,,"5 June, 2026",Active,,,
Asia,Japan,ProWorks Group,David,,Local EOR ,,,,,,,"a.) JPY80,000 or b.) 8% on TEC (higher)",1x monthly fee plus C/Tax,,0.5 x monthly fee plus C/Tax,,,,Direct Entity,,lswamika@proworksgroup.com,Luc Swamika,"5 June, 2026",Inactive,https://docs.google.com/spreadsheets/d/1GZJGluae0Q2CEc9n1184GQNSpbHVLaKnrlRc8Pge7Bk/edit,"June 10, 2026",Tier 0
Asia,Japan,Azure Global,David,,Local EOR ,,,,,,,"• USD 525 - salary up tp USD 5,000 / pax
• USD 729 - salary up to USD 8,000 / pax
• USD 1,300 - salary higher than USD 8,000 / pax",,,,,,AZR,Unknown,,Ian@azureglobal.com,Ian Campbell,"5 June, 2026",Reminder Sent,https://docs.google.com/spreadsheets/d/15NFhmwxb0MYodBdJq1TTiYfRMYW1y5Itge202TLAZEo/edit,"July 15, 2026",
Asia,Japan,Horizons ,David,Backup Vendor,Local EOR ,,,,,,,USD 299,N/A,1 month,N/A,N/A,,HRZ,Uses Vendor,Established Contact,echo.li@joinhorizons.com,Echo Li,"5 June, 2026",Reminder Sent,https://docs.google.com/spreadsheets/d/10bk8I5ARIdOhETpt_8e5lTYq61dqCD5HM9903xPywTM/edit,"July 15, 2026",
Asia,Japan,Horizons ,David,Backup Vendor,Expat EOR,,,,,,,USD 759,N/A,1 month,N/A,10% local VAT applies on the total amount of the invoice for expat,,HRZ,Uses Vendor,Established Contact,echo.li@joinhorizons.com,Echo Li,"5 June, 2026",Reminder Sent,https://docs.google.com/spreadsheets/d/10bk8I5ARIdOhETpt_8e5lTYq61dqCD5HM9903xPywTM/edit,"July 15, 2026",
Asia,Japan,Remote,David,Preferred Vendor,Local EOR ,USD 450 - 550,USD 0 - 250,1 month,"Involuntary Termination: USD 500 (termination initiated by client, not by resignation or natural contract expiration)",N/A,"• USD 200 right-to-work check mandatory for all expats (even self-sponsored)
• USD 500 immigration assessment fee for visa sponsorship feasibility check",USD 300,N/A,N/A,Involuntary Termination: USD 350,N/A,"• USD 120 right-to-work check mandatory for all expats (even self-sponsored)
• USD 400 immigration assessment fee for visa sponsorship feasibility check
• In Japan, Public Holidays are considered non-working days while we consider prorated calculation. ",RMT,Direct Entity,Active,"jasmine.chang@remote.com ,aisha.saeed@remote.com, ena.hazrolaj@remote.com","Jasmine Chang (Customer Success Manager), Aisha Saeed, Ena Hazrolaj  (Account Manager)","31 December, 2026",Pricing in Contract,,,
Asia,Japan,Rivermate,David,Preferred Vendor,Local EOR ,"JPY 83,645-103,500","JPY 46,735 - 62,300",1 month TEC,N/A,10% on all service fees,,"JPY 60,000","JPY 25,000",1 month TEC,"JPY 25,000",10% on all service fees,,EOS,Direct Entity,Signed MSA,tim.denney@eosglobalexpansion.com,Tim Denney,"31 December, 2026",Active,,,Tier 2
Asia,Japan,Rivermate,David,Preferred Vendor,Expat EOR,"JPY 83,645-103,500","JPY 46,735 - 62,300",1 month TEC,N/A,10% on all service fees,,"JPY 60,000","JPY 25,000",1 month TEC,"JPY 25,000",10% on all service fees,,EOS,Direct Entity,Signed MSA,tim.denney@eosglobalexpansion.com,Tim Denney,"31 December, 2026",Active,,,Tier 2
Asia,Japan,Worknetics,Jasmine,,Local EOR ,,,,,,,SGD 850,SGD 850,,,,,WKN,Uses Vendor,,garvin.chia@workneticsglobal.com,Garvin Chia,"5 June, 2026",Reminder Sent,https://docs.google.com/spreadsheets/d/1v8hqm0zO5cDgfVn00wIGynQiohce5uwmBwXgNFXVrGU/edit,"July 15, 2026",Tier 2
Asia,Japan,Mannet,David,,Local EOR ,,,,,,,12% on TEC ,,2 months,1 month,10%,,,Direct Entity,,shoya@mannet.co.jp,Mannet Shoya,"30 May, 2027",Active,https://docs.google.com/spreadsheets/d/1MLOAgYqyKxuXwPNNBZowFjCevlJvtR3b4RiUwvYYt9I/edit,"June 4, 2026",
Asia,Jordan,Connect Resources,David,,Local EOR ,,,,,,,USD 450,N/A,1 month TEC,N/A,16% on EOR fee,,CNR,Uses Vendor,,"gregg.s@connectresources.ae, 
wesley.s@connectresources.ae",Gregg Steyn,"4 June, 2027",Active,https://docs.google.com/spreadsheets/d/1ieOJxUzmrSXNgAfyh8SwdttIVvwbhB4fFc4OzNzt0D8/edit,6/4/2026,
Asia,Jordan,Horizons ,David,Backup Vendor,Local EOR ,,,,,,,USD 399,N/A,1 month,N/A,N/A,,HRZ,Uses Vendor,Established Contact,echo.li@joinhorizons.com,Echo Li,"5 June, 2026",Reminder Sent,https://docs.google.com/spreadsheets/d/10bk8I5ARIdOhETpt_8e5lTYq61dqCD5HM9903xPywTM/edit,7/15/2026,
Asia,Jordan,Enterprise Workforce Solutions,David,Backup Vendor,Local EOR ,,,,,,,USD 400,N/A,N/A,N/A,,,"
EWS",Direct Entity,Established Contact,omar@ews-limited.com,Omar Hassan ,"5 June, 2026",Reminder Sent,https://docs.google.com/spreadsheets/d/18SBM1yJ907dNTN114MJrnoU4yBfBiKkT3I8HzL4dldo/edit,7/15/2026,
Asia,Jordan,Enterprise Workforce Solutions,David,Backup Vendor,Expat EOR,,,,,,,USD 400,N/A,N/A,N/A,,,"
EWS",Direct Entity,Established Contact,omar@ews-limited.com,Omar Hassan ,"5 June, 2026",Reminder Sent,https://docs.google.com/spreadsheets/d/18SBM1yJ907dNTN114MJrnoU4yBfBiKkT3I8HzL4dldo/edit,7/15/2026,
Asia,Jordan,Keys Payroll ,David,Preferred Vendor,Local EOR ,"1–5 pax: USD 400 - 500
6–10 pax: USD 350 - 400",USD 0 - 250,1 month,N/A,N/A,,"1–5                      $250 
6–10                    $200 
11–25                  $175 
26–50                  $150 
51–100                $100 
101–250              $90 
251–500              $80 
500–1000            $75 
1000+                  $50 ",N/A,N/A,N/A,,12/22/2025,,Direct Entity,Established Contact,info-keys@keysgroupservices.com,Naggy Megally,"31 December, 2026",Active,,,
Asia,Jordan,Trans Skills,David,Backup Vendor,Local EOR ,,,,,,,"EUR 330
• 1.5% on bonus and reimbursement",EUR 330,2 months,N/A,N/A,12/22/2025,TRS,Direct Entity,,charles.dawson@transskills.com,Charles Dawson,"5 June, 2026",Reminder Sent,https://docs.google.com/spreadsheets/d/1_xVbd68M01bbEusv8LOtQ7njrINL43C5x7I3Feg-7Eg/edit,7/15/2026,
Asia,Jordan,Trans Skills,David,Preferred Vendor,Expat EOR,"EUR 480 - 580
• 3% on bonus and reimbursement",EUR 480 - 580,2 months,N/A,N/A,,"EUR 330
• 1.5% on bonus and reimbursement",EUR 330,2 months,N/A,N/A,"if headcount is above 10, service fee can be discounted ",TRS,Direct Entity,,charles.dawson@transskills.com,Charles Dawson,"5 June, 2026",Reminder Sent,https://docs.google.com/spreadsheets/d/1_xVbd68M01bbEusv8LOtQ7njrINL43C5x7I3Feg-7Eg/edit,7/15/2026,
Asia,Jordan,SourceitHR,David,,Local EOR ,,,,,,,20%,250 USD,,N/A,16% to EOR fee,,,Direct Entity,,omar.tantash@sourceithr.com,Omar Tantash,"5 June, 2026",Inactive,https://docs.google.com/spreadsheets/d/12cFfLunIdaX7x5xOH4UKQPimSYm5-FkobK5kp8ZzBDQ/edit,"June 10, 2026",Tier 0
Asia,Kazakhstan,FChain,David,Preferred Vendor,Local EOR ,"USD 450 - 550 (for salary up to USD 3,000)
• 10% on reimbursement and bonus",USD 400 - 500,1 month gross salary,N/A,N/A,,"Option 1 (Flat Fee) 10% on Reimbursements&Tax
(1–10 EEs),$300 flat/month,
(11–15 EEs),$250 flat/month,
(16–25 EEs),$200 flat/month,
Option 2 (Percentage Based) No additional fees
(1–10 EEs) 10% (Min $300 / Max $400)
(11–15 EEs) 9% (Min $250 / Max $350)
(16–25 EEs) 8% (Min $200 / Max $300)
","USD 150 
",1 month gross salary + service fee + Tax,N/A,N/A,"Option 1 (Flat Fee) Expense & Admin Fee,10% on taxes & reimbursements
Option 2 (Percentage Based) Admin Fee - 0% (No additional charge)
",FCH,Direct Entity,,"ekassumova@f-chain.com, mmukhtar@f-chain.com","Ekaterina Kassumova, Moldir Mukhtar","5 June, 2026",Approved,https://docs.google.com/spreadsheets/d/10iWZAp5RXBiwls81G9UZm52Z6prAZhxEf6TNGcU-xF8/edit?usp=sharing,7/1/2026,
Asia,Kazakhstan,Native Teams,Jasmine,Poor Quality Vendor,Local EOR ,,,,,,,"• EUR 79 up to €1,500 processed per month
• EUR 129 up to €5,500 processed per month
• EUR 219 over €5,500 processed per month",N/A,N/A,N/A,N/A,,NTV,Direct Entity,Signed MSA,deren@nteams.com,Deren Kankurt,"31 December, 2026",Pricing in Contract,,,Tier 2
Asia,Kazakhstan,Horizons ,David,Backup Vendor,Local EOR ,,,,,,,USD 399,N/A,1 month,N/A,N/A,,HRZ,Uses Vendor,Established Contact,echo.li@joinhorizons.com,Echo Li,"5 June, 2026",Reminder Sent,https://docs.google.com/spreadsheets/d/10bk8I5ARIdOhETpt_8e5lTYq61dqCD5HM9903xPywTM/edit,"July 15, 2026",
Asia,Kazakhstan,Enterprise Workforce Solutions,David,Backup Vendor,Local EOR ,,,,,,,USD 375,N/A,N/A,N/A,,,"
EWS",Direct Entity,Established Contact,omar@ews-limited.com,Omar Hassan ,"5 June, 2026",Reminder Sent,https://docs.google.com/spreadsheets/d/18SBM1yJ907dNTN114MJrnoU4yBfBiKkT3I8HzL4dldo/edit,"July 15, 2026",
Asia,Kazakhstan,Enterprise Workforce Solutions,David,Backup Vendor,Expat EOR,,,,,,,USD 650,N/A,N/A,N/A,,,"
EWS",Direct Entity,Established Contact,omar@ews-limited.com,Omar Hassan ,"5 June, 2026",Reminder Sent,https://docs.google.com/spreadsheets/d/18SBM1yJ907dNTN114MJrnoU4yBfBiKkT3I8HzL4dldo/edit,"July 15, 2026",
Africa,Kazakhstan,NH Consulting,David,Backup Vendor,Local EOR,,,,,,,USD 450 + 2% on invoice + Reimbursement Fee: 5% on costs,N/A,1 month ,N/A,16 % of total invoice,"• Pricing valid until December 31st, 2091",WFA,Direct Entity,Signed MSA,anna.obraz@nh-logistics.com,Anna Obraz ,"30 December, 2026",Active,https://docs.google.com/spreadsheets/d/1tMKLXxYn-nSYNrrh2MFNEQxds94ebQEgT0sl92_Ix-0/edit,6/4/2026,
Asia,Kazakhstan,NH Consulting,David,Backup Vendor,Local EOR,,,,,,,USD 450 + 2% on invoice + Reimbursement Fee: 5% on costs,N/A,1 month ,N/A,16 % of total invoice,,HRZ,Direct Entity,Established Contact,anna.obraz@nh-logistics.com,Anna Obraz ,"30 December, 2026",Active,https://docs.google.com/spreadsheets/d/1tMKLXxYn-nSYNrrh2MFNEQxds94ebQEgT0sl92_Ix-0/edit,"June 4, 2026",
Africa,Kenya,Bradford Jacobs,Jasmine,,Local EOR ,,,,,,,EUR 500,EUR 500,1 month,N/A,,"• Use TopSource as vendor, but pricing is partner pricing, so will get lower quotation than from TopSource directly",BFJ,Uses Vendor,,k.nolan@bradfordjacobs.com,Kelly Nolan,"5 June, 2026",Reminder Sent,https://docs.google.com/spreadsheets/d/1qcQBw7034L9B0NSXOC38XkMU1wg2eROqWYyMtiobk-M/edit,7/15/2026,
Africa,Kenya,Africa HR Solutions,David,Backup Vendor,Local EOR ,,,,,,,USD 350  ,USD 350 ,1 month ,USD 90,N/A,third-party expenses and disbursements are charged by Africa HR Solutions at cost + 10%.,,Direct Entity,Established Contact,ggeraghty@africa-hr.com,Grant Geraghty,"5 June, 2026",Active,https://docs.google.com/spreadsheets/d/16l8VyrJGEBOUb3_o77qAv4YEy0q7AgTQuRDgskl7-3Y/edit,"June 17, 2026",
Africa,Kenya,Africa HR Solutions,David,Backup Vendor,Expat EOR,,,,,,,USD 450   ,USD 390 ,1 month ,USD 190 ,,,,,,,,"5 June, 2026",Active,,,
Africa,Kenya,Workpay,David,Preferred Vendor,Local EOR ,USD 470 - 570,USD 0 - equivalent of service fee,1 month salary,N/A,TBC,,USD 320,N/A,1 month Salary ,N/A,N/A,,WKP,Direct Entity,Established Contact," fn@myworkpay.com,
 zn@myworkpay.com","Frances Nzekwue, Ziphozihle Ntlakaza","5 June, 2026",Reminder Sent,https://docs.google.com/spreadsheets/d/1w0jqjlb9vUL_Lb7NHP45wKJcnWeX_D_--e6xf_W6ypc/edit,7/15/2026,Tier 2
Africa,Kenya,Workpay,David,Preferred Vendor,Expat EOR,USD 470 - 570,USD 0 - equivalent of service fee,1 month salary,N/A,TBC,,USD 320,N/A,1 month Salary ,N/A,N/A,,WKP,Direct Entity,Established Contact," fn@myworkpay.com,
 zn@myworkpay.com","Frances Nzekwue, Ziphozihle Ntlakaza","5 June, 2026",Reminder Sent,https://docs.google.com/spreadsheets/d/1w0jqjlb9vUL_Lb7NHP45wKJcnWeX_D_--e6xf_W6ypc/edit,7/15/2026,Tier 2
Africa,Kenya,Remote Solutions Africa,David,Backup Vendor,Local EOR ,"USD 370 - 470
Reimbursement Fee: 5% of amount",USD 0 - 400,1 month,N/A,7.5 % of the service fee,,USD 200,N/A,N/A,N/A,7.5 % of the service fee,,RSA,Direct Entity,Established Contact,moses.a@remotesolutionsafrica.com,Moses,"5 June, 2026",Reminder Sent,https://docs.google.com/spreadsheets/d/1-0VoGr6iIfXVV0l8SqaHo0p-ZCELZEMJiFpvK7R1zmQ/edit,"July 15, 2026",
Africa,Kenya,Remote Solutions Africa,David,Backup Vendor,Expat EOR,"USD 420 - 520
Reimbursement Fee: 5% of amount",USD 0 - 400,1 month,N/A,7.5 % of the service fee,,USD 250 ,N/A,N/A,N/A,7.5 % of the service fee,We don't charge deposit as long as we receive the invoice payment on the 20th of each month//Reimbursement Fee: 4% of the total reimbursement //  20 USD bank transfer fee,RSA,Direct Entity,Established Contact,moses.a@remotesolutionsafrica.com,Moses,"5 June, 2026",Reminder Sent,https://docs.google.com/spreadsheets/d/1-0VoGr6iIfXVV0l8SqaHo0p-ZCELZEMJiFpvK7R1zmQ/edit,"July 15, 2026",
Africa,Kenya,Horizons ,David,Backup Vendor,Local EOR ,,,,,,,USD 299,N/A,1 month,N/A,N/A,,HRZ,Uses Vendor,Established Contact,echo.li@joinhorizons.com,Echo Li,"5 June, 2026",Reminder Sent,https://docs.google.com/spreadsheets/d/10bk8I5ARIdOhETpt_8e5lTYq61dqCD5HM9903xPywTM/edit,"July 15, 2026",
Africa,Kenya,Remote,David,Backup Vendor,Local EOR ,,,,,,,USD 300,N/A,N/A,Involuntary Termination: USD 350,N/A,12/22/2025,RMT,Direct Entity,Signed MSA,"jasmine.chang@remote.com ,aisha.saeed@remote.com, ena.hazrolaj@remote.com","Jasmine Chang (Customer Success Manager), Aisha Saeed, Ena Hazrolaj  (Account Manager)","31 December, 2026",Pricing in Contract,,,
Africa,Kenya,Workforce Africa,David,Backup Vendor,Local EOR ,,,,,,,USD 400,USD 200,N/A,USD 200,16% on service fee,"• Pricing valid until December 31st, 2051",WFA,Direct Entity,Signed MSA,justina.gabriel@workforcegroup.com,Justina Gabriel,"5 June, 2026",Reminder Sent,https://docs.google.com/spreadsheets/d/13pdolFV6P_EBVi5xsPKvdXzW76jB60buVkpZYMEoxJk/edit,"July 15, 2026",
Africa,Kenya,Workforce Africa,David,Backup Vendor,Expat EOR,,,,,,,USD 450,USD 200,N/A,USD 200,16% on service fee,"• Pricing valid until December 31st, 2052",WFA,Direct Entity,Signed MSA,justina.gabriel@workforcegroup.com,Justina Gabriel,"5 June, 2026",Reminder Sent,https://docs.google.com/spreadsheets/d/13pdolFV6P_EBVi5xsPKvdXzW76jB60buVkpZYMEoxJk/edit,"July 15, 2026",
Europe,Kosovo,Native Teams,Jasmine,Poor Quality Vendor,Local EOR ,,,,,,,"• EUR 79 up to €1,500 processed per month
• EUR 129 up to €5,500 processed per month
• EUR 219 over €5,500 processed per month",N/A,N/A,N/A,N/A,,NTV,Direct Entity,Signed MSA,deren@nteams.com,Deren Kankurt,"31 December, 2026",Pricing in Contract,,,Tier 2
Europe,Kosovo,Horizons ,David,Backup Vendor,Local EOR ,,,,,,,USD 399,N/A,1 month,N/A,N/A,,HRZ,Uses Vendor,Established Contact,echo.li@joinhorizons.com,Echo Li,"5 June, 2026",Reminder Sent,https://docs.google.com/spreadsheets/d/10bk8I5ARIdOhETpt_8e5lTYq61dqCD5HM9903xPywTM/edit,"July 15, 2026",
Europe,Kosovo,Enterprise Workforce Solutions,David,Backup Vendor,Local EOR ,,,,,,,USD 375,N/A,N/A,N/A,,,"
EWS",Direct Entity,Established Contact,omar@ews-limited.com,Omar Hassan ,"5 June, 2026",Reminder Sent,https://docs.google.com/spreadsheets/d/18SBM1yJ907dNTN114MJrnoU4yBfBiKkT3I8HzL4dldo/edit,"July 15, 2026",
Europe,Kosovo,Enterprise Workforce Solutions,David,Preferred Vendor,Expat EOR,USD 600 - 700,USD 0 - 500 ,1 month,N/A,N/A,,USD 450,N/A,N/A,N/A,,,"
EWS",Direct Entity,Established Contact,omar@ews-limited.com,Omar Hassan ,"5 June, 2026",Reminder Sent,https://docs.google.com/spreadsheets/d/18SBM1yJ907dNTN114MJrnoU4yBfBiKkT3I8HzL4dldo/edit,"July 15, 2026",
Europe,Kosovo,Remote,David,Preferred Vendor,Local EOR ,USD 450 - 550,USD 0 - 250,1 month,"Involuntary Termination: USD 500 (termination initiated by client, not by resignation or natural contract expiration)",N/A,"• USD 200 right-to-work check mandatory for all expats (even self-sponsored)
• USD 500 immigration assessment fee for visa sponsorship feasibility check",USD 300,N/A,N/A,Involuntary Termination: USD 350,N/A,"• USD 120 right-to-work check mandatory for all expats (even self-sponsored)
• USD 400 immigration assessment fee for visa sponsorship feasibility check",RMT,Direct Entity,Signed MSA,"jasmine.chang@remote.com ,aisha.saeed@remote.com, ena.hazrolaj@remote.com","Jasmine Chang (Customer Success Manager), Aisha Saeed, Ena Hazrolaj  (Account Manager)","31 December, 2026",Pricing in Contract,,,
Asia,Kuwait,Auxilium,Jasmine,,Expat EOR,,,,,,,KWD 150,KWD 200,N/A,N/A,N/A,12/22/2025,AUX,Direct Entity,Signed MSA,Lawrence.Coward@auxiliumservices.com,Lawrence Coward,"5 June, 2026",Reminder Sent,https://docs.google.com/spreadsheets/d/1j3AhdZLbdehMNW1ih9WSwqE1oig1czH7jd-NGDPDd7Y/edit,7/15/2026,
Asia,Kuwait,Horizons ,David,Backup Vendor,Local EOR ,,,,,,,USD 399,N/A,1 month,N/A,N/A,,HRZ,Uses Vendor,Established Contact,echo.li@joinhorizons.com,Echo Li,"5 June, 2026",Reminder Sent,https://docs.google.com/spreadsheets/d/10bk8I5ARIdOhETpt_8e5lTYq61dqCD5HM9903xPywTM/edit,7/15/2026,
Asia,Kuwait,Horizons ,David,Backup Vendor,Expat EOR,,,,,,,USD 749,N/A,1 month,N/A,"for expatriates, VAT may apply depending on the local regulations.",,HRZ,Uses Vendor,Established Contact,echo.li@joinhorizons.com,Echo Li,"5 June, 2026",Reminder Sent,https://docs.google.com/spreadsheets/d/10bk8I5ARIdOhETpt_8e5lTYq61dqCD5HM9903xPywTM/edit,7/15/2026,
Asia,Kuwait,Connect Resources,David,Preferred Vendor,Expat EOR,USD 600 - 700,N/A,1 month TEC,N/A,N/A,,USD 350,N/A,1 month TEC,N/A,N/A,,CNR,Uses Vendor,,"gregg.s@connectresources.ae, 
wesley.s@connectresources.ae",Gregg Steyn,"4 June, 2027",Active,https://docs.google.com/spreadsheets/d/1ieOJxUzmrSXNgAfyh8SwdttIVvwbhB4fFc4OzNzt0D8/edit,6/4/2026,
Asia,Kyrgyzstan,FChain,David,Preferred Vendor,Local EOR ,(Gross salary * 10%) + (USD 150 - 250),USD 400 - 500,2 months gross salary,N/A,12% VAT on total invoice,,10% min USD 100,USD 250,2 months gross salary + service fee,N/A,12% VAT on total invoice,• Vendor provides immigration solution,FCH,Direct Entity,,eraginskaya@f-chain.com,Enn Raginskaya,"5 June, 2026",Approved,https://docs.google.com/spreadsheets/d/10iWZAp5RXBiwls81G9UZm52Z6prAZhxEf6TNGcU-xF8/edit?usp=sharing,7/1/2026,
Asia,Kyrgyzstan,Horizons ,David,Backup Vendor,Local EOR ,,,,,,,USD 399,N/A,1 month,N/A,N/A,,HRZ,Uses Vendor,Established Contact,echo.li@joinhorizons.com,Echo Li,"5 June, 2026",Reminder Sent,https://docs.google.com/spreadsheets/d/10bk8I5ARIdOhETpt_8e5lTYq61dqCD5HM9903xPywTM/edit,7/15/2026,
Asia,Kyrgyzstan,Enterprise Workforce Solutions,David,Backup Vendor,Local EOR ,,,,,,,USD 375,N/A,N/A,N/A,,,"
EWS",Direct Entity,Established Contact,omar@ews-limited.com,Omar Hassan ,"5 June, 2026",Reminder Sent,https://docs.google.com/spreadsheets/d/18SBM1yJ907dNTN114MJrnoU4yBfBiKkT3I8HzL4dldo/edit,7/15/2026,
Asia,Kyrgyzstan,Enterprise Workforce Solutions,David,Backup Vendor,Expat EOR,,,,,,,USD 650,N/A,N/A,N/A,,,"
EWS",Direct Entity,Established Contact,omar@ews-limited.com,Omar Hassan ,"5 June, 2026",Reminder Sent,https://docs.google.com/spreadsheets/d/18SBM1yJ907dNTN114MJrnoU4yBfBiKkT3I8HzL4dldo/edit,7/15/2026,
Asia,Kyrgyzstan,Native Teams,Jasmine,Poor Quality Vendor,Local EOR ,,,,,,,"• EUR 79 up to €1,500 processed per month
• EUR 129 up to €5,500 processed per month
• EUR 219 over €5,500 processed per month",N/A,N/A,N/A,N/A,,NTV,Direct Entity,Signed MSA,deren@nteams.com,Deren Kankurt,"31 December, 2026",Pricing in Contract,,,Tier 2
Africa,Kyrgyzstan,NH Consulting,David,Backup Vendor,Local EOR,,,,,,,USD 450 + 2% on invoice + Reimbursement Fee: 5% on costs,N/A,1 month ,N/A,N/A,,,Direct Entity,Established Contact,anna.obraz@nh-logistics.com,Anna Obraz ,"30 December, 2026",Active,https://docs.google.com/spreadsheets/d/1tMKLXxYn-nSYNrrh2MFNEQxds94ebQEgT0sl92_Ix-0/edit,6/4/2026,
Africa,Kyrgyzstan,NH Consulting,David,Backup Vendor,Expat EOR,"USD 470 - 570
Reimbursement Fee: 5% of amount",USD 0 - 400,1 month,N/A,7.5 % of the service fee,,USD 450 + 2% on invoice + Reimbursement Fee: 5% on costs,N/A,1 month ,N/A,N/A,We don't charge deposit as long as we receive the invoice payment on the 20th of each month//Reimbursement Fee: 4% of the total reimbursement //  20 USD bank transfer fee,RSA,Direct Entity,Established Contact,anna.obraz@nh-logistics.com,Anna Obraz ,"30 December, 2026",Active,https://docs.google.com/spreadsheets/d/1tMKLXxYn-nSYNrrh2MFNEQxds94ebQEgT0sl92_Ix-0/edit,6/4/2026,
Asia,Laos,Acclime,Jasmine,,Local EOR,,,,,,,12% min USD 200,"USD 500 the first time, and then USD 40 for every new employee onboarded",2 month,"Resignation - USD 40
Termination - USD 100",10% VAT applied to service fee only,,,Direct Entity,,h.lin@acclime.com,Hsu Yee Lin,"31 May, 2031",Active,https://docs.google.com/spreadsheets/d/1S_vSbxP4DwcQakn25RMm--JY6tDeZAxR4g4pGlMnlYE/edit,"June 4, 2026",
Asia,Laos,Acclime,Jasmine,Poor Quality Vendor,Expat EOR,,,,,,,15% min USD 500,"USD 500 the first time, and then USD 40 for every new employee onboarded",2 month,"Resignation - USD 40
Termination - USD 100",10% VAT applied to service fee only,,AYP,Direct Entity,Signed MSA,h.lin@acclime.com,Hsu Yee Lin,"31 May, 2031",Active,https://docs.google.com/spreadsheets/d/1cl92pSZ3CZdf5zEt6uPXxyzLvtRFtENWAzXKRME19lc/edit,"June 4, 2026",
Europe,Latvia,Bradford Jacobs,Jasmine,,Local EOR ,,,,,,,EUR 500,EUR 500,1 month,N/A,,"• Use TopSource as vendor, but pricing is partner pricing, so will get lower quotation than from TopSource directly",BFJ,Uses Vendor,,k.nolan@bradfordjacobs.com,Kelly Nolan,"5 June, 2026",Reminder Sent,https://docs.google.com/spreadsheets/d/1qcQBw7034L9B0NSXOC38XkMU1wg2eROqWYyMtiobk-M/edit,7/15/2026,
Europe,Latvia,WorkingDay Latvia,David,Preferred Vendor,Local EOR ,EUR 340 - 440,,1 month (invoice paid in advance),N/A,N/A,,"EUR 190 - < EUR 3.5k
EUR 290 - EUR 3.5k - 6k
EUR 380 - > EUR 6k",0,1 month (invoice paid in advance),N/A,N/A,,,Direct Entity,,tomass.barilo@workingday.lv,Tomass Barilo,"30 December, 2027",Active,https://docs.google.com/spreadsheets/d/1t2RmmF_M5rOGS8C6crLLe7q4xO-lEMed5zDoBNlUCkY/edit,"June 4, 2026",
Europe,Latvia,Horizons ,David,Backup Vendor,Local EOR ,,,,,,,USD 399,N/A,1 month,N/A,N/A,,HRZ,Uses Vendor,Established Contact,echo.li@joinhorizons.com,Echo Li,"5 June, 2026",Reminder Sent,https://docs.google.com/spreadsheets/d/10bk8I5ARIdOhETpt_8e5lTYq61dqCD5HM9903xPywTM/edit,"July 15, 2026",
Europe,Latvia,Remote,David,Preferred Vendor,Local EOR ,USD 450 - 550,USD 0 - 250,1 month,"Involuntary Termination: USD 500 (termination initiated by client, not by resignation or natural contract expiration)",N/A,"• USD 200 right-to-work check mandatory for all expats (even self-sponsored)
• USD 500 immigration assessment fee for visa sponsorship feasibility check",USD 300,N/A,N/A,Involuntary Termination: USD 350,N/A,"• USD 120 right-to-work check mandatory for all expats (even self-sponsored)
• USD 400 immigration assessment fee for visa sponsorship feasibility check",RMT,Direct Entity,Signed MSA,"jasmine.chang@remote.com ,aisha.saeed@remote.com, ena.hazrolaj@remote.com","Jasmine Chang (Customer Success Manager), Aisha Saeed, Ena Hazrolaj  (Account Manager)","31 December, 2026",Pricing in Contract,,,
Europe,Latvia,Enterprise Workforce Solutions,David,Backup Vendor,Local EOR ,,,,,,,USD 375,N/A,N/A,N/A,,,"
EWS",Direct Entity,Established Contact,omar@ews-limited.com,Omar Hassan ,"5 June, 2026",Reminder Sent,https://docs.google.com/spreadsheets/d/18SBM1yJ907dNTN114MJrnoU4yBfBiKkT3I8HzL4dldo/edit,"July 15, 2026",
Europe,Latvia,Enterprise Workforce Solutions,David,Preferred Vendor,Expat EOR,USD 600 - 700,USD 0 - 500 ,1 month,N/A,N/A,,USD 450,N/A,N/A,N/A,,,"
EWS",Direct Entity,Established Contact,omar@ews-limited.com,Omar Hassan ,"5 June, 2026",Reminder Sent,https://docs.google.com/spreadsheets/d/18SBM1yJ907dNTN114MJrnoU4yBfBiKkT3I8HzL4dldo/edit,"July 15, 2026",
Europe,Latvia,Native Teams,Jasmine,Poor Quality Vendor,Local EOR ,,,,,,,"• EUR 79 up to €1,500 processed per month
• EUR 129 up to €5,500 processed per month
• EUR 219 over €5,500 processed per month",N/A,N/A,N/A,N/A,,NTV,Direct Entity,Signed MSA,deren@nteams.com,Deren Kankurt,"31 December, 2026",Pricing in Contract,,,Tier 2
Europe,Latvia,Acvian,David,Backup Vendor,Local EOR ,,,,,,,"• EUR 550
• 6% on bonus and reimbursement",N/A,1 month invoice,N/A,N/A,"• Off-cycle payment out of payroll run - EUR 150.00 per transaction
• Partner can support visa sponsorship",ACV,Direct Entity,Signed MSA,a.zakharov@acvian.com,Anthony Zakharov,"4 June, 2027",Active,https://docs.google.com/spreadsheets/d/1FnxuLNnvsNjtofU3yPF8sbdGZUKI7vIGO_aid6WGQCM/edit,6/4/2026,Tier 2
Asia,Lebanon,Connect Resources,David,,Local EOR ,,,,,,,USD 350,N/A,1 month TEC,N/A,11% on total invoice,,CNR,Uses Vendor,,"gregg.s@connectresources.ae, 
wesley.s@connectresources.ae",Gregg Steyn,"4 June, 2027",Active,https://docs.google.com/spreadsheets/d/1ieOJxUzmrSXNgAfyh8SwdttIVvwbhB4fFc4OzNzt0D8/edit,6/4/2026,
Asia,Lebanon,Horizons ,David,Backup Vendor,Local EOR ,,,,,,,USD 399,N/A,1 month,N/A,N/A,,HRZ,Uses Vendor,Established Contact,echo.li@joinhorizons.com,Echo Li,"5 June, 2026",Reminder Sent,https://docs.google.com/spreadsheets/d/10bk8I5ARIdOhETpt_8e5lTYq61dqCD5HM9903xPywTM/edit,7/15/2026,
Asia,Lebanon,Remote,David,Preferred Vendor,Local EOR ,USD 450 - 550,USD 0 - 250,1 month,"Involuntary Termination: USD 500 (termination initiated by client, not by resignation or natural contract expiration)",N/A,"• USD 200 right-to-work check mandatory for all expats (even self-sponsored)
• USD 500 immigration assessment fee for visa sponsorship feasibility check",USD 300,N/A,N/A,Involuntary Termination: USD 350,N/A,"• USD 120 right-to-work check mandatory for all expats (even self-sponsored)
• USD 400 immigration assessment fee for visa sponsorship feasibility check",RMT,Direct Entity,Signed MSA,"jasmine.chang@remote.com ,aisha.saeed@remote.com, ena.hazrolaj@remote.com","Jasmine Chang (Customer Success Manager), Aisha Saeed, Ena Hazrolaj  (Account Manager)","31 December, 2026",Pricing in Contract,,,
Africa,Lesotho,Workforce Africa,David,Backup Vendor,Local EOR ,,,,,,,USD 450,USD 200,N/A,USD 200,7.5% on service fee,12/22/2025,WFA,Uses Vendor,Signed MSA,justina.gabriel@workforcegroup.com,Justina Gabriel,"5 June, 2026",Reminder Sent,https://docs.google.com/spreadsheets/d/13pdolFV6P_EBVi5xsPKvdXzW76jB60buVkpZYMEoxJk/edit,7/15/2026,
Africa,Lesotho,Workforce Africa,David,Backup Vendor,Expat EOR,,,,,,,case by case,USD 200,N/A,USD 200,7.5% on service fee,"• Pricing valid until December 31st, 2054",WFA,Uses Vendor,Signed MSA,justina.gabriel@workforcegroup.com,Justina Gabriel,"5 June, 2026",Reminder Sent,https://docs.google.com/spreadsheets/d/13pdolFV6P_EBVi5xsPKvdXzW76jB60buVkpZYMEoxJk/edit,7/15/2026,
Africa,Lesotho,Workpay,David,Preferred Vendor,Local EOR ,USD 470 - 570,USD 0 - equivalent of service fee,1 month salary,N/A,TBC,,USD 320,N/A,1 month Salary ,N/A,,,WKP,Direct Entity,Established Contact," fn@myworkpay.com,
 zn@myworkpay.com","Frances Nzekwue, Ziphozihle Ntlakaza","5 June, 2026",Reminder Sent,https://docs.google.com/spreadsheets/d/1w0jqjlb9vUL_Lb7NHP45wKJcnWeX_D_--e6xf_W6ypc/edit,7/15/2026,Tier 2
Africa,Lesotho,Workpay,David,Preferred Vendor,Expat EOR,USD 470 - 570,USD 0 - equivalent of service fee,1 month salary,N/A,TBC,,USD 320,N/A,1 month Salary ,N/A,,,WKP,Direct Entity,Established Contact," fn@myworkpay.com,
 zn@myworkpay.com","Frances Nzekwue, Ziphozihle Ntlakaza","5 June, 2026",Reminder Sent,https://docs.google.com/spreadsheets/d/1w0jqjlb9vUL_Lb7NHP45wKJcnWeX_D_--e6xf_W6ypc/edit,7/15/2026,Tier 2
Africa,Lesotho,Remote Solutions Africa ,David,Backup Vendor,Local EOR ,"USD 470 - 570
Reimbursement Fee: 5% of amount",USD 0 - 400,1 month,N/A,7.5 % of the service fee,,USD 300,N/A,N/A,N/A,7.5 % of the service fee,,RSA,Uses Vendor,Established Contact,moses.a@remotesolutionsafrica.com,Moses,"5 June, 2026",Reminder Sent,https://docs.google.com/spreadsheets/d/1-0VoGr6iIfXVV0l8SqaHo0p-ZCELZEMJiFpvK7R1zmQ/edit,7/15/2026,
Africa,Lesotho,Remote Solutions Africa ,David,Backup Vendor,Expat EOR,"USD 520 - 620
Reimbursement Fee: 5% of amount",USD 0 - 400,1 month,N/A,7.5 % of the service fee,,USD 350,N/A,N/A,N/A,7.5 % of the service fee,We don't charge deposit as long as we receive the invoice payment on the 20th of each month//Reimbursement Fee: 4% of the total reimbursement //  20 USD bank transfer fee,RSA,Uses Vendor,Established Contact,moses.a@remotesolutionsafrica.com,Moses,"5 June, 2026",Reminder Sent,https://docs.google.com/spreadsheets/d/1-0VoGr6iIfXVV0l8SqaHo0p-ZCELZEMJiFpvK7R1zmQ/edit,7/15/2026,
Africa,Liberia,Workforce Africa,David,Backup Vendor,Local EOR ,,,,,,,USD 450,USD 200,N/A,USD 200,10% on service fee,12/22/2025,WFA,Uses Vendor,Signed MSA,justina.gabriel@workforcegroup.com,Justina Gabriel,"5 June, 2026",Reminder Sent,https://docs.google.com/spreadsheets/d/13pdolFV6P_EBVi5xsPKvdXzW76jB60buVkpZYMEoxJk/edit,7/15/2026,
Africa,Liberia,Workforce Africa,David,Backup Vendor,Expat EOR,,,,,,,USD 500,USD 200,N/A,USD 200,10% on service fee,"• Pricing valid until December 31st, 2056",WFA,Uses Vendor,Signed MSA,justina.gabriel@workforcegroup.com,Justina Gabriel,"5 June, 2026",Reminder Sent,https://docs.google.com/spreadsheets/d/13pdolFV6P_EBVi5xsPKvdXzW76jB60buVkpZYMEoxJk/edit,7/15/2026,
Africa,Liberia,Remote Solutions Africa,David,Backup Vendor,Local EOR ,"USD 370 - 470
Reimbursement Fee: 5% of amount",USD 0 - 400,1 month,N/A,7.5 % of the service fee,,USD 200,N/A,N/A,N/A,7.5 % of the service fee,,RSA,Direct Entity,Established Contact,moses.a@remotesolutionsafrica.com,Moses,"5 June, 2026",Reminder Sent,https://docs.google.com/spreadsheets/d/1-0VoGr6iIfXVV0l8SqaHo0p-ZCELZEMJiFpvK7R1zmQ/edit,7/15/2026,
Africa,Liberia,Remote Solutions Africa,David,Backup Vendor,Expat EOR,"USD 420 - 520
Reimbursement Fee: 5% of amount",USD 0 - 400,1 month,N/A,7.5 % of the service fee,,USD 250 ,N/A,N/A,N/A,7.5 % of the service fee,We don't charge deposit as long as we receive the invoice payment on the 20th of each month//Reimbursement Fee: 4% of the total reimbursement //  20 USD bank transfer fee,RSA,Direct Entity,Established Contact,moses.a@remotesolutionsafrica.com,Moses,"5 June, 2026",Reminder Sent,https://docs.google.com/spreadsheets/d/1-0VoGr6iIfXVV0l8SqaHo0p-ZCELZEMJiFpvK7R1zmQ/edit,7/15/2026,
Africa,Liberia,Kharis Global Group ,David,Preferred Vendor,Local EOR ,"USD 370 - 470
Reimbursement Fee: 5% of amount",USD 0 - 400,1 month,N/A,,,USD 200,N/A,N/A,,,,,Direct Entity,Established Contact,selorm@kharisglobalgroup.com,Eugene Selorm Akorli,"25 June, 2026",Vendor Responded,https://docs.google.com/spreadsheets/d/1bnCL389hf2xzwdLuTbd5E0JRdpjLqBVucpy7USIqz2I/edit,7/12/2026,
Africa,Liberia,Kharis Global Group ,David,Preferred Vendor,Expat EOR,"USD 420 - 520
Reimbursement Fee: 5% of amount",USD 0 - 400,1 month,N/A,,,USD 250,N/A,N/A,,,,,Direct Entity,Established Contact,selorm@kharisglobalgroup.com,Eugene Selorm Akorli,"25 June, 2026",Vendor Responded,https://docs.google.com/spreadsheets/d/1bnCL389hf2xzwdLuTbd5E0JRdpjLqBVucpy7USIqz2I/edit,7/12/2026,
Africa,Liberia,Workpay ,David,Backup Vendor,Local EOR ,,,,,,,USD 320,N/A,1 month Salary ,N/A,,,WKP,Direct Entity,Established Contact," fn@myworkpay.com,
 zn@myworkpay.com","Frances Nzekwue, Ziphozihle Ntlakaza","5 June, 2026",Reminder Sent,https://docs.google.com/spreadsheets/d/1w0jqjlb9vUL_Lb7NHP45wKJcnWeX_D_--e6xf_W6ypc/edit,7/15/2026,Tier 2
Africa,Liberia,Workpay ,David,Backup Vendor,Expat EOR,,,,,,,USD 320,N/A,1 month Salary ,N/A,,,WKP,Direct Entity,Established Contact," fn@myworkpay.com,
 zn@myworkpay.com","Frances Nzekwue, Ziphozihle Ntlakaza","5 June, 2026",Reminder Sent,https://docs.google.com/spreadsheets/d/1w0jqjlb9vUL_Lb7NHP45wKJcnWeX_D_--e6xf_W6ypc/edit,7/15/2026,Tier 2
Africa,Liberia,Horizons ,David,Backup Vendor,Local EOR ,,,,,,,USD 299,N/A,1 month,N/A,N/A,,HRZ,Uses Vendor,Established Contact,echo.li@joinhorizons.com,Echo Li,"5 June, 2026",Reminder Sent,https://docs.google.com/spreadsheets/d/10bk8I5ARIdOhETpt_8e5lTYq61dqCD5HM9903xPywTM/edit,7/15/2026,
Africa ,Libya ,Workpay,David,Preferred Vendor,Local EOR ,USD 670 - 770,USD 0 - equivalent of service fee,1 month salary,N/A,TBC,,USD 520,N/A,1 month Salary ,N/A,,,WKP,Uses Vendor,Established Contact," fn@myworkpay.com,
 zn@myworkpay.com","Frances Nzekwue, Ziphozihle Ntlakaza","5 June, 2026",Reminder Sent,https://docs.google.com/spreadsheets/d/1w0jqjlb9vUL_Lb7NHP45wKJcnWeX_D_--e6xf_W6ypc/edit,7/15/2026,Tier 2
Africa ,Libya ,Workpay,David,Preferred Vendor,Expat EOR,USD 670 - 770,USD 0 - equivalent of service fee,1 month salary,N/A,TBC,,USD 520,N/A,1 month Salary ,N/A,,,WKP,Uses Vendor,Established Contact," fn@myworkpay.com,
 zn@myworkpay.com","Frances Nzekwue, Ziphozihle Ntlakaza","5 June, 2026",Reminder Sent,https://docs.google.com/spreadsheets/d/1w0jqjlb9vUL_Lb7NHP45wKJcnWeX_D_--e6xf_W6ypc/edit,7/15/2026,Tier 2
Europe,Lithuania,Bradford Jacobs,Jasmine,,Local EOR ,,,,,,,EUR 500,EUR 500,1 month,N/A,,"• Use TopSource as vendor, but pricing is partner pricing, so will get lower quotation than from TopSource directly",BFJ,Uses Vendor,,k.nolan@bradfordjacobs.com,Kelly Nolan,"5 June, 2026",Reminder Sent,https://docs.google.com/spreadsheets/d/1qcQBw7034L9B0NSXOC38XkMU1wg2eROqWYyMtiobk-M/edit,7/15/2026,
Europe,Lithuania,Native Teams,Jasmine,Poor Quality Vendor,Local EOR ,,,,,,,"• EUR 79 up to €1,500 processed per month
• EUR 129 up to €5,500 processed per month
• EUR 219 over €5,500 processed per month",N/A,N/A,N/A,N/A,• Provides visa sponsorship,NTV,Direct Entity,Signed MSA,deren@nteams.com,Deren Kankurt,"31 December, 2026",Pricing in Contract,,,Tier 2
Europe,Lithuania,Remote,David,Preferred Vendor,Local EOR ,USD 450 - 550,USD 0 - 250,1 month,"Involuntary Termination: USD 500 (termination initiated by client, not by resignation or natural contract expiration)",N/A,"• USD 200 right-to-work check mandatory for all expats (even self-sponsored)
• USD 500 immigration assessment fee for visa sponsorship feasibility check",USD 300,N/A,N/A,Involuntary Termination: USD 350,N/A,"• USD 120 right-to-work check mandatory for all expats (even self-sponsored)
• USD 400 immigration assessment fee for visa sponsorship feasibility check",RMT,Direct Entity,Signed MSA,"jasmine.chang@remote.com ,aisha.saeed@remote.com, ena.hazrolaj@remote.com","Jasmine Chang (Customer Success Manager), Aisha Saeed, Ena Hazrolaj  (Account Manager)","31 December, 2026",Pricing in Contract,,,
Europe,Lithuania,Horizons ,David,Backup Vendor,Local EOR ,,,,,,,USD 399,N/A,1 month,N/A,N/A,,HRZ,Uses Vendor,Established Contact,echo.li@joinhorizons.com,Echo Li,"5 June, 2026",Reminder Sent,https://docs.google.com/spreadsheets/d/10bk8I5ARIdOhETpt_8e5lTYq61dqCD5HM9903xPywTM/edit,"July 15, 2026",
Europe,Lithuania,Enterprise Workforce Solutions,David,Backup Vendor,Local EOR ,,,,,,,USD 375,N/A,N/A,N/A,,,"
EWS",Direct Entity,Established Contact,omar@ews-limited.com,Omar Hassan ,"5 June, 2026",Reminder Sent,https://docs.google.com/spreadsheets/d/18SBM1yJ907dNTN114MJrnoU4yBfBiKkT3I8HzL4dldo/edit,"July 15, 2026",
Europe,Lithuania,Enterprise Workforce Solutions,David,Preferred Vendor,Expat EOR,USD 600 - 700,USD 0 - 500 ,1 month,N/A,N/A,,USD 450,N/A,N/A,N/A,,,"
EWS",Direct Entity,Established Contact,omar@ews-limited.com,Omar Hassan ,"5 June, 2026",Reminder Sent,https://docs.google.com/spreadsheets/d/18SBM1yJ907dNTN114MJrnoU4yBfBiKkT3I8HzL4dldo/edit,"July 15, 2026",
Europe,Lithuania,WorkingDay Latvia,David,Preferred Vendor,Local EOR ,EUR 340 - 440,,1 month (invoice paid in advance),N/A,N/A,,"EUR 190 - < EUR 3.5k
EUR 290 - EUR 3.5k - 6k
EUR 380 - > EUR 6k",0,1 month (invoice paid in advance),N/A,N/A,,,Direct Entity,,tomass.barilo@workingday.lv,Tomass Barilo,"30 December, 2027",Active,https://docs.google.com/spreadsheets/d/1t2RmmF_M5rOGS8C6crLLe7q4xO-lEMed5zDoBNlUCkY/edit,"June 4, 2026",
Europe,Luxembourg,Bradford Jacobs,Jasmine,Backup Vendor,Local EOR ,,,,,,,EUR 500,EUR 500,1 month,N/A,,"• Use TopSource as vendor, but pricing is partner pricing, so will get lower quotation than from TopSource directly",BFJ,Uses Vendor,,k.nolan@bradfordjacobs.com,Kelly Nolan,"5 June, 2026",Reminder Sent,https://docs.google.com/spreadsheets/d/1qcQBw7034L9B0NSXOC38XkMU1wg2eROqWYyMtiobk-M/edit,7/15/2026,
Europe,Luxembourg,Remote,David,Preferred Vendor,Local EOR ,USD 450 - 550,USD 0 - 250,1 month,"Involuntary Termination: USD 500 (termination initiated by client, not by resignation or natural contract expiration)",N/A,"• USD 200 right-to-work check mandatory for all expats (even self-sponsored)
• USD 500 immigration assessment fee for visa sponsorship feasibility check",USD 300,N/A,N/A,Involuntary Termination: USD 350,N/A,"• USD 120 right-to-work check mandatory for all expats (even self-sponsored)
• USD 400 immigration assessment fee for visa sponsorship feasibility check",RMT,Direct Entity,Signed MSA,"jasmine.chang@remote.com ,aisha.saeed@remote.com, ena.hazrolaj@remote.com","Jasmine Chang (Customer Success Manager), Aisha Saeed, Ena Hazrolaj  (Account Manager)","31 December, 2026",Pricing in Contract,,,
Europe,Luxembourg,Horizons ,David,Backup Vendor,Local EOR ,,,,,,,USD 499,N/A,1 month,N/A,N/A,,HRZ,Uses Vendor,Established Contact,echo.li@joinhorizons.com,Echo Li,"5 June, 2026",Reminder Sent,https://docs.google.com/spreadsheets/d/10bk8I5ARIdOhETpt_8e5lTYq61dqCD5HM9903xPywTM/edit,7/15/2026,
Europe,Luxembourg,Rivermate,David,Preferred Vendor,Expat EOR,EUR 500 - 700,EUR 0 - 700,1 month ,N/A,,,EUR 350 ,N/A,1 month,N/A,,,HTK,Direct Entity,Signed MSA,bassem.benhassine@hightekers.com,Bassem Ben Hassine ,"31 December, 2026",Pricing in Contract,,,
Europe,Luxembourg,Access Financial,David,Backup Vendor,Local EOR ,,,,,,,EUR 500,EUR 500,,N/A,,,ACF,Direct Entity,Signed MSA,Nicos@accessfinancial.com,Nicos Nicolaou,"5 June, 2026",Reminder Sent,https://docs.google.com/spreadsheets/d/14pSkfYMAGQH_SF9hB0tBR8DxGdEfxM4Rq_MBchmava4/edit,7/15/2026,
Asia,Macau,Payrite,David,Preferred Vendor,Local EOR ,"(Gross salary * 10%) + (USD 150 - 250), for salary higher than USD 2,000",USD 0 - 350,1 month,N/A,N/A,,10% min USD 200,,1 month,N/A,N/A,,,Direct Entity,,jiji.tu@mss-recruitment.com,Jiji Tu,"5 June, 2026",Reminder Sent,https://docs.google.com/spreadsheets/d/1OyMAVntO2cfPlfshcDN9CPUlRw1fKFMkZvyhMExsqcY/edit,7/15/2026,
Asia,Macau,Horizons ,David,Backup Vendor,Local EOR ,,,,,,,USD 299,N/A,1 month,N/A,N/A,,HRZ,Uses Vendor,Established Contact,echo.li@joinhorizons.com,Echo Li,"5 June, 2026",Reminder Sent,https://docs.google.com/spreadsheets/d/10bk8I5ARIdOhETpt_8e5lTYq61dqCD5HM9903xPywTM/edit,7/15/2026,
Europe ,Macedonia,Enterprise Workforce Solutions,David,Preferred Vendor,Local EOR ,USD 525 - 625,USD 0 - 250 ,1 month,N/A,N/A,,USD 375,N/A,N/A,N/A,,,"
EWS",Direct Entity,Established Contact,omar@ews-limited.com,Omar Hassan ,"5 June, 2026",Reminder Sent,https://docs.google.com/spreadsheets/d/18SBM1yJ907dNTN114MJrnoU4yBfBiKkT3I8HzL4dldo/edit,7/15/2026,
Europe ,Macedonia,Enterprise Workforce Solutions,David,Preferred Vendor,Expat EOR,USD 600 - 700,USD 0 - 500 ,1 month,N/A,N/A,,USD 450,N/A,N/A,N/A,,,"
EWS",Direct Entity,Established Contact,omar@ews-limited.com,Omar Hassan ,"5 June, 2026",Reminder Sent,https://docs.google.com/spreadsheets/d/18SBM1yJ907dNTN114MJrnoU4yBfBiKkT3I8HzL4dldo/edit,7/15/2026,
Africa,Madagascar,Workforce Africa,David,Backup Vendor,Local EOR ,,,,,,,USD 500,USD 200,N/A,USD 200,,12/22/2025,WFA,Uses Vendor,Signed MSA,justina.gabriel@workforcegroup.com,Justina Gabriel,"5 June, 2026",Reminder Sent,https://docs.google.com/spreadsheets/d/13pdolFV6P_EBVi5xsPKvdXzW76jB60buVkpZYMEoxJk/edit,7/15/2026,
Africa,Madagascar,Workforce Africa,David,Backup Vendor,Expat EOR,,,,,,,USD 550,USD 200,N/A,USD 200,,"• Pricing valid until December 31st, 2058",WFA,Uses Vendor,Signed MSA,justina.gabriel@workforcegroup.com,Justina Gabriel,"5 June, 2026",Reminder Sent,https://docs.google.com/spreadsheets/d/13pdolFV6P_EBVi5xsPKvdXzW76jB60buVkpZYMEoxJk/edit,7/15/2026,
Africa,Madagascar,Workpay,David,Preferred Vendor,Local EOR ,USD 470 - 570,USD 0 - equivalent of service fee,1 month salary,N/A,TBC,,USD 320,N/A,1 month Salary ,N/A,,,WKP,Direct Entity,Established Contact," fn@myworkpay.com,
 zn@myworkpay.com","Frances Nzekwue, Ziphozihle Ntlakaza","5 June, 2026",Reminder Sent,https://docs.google.com/spreadsheets/d/1w0jqjlb9vUL_Lb7NHP45wKJcnWeX_D_--e6xf_W6ypc/edit,7/15/2026,Tier 2
Africa,Madagascar,Workpay,David,Preferred Vendor,Expat EOR,USD 470 - 570,USD 0 - equivalent of service fee,1 month salary,N/A,TBC,,USD 320,N/A,1 month Salary ,N/A,,,WKP,Direct Entity,Established Contact," fn@myworkpay.com,
 zn@myworkpay.com","Frances Nzekwue, Ziphozihle Ntlakaza","5 June, 2026",Reminder Sent,https://docs.google.com/spreadsheets/d/1w0jqjlb9vUL_Lb7NHP45wKJcnWeX_D_--e6xf_W6ypc/edit,7/15/2026,Tier 2
Africa,Madagascar,Remote Solutions Africa ,David,Backup Vendor,Local EOR ,"USD 420 - 520
Reimbursement Fee: 5% of amount",USD 0 - 400,1 month,N/A,7.5 % of the service fee,,USD 250,N/A,N/A,N/A,7.5 % of the service fee,,RSA,Uses Vendor,Established Contact,moses.a@remotesolutionsafrica.com,Moses,"5 June, 2026",Reminder Sent,https://docs.google.com/spreadsheets/d/1-0VoGr6iIfXVV0l8SqaHo0p-ZCELZEMJiFpvK7R1zmQ/edit,7/15/2026,
Africa,Madagascar,Remote Solutions Africa ,David,Backup Vendor,Expat EOR,"USD 470 - 570
Reimbursement Fee: 5% of amount",USD 0 - 400,1 month,N/A,7.5 % of the service fee,,USD 300,N/A,N/A,N/A,7.5 % of the service fee,,RSA,Uses Vendor,Established Contact,moses.a@remotesolutionsafrica.com,Moses,"5 June, 2026",Reminder Sent,https://docs.google.com/spreadsheets/d/1-0VoGr6iIfXVV0l8SqaHo0p-ZCELZEMJiFpvK7R1zmQ/edit,7/15/2026,
Africa,Malawi,Remote Solutions Africa,David,Backup Vendor,Local EOR ,"USD 420 - 520
Reimbursement Fee: 5% of amount",USD 0 - 400,1 month,N/A,7.5 % of the service fee,,USD 250,N/A,N/A,N/A,7.5 % of the service fee,,RSA,Uses Vendor,Established Contact,moses.a@remotesolutionsafrica.com,Moses,"5 June, 2026",Reminder Sent,https://docs.google.com/spreadsheets/d/1-0VoGr6iIfXVV0l8SqaHo0p-ZCELZEMJiFpvK7R1zmQ/edit,7/15/2026,
Africa,Malawi,Remote Solutions Africa,David,Backup Vendor,Expat EOR,"USD 470 - 570
Reimbursement Fee: 5% of amount",USD 0 - 400,1 month,N/A,7.5 % of the service fee,,USD 300,N/A,N/A,N/A,7.5 % of the service fee,,RSA,Uses Vendor,Established Contact,moses.a@remotesolutionsafrica.com,Moses,"5 June, 2026",Reminder Sent,https://docs.google.com/spreadsheets/d/1-0VoGr6iIfXVV0l8SqaHo0p-ZCELZEMJiFpvK7R1zmQ/edit,7/15/2026,
Africa,Malawi,Workpay,David,Preferred Vendor,Local EOR ,USD 470 - 570,USD 0 - equivalent of service fee,1 month salary,N/A,TBC,,USD 320,N/A,1 month Salary ,N/A,,,WKP,Direct Entity,Established Contact," fn@myworkpay.com,
 zn@myworkpay.com","Frances Nzekwue, Ziphozihle Ntlakaza","5 June, 2026",Reminder Sent,https://docs.google.com/spreadsheets/d/1w0jqjlb9vUL_Lb7NHP45wKJcnWeX_D_--e6xf_W6ypc/edit,7/15/2026,Tier 2
Africa,Malawi,Workpay,David,Preferred Vendor,Expat EOR,USD 470 - 570,USD 0 - equivalent of service fee,1 month salary,N/A,TBC,,USD 320,N/A,1 month Salary ,N/A,,,WKP,Direct Entity,Established Contact," fn@myworkpay.com,
 zn@myworkpay.com","Frances Nzekwue, Ziphozihle Ntlakaza","5 June, 2026",Reminder Sent,https://docs.google.com/spreadsheets/d/1w0jqjlb9vUL_Lb7NHP45wKJcnWeX_D_--e6xf_W6ypc/edit,7/15/2026,Tier 2
Africa,Malawi,Workforce Africa,David,Backup Vendor,Local EOR ,USD 550 - 650,USD 350 - equivalent of service fee,1 month salary,USD 350,TBC,,USD 400,USD 200,N/A,USD 200,TBC,"• Pricing valid until December 31st, 2025",WFA,Uses Vendor,Signed MSA,justina.gabriel@workforcegroup.com,Justina Gabriel,"5 June, 2026",Reminder Sent,https://docs.google.com/spreadsheets/d/13pdolFV6P_EBVi5xsPKvdXzW76jB60buVkpZYMEoxJk/edit,7/15/2026,
Asia,Malaysia,Great Pyramid,Jasmine,Backup Vendor,Expat EOR,,,,,,,"• 18% on gross salary min RM 1500, max RM 4,000
• 5% on reimbursement

OR

RM 1,500 per pax for 1 - 10 headcount and 
RM 1,200 for the 11th headcount onwards","MYR 1,500",1 month invoice,N/A,6% on service fee and work permit fee,,5/19/2026,Direct Entity,Signed MSA,tejvinder@greatpyramid.com.my,Tejvinder Singh,"31 December, 2026",Active,,,
Asia,Malaysia,Remote,David,Backup Vendor,Local EOR ,,,,,,,USD 300,N/A,N/A,Involuntary Termination: USD 350,N/A,12/22/2025,RMT,Direct Entity,Signed MSA,"jasmine.chang@remote.com ,aisha.saeed@remote.com, ena.hazrolaj@remote.com","Jasmine Chang (Customer Success Manager), Aisha Saeed, Ena Hazrolaj  (Account Manager)","31 December, 2026",Pricing in Contract,,,
Asia,Malaysia,Horizons ,David,Backup Vendor,Local EOR ,,,,,,,USD 199,N/A,1 month,N/A,N/A,,HRZ,Uses Vendor,Established Contact,echo.li@joinhorizons.com,Echo Li,"5 June, 2026",Reminder Sent,https://docs.google.com/spreadsheets/d/10bk8I5ARIdOhETpt_8e5lTYq61dqCD5HM9903xPywTM/edit,"July 15, 2026",
Asia,Malaysia,Horizons ,David,Backup Vendor,Expat EOR,,,,,,,USD 299,N/A,1 month,N/A,"for expatriates, VAT may apply depending on the local regulations.",,HRZ,Uses Vendor,Established Contact,echo.li@joinhorizons.com,Echo Li,"5 June, 2026",Reminder Sent,https://docs.google.com/spreadsheets/d/10bk8I5ARIdOhETpt_8e5lTYq61dqCD5HM9903xPywTM/edit,"July 15, 2026",
Asia,Malaysia,Worknetics,Jasmine,Backup Vendor,Local EOR ,,,,,,,SGD 200,SGD 200,1 month,N/A,N/A,,WKN,,,,,"5 June, 2026",Active,,,Tier 2
Asia,Malaysia,Worknetics,Jasmine,Backup Vendor,Expat EOR,,,,,,,SGD 850,SGD 850,1 month,N/A,N/A,,WKN,,,,,"5 June, 2026",Active,,,Tier 2
Asia,Malaysia,GP Outsourcing Asia,Jasmine,Preferred Vendor,Expat EOR,"salary below MYR 12,500: MYR 1,625
salary above MYR 12,500: MYR 2,430
off-cycle payment request - MYR 600 / transaction","MYR 1,200 - 1,625",1 month,N/A,N/A,"EP Category  Current Minimum Salary        Revised Minimum Salary (Effective 1 June 2026)
I                       ""RM10,000 and above""        ""RM20,000 and above""
II                       ""RM5,000 to RM9,999""        ""RM10,000 to RM19,999""
III                       ""RM3,000 to RM4,999""        ""RM5,000 to RM9,999""
","below MYR 12,500 - MYR 1,000
above MYR 12,500 - 8% capped at MYR 1,800
off-cycle payment request - MYR 350 / transaction",MYR 500,1 month,N/A,N/A,"EP Category        Current Minimum Salary        Revised Minimum Salary (Effective 1 June 2026)
I        ""RM10,000 and above""        ""RM20,000 and above""
II        ""RM5,000 to RM9,999""        ""RM10,000 to RM19,999""
III        ""RM3,000 to RM4,999""        ""RM5,000 to RM9,999""
",,Direct Entity,Active,alan@gpasia.net,Alan Yap,"31 December, 2026",Active,,,
Asia,Malaysia,Rivermate,David,Backup Vendor,Local EOR ,,,,,,,USD 350,USD 500,1 month TEC,Waived for placements over 6 months or 1 month service fee under 6 months,6% on total invoice,12/22/2025,EOS,Direct Entity,Signed MSA,tim.denney@eosglobalexpansion.com,Tim Denney,"31 December, 2026",Active,,,Tier 2
Asia,Malaysia,Rivermate,David,Backup Vendor,Expat EOR,,,,,,,USD 750 ,USD 500,1 month TEC,Waived for placements over 6 months or 1 month service fee under 6 months,6% on total invoice,,EOS,Direct Entity,Signed MSA,tim.denney@eosglobalexpansion.com,Tim Denney,"31 December, 2026",Active,,,Tier 2
South Asia ,Maldives,Horizons ,David,Preferred Vendor,Local EOR ,USD 350 - 450 ,USD 0 - 350,1 month,N/A,N/A,,USD 199,N/A,1 month,N/A,N/A,,HRZ,Uses Vendor,Established Contact,echo.li@joinhorizons.com,Echo Li,"5 June, 2026",Reminder Sent,https://docs.google.com/spreadsheets/d/10bk8I5ARIdOhETpt_8e5lTYq61dqCD5HM9903xPywTM/edit,7/15/2026,
South Asia ,Maldives,Horizons ,David,Preferred Vendor,Expat EOR,USD 600 - 700,USD 0 - 500,1 month,N/A,TBC,,USD 449,N/A,1 month,N/A,TBC,,HRZ,Uses Vendor,Established Contact,echo.li@joinhorizons.com,Echo Li,"5 June, 2026",Reminder Sent,https://docs.google.com/spreadsheets/d/10bk8I5ARIdOhETpt_8e5lTYq61dqCD5HM9903xPywTM/edit,7/15/2026,
Africa,Mali,Workforce Africa,David,Backup Vendor,Local EOR ,,,,,,,USD 450,USD 200,N/A,USD 200,18% on service fee,12/22/2025,WFA,Uses Vendor,Signed MSA,justina.gabriel@workforcegroup.com,Justina Gabriel,"5 June, 2026",Reminder Sent,https://docs.google.com/spreadsheets/d/13pdolFV6P_EBVi5xsPKvdXzW76jB60buVkpZYMEoxJk/edit,7/15/2026,
Africa,Mali,Workforce Africa,David,Backup Vendor,Expat EOR,,,,,,,USD 500,USD 200,N/A,USD 200,18% on service fee,"• Pricing valid until December 31st, 2061",WFA,Uses Vendor,Signed MSA,justina.gabriel@workforcegroup.com,Justina Gabriel,"5 June, 2026",Reminder Sent,https://docs.google.com/spreadsheets/d/13pdolFV6P_EBVi5xsPKvdXzW76jB60buVkpZYMEoxJk/edit,7/15/2026,
Africa,Mali,Remote Solutions Africa,David,Preferred Vendor,Local EOR ,"USD 420 - 520
Reimbursement Fee: 5% of amount",USD 0 - 400,1 month,N/A,7.5 % of the service fee,,USD 250,N/A,N/A,N/A,7.5 % of the service fee,,RSA,Uses Vendor,Established Contact,moses.a@remotesolutionsafrica.com,Moses,"5 June, 2026",Reminder Sent,https://docs.google.com/spreadsheets/d/1-0VoGr6iIfXVV0l8SqaHo0p-ZCELZEMJiFpvK7R1zmQ/edit,7/15/2026,
Africa,Mali,Remote Solutions Africa,David,Preferred Vendor,Expat EOR,"USD 470 - 570
Reimbursement Fee: 5% of amount",USD 0 - 400,1 month,N/A,7.5 % of the service fee,,USD 300,N/A,N/A,N/A,7.5 % of the service fee,We don't charge deposit as long as we receive the invoice payment on the 20th of each month//Reimbursement Fee: 4% of the total reimbursement //  20 USD bank transfer fee,RSA,Uses Vendor,Established Contact,moses.a@remotesolutionsafrica.com,Moses,"5 June, 2026",Reminder Sent,https://docs.google.com/spreadsheets/d/1-0VoGr6iIfXVV0l8SqaHo0p-ZCELZEMJiFpvK7R1zmQ/edit,7/15/2026,
Europe,Malta,Bradford Jacobs,Jasmine,,Local EOR ,,,,,,,EUR 500,EUR 500,1 month,N/A,,,BFJ,Direct Entity,,k.nolan@bradfordjacobs.com,Kelly Nolan,"5 June, 2026",Reminder Sent,https://docs.google.com/spreadsheets/d/1qcQBw7034L9B0NSXOC38XkMU1wg2eROqWYyMtiobk-M/edit,7/15/2026,
Europe,Malta,FChain,David,Backup Vendor,Local EOR ,,,,,,,"10%, min USD 400, bonus/reimbursement 10%",USD 400,2 months,N/A,N/A,12/22/2025,FCH,Direct Entity,,kjustus@f-chain.com,Kristina Justus,"5 June, 2026",Approved,https://docs.google.com/spreadsheets/d/10iWZAp5RXBiwls81G9UZm52Z6prAZhxEf6TNGcU-xF8/edit?usp=sharing,"July 1, 2026",
Europe,Malta,Native Teams,Jasmine,Poor Quality Vendor,Local EOR ,,,,,,,"• EUR 79 up to €1,500 processed per month
• EUR 129 up to €5,500 processed per month
• EUR 219 over €5,500 processed per month",N/A,N/A,N/A,N/A,,NTV,Direct Entity,Signed MSA,deren@nteams.com,Deren Kankurt,"31 December, 2026",Pricing in Contract,,,Tier 2
Europe,Malta,Horizons ,David,Backup Vendor,Local EOR ,,,,,,,USD 499,N/A,1 month,N/A,N/A,,HRZ,Uses Vendor,Established Contact,echo.li@joinhorizons.com,Echo Li,"5 June, 2026",Reminder Sent,https://docs.google.com/spreadsheets/d/10bk8I5ARIdOhETpt_8e5lTYq61dqCD5HM9903xPywTM/edit,"July 15, 2026",
Europe,Malta,Horizons ,David,Backup Vendor,Expat EOR,,,,,,,USD 1249,N/A,1 month,N/A,"for expatriates, VAT may apply depending on the local regulations.",,HRZ,Uses Vendor,Established Contact,echo.li@joinhorizons.com,Echo Li,"5 June, 2026",Reminder Sent,https://docs.google.com/spreadsheets/d/10bk8I5ARIdOhETpt_8e5lTYq61dqCD5HM9903xPywTM/edit,"July 15, 2026",
Europe,Malta,Enterprise Workforce Solutions,David,Preferred Vendor,Local EOR ,USD 525 - 625,USD 0 - 250 ,1 month,N/A,N/A,,USD 375,N/A,N/A,N/A,,,"
EWS",Direct Entity,Established Contact,omar@ews-limited.com,Omar Hassan ,"5 June, 2026",Reminder Sent,https://docs.google.com/spreadsheets/d/18SBM1yJ907dNTN114MJrnoU4yBfBiKkT3I8HzL4dldo/edit,"July 15, 2026",
Europe,Malta,Enterprise Workforce Solutions,David,Preferred Vendor,Expat EOR,USD 600 - 700,USD 0 - 500 ,1 month,N/A,N/A,,USD 450,N/A,N/A,N/A,,,"
EWS",Direct Entity,Established Contact,omar@ews-limited.com,Omar Hassan ,"5 June, 2026",Reminder Sent,https://docs.google.com/spreadsheets/d/18SBM1yJ907dNTN114MJrnoU4yBfBiKkT3I8HzL4dldo/edit,"July 15, 2026",
Europe,Malta,Remote,David,Preferred Vendor,Local EOR ,USD 450 - 550,USD 0 - 250,1 month,"Involuntary Termination: USD 500 (termination initiated by client, not by resignation or natural contract expiration)",N/A,"• USD 200 right-to-work check mandatory for all expats (even self-sponsored)
• USD 500 immigration assessment fee for visa sponsorship feasibility check",USD 300,N/A,N/A,Involuntary Termination: USD 350,N/A,"• USD 120 right-to-work check mandatory for all expats (even self-sponsored)
• USD 400 immigration assessment fee for visa sponsorship feasibility check",RMT,Direct Entity,Signed MSA,"jasmine.chang@remote.com ,aisha.saeed@remote.com, ena.hazrolaj@remote.com","Jasmine Chang (Customer Success Manager), Aisha Saeed, Ena Hazrolaj  (Account Manager)","31 December, 2026",Pricing in Contract,,,
Europe,Malta,LMW,Jasmine,Backup Vendor,Local EOR ,,,,,,,EUR 450,EUR 500,1 month,N/A,N/A,,,Direct Entity,,kolia@lmwgroup.com,Annita Kolia,"9 June, 2027",Active,https://docs.google.com/spreadsheets/d/10BOvLZMlSzuRD7fb5Reby5JBjfxCK-2aw70aeihpUU0/edit,"June 17, 2026",Tier 2
Europe,Malta,LMW,Jasmine,Backup Vendor,Expat EOR,,,,,,,EUR 650,EUR 500,1 month,N/A,N/A,,,Direct Entity,,kolia@lmwgroup.com,Annita Kolia,"9 June, 2027",Active,https://docs.google.com/spreadsheets/d/10BOvLZMlSzuRD7fb5Reby5JBjfxCK-2aw70aeihpUU0/edit,"June 17, 2026",Tier 2
Africa ,Mauritania ,Remote Solutions Africa,David,Preferred Vendor,Local EOR ,"USD 470 - 570
Reimbursement Fee: 5% of amount",USD 0 - 400,1 month,N/A,7.5 % of the service fee,,USD 300,N/A,N/A,N/A,7.5 % of the service fee,,RSA,Uses Vendor,Established Contact,moses.a@remotesolutionsafrica.com,Moses,"5 June, 2026",Reminder Sent,https://docs.google.com/spreadsheets/d/1-0VoGr6iIfXVV0l8SqaHo0p-ZCELZEMJiFpvK7R1zmQ/edit,7/15/2026,
Africa ,Mauritania ,Remote Solutions Africa,David,Preferred Vendor,Expat EOR,"USD 520 - 620
Reimbursement Fee: 5% of amount",USD 0 - 400,1 month,N/A,7.5 % of the service fee,,USD 350,N/A,N/A,N/A,7.5 % of the service fee,We don't charge deposit as long as we receive the invoice payment on the 20th of each month//Reimbursement Fee: 4% of the total reimbursement //  20 USD bank transfer fee,RSA,Uses Vendor,Established Contact,moses.a@remotesolutionsafrica.com,Moses,"5 June, 2026",Reminder Sent,https://docs.google.com/spreadsheets/d/1-0VoGr6iIfXVV0l8SqaHo0p-ZCELZEMJiFpvK7R1zmQ/edit,7/15/2026,
Africa,Mauritius,Workforce Africa,David,Preferred Vendor,Local EOR ,USD 550 - 650,USD 350 - equivalent of service fee,1 month salary,USD 350,7.5% on service fee,,USD 400,USD 200,N/A,USD 200,7.5% on service fee,"• Pricing valid until December 31st, 2025",WFA,Uses Vendor,Signed MSA,justina.gabriel@workforcegroup.com,Justina Gabriel,"5 June, 2026",Reminder Sent,https://docs.google.com/spreadsheets/d/13pdolFV6P_EBVi5xsPKvdXzW76jB60buVkpZYMEoxJk/edit,7/15/2026,
Africa,Mauritius,Workforce Africa,David,Preferred Vendor,Expat EOR,USD 600 - 700,USD 350 - equivalent of service fee,1 month salary,USD 350,7.5% on service fee,,USD 450,USD 200,N/A,USD 200,7.5% on service fee,"• Pricing valid until December 31st, 2025",WFA,Uses Vendor,Signed MSA,justina.gabriel@workforcegroup.com,Justina Gabriel,"5 June, 2026",Reminder Sent,https://docs.google.com/spreadsheets/d/13pdolFV6P_EBVi5xsPKvdXzW76jB60buVkpZYMEoxJk/edit,7/15/2026,
Africa,Mauritius,Remote,David,Preferred Vendor,Local EOR ,USD 450 - 550,USD 0 - 250,1 month,"Involuntary Termination: USD 500 (termination initiated by client, not by resignation or natural contract expiration)",N/A,"• USD 200 right-to-work check mandatory for all expats (even self-sponsored)
• USD 500 immigration assessment fee for visa sponsorship feasibility check",USD 300,N/A,N/A,Involuntary Termination: USD 350,N/A,"• USD 120 right-to-work check mandatory for all expats (even self-sponsored)
• USD 400 immigration assessment fee for visa sponsorship feasibility check",RMT,Direct Entity,Signed MSA,"jasmine.chang@remote.com ,aisha.saeed@remote.com, ena.hazrolaj@remote.com","Jasmine Chang (Customer Success Manager), Aisha Saeed, Ena Hazrolaj  (Account Manager)","31 December, 2026",Pricing in Contract,,,
Africa,Mauritius,Remote Solutions Africa ,David,Backup Vendor,Local EOR ,,,,,,,USD 300,N/A,N/A,N/A,7.5 % of the service fee,12/22/2025,RSA,Uses Vendor,Established Contact,moses.a@remotesolutionsafrica.com,Moses,"5 June, 2026",Reminder Sent,https://docs.google.com/spreadsheets/d/1-0VoGr6iIfXVV0l8SqaHo0p-ZCELZEMJiFpvK7R1zmQ/edit,7/15/2026,
Africa,Mauritius,Remote Solutions Africa ,David,Backup Vendor,Expat EOR,,,,,,,USD 350,N/A,N/A,N/A,7.5 % of the service fee,12/22/2025,RSA,Uses Vendor,Established Contact,moses.a@remotesolutionsafrica.com,Moses,"5 June, 2026",Reminder Sent,https://docs.google.com/spreadsheets/d/1-0VoGr6iIfXVV0l8SqaHo0p-ZCELZEMJiFpvK7R1zmQ/edit,7/15/2026,
Africa,Mauritius,Workpay ,David,Backup Vendor,Local EOR ,,,,,,,USD 420,N/A,1 month Salary ,N/A,,,WKP,Uses Vendor,Established Contact," fn@myworkpay.com,
 zn@myworkpay.com","Frances Nzekwue, Ziphozihle Ntlakaza","5 June, 2026",Reminder Sent,https://docs.google.com/spreadsheets/d/1w0jqjlb9vUL_Lb7NHP45wKJcnWeX_D_--e6xf_W6ypc/edit,7/15/2026,Tier 2
Africa,Mauritius,Workpay ,David,Backup Vendor,Expat EOR,,,,,,,USD 420,N/A,1 month Salary ,N/A,,,WKP,Uses Vendor,Established Contact," fn@myworkpay.com,
 zn@myworkpay.com","Frances Nzekwue, Ziphozihle Ntlakaza","5 June, 2026",Reminder Sent,https://docs.google.com/spreadsheets/d/1w0jqjlb9vUL_Lb7NHP45wKJcnWeX_D_--e6xf_W6ypc/edit,7/15/2026,Tier 2
Africa,Mauritius,Horizons ,David,Backup Vendor,Local EOR ,,,,,,,USD 299,N/A,1 month,N/A,N/A,,HRZ,Uses Vendor,Established Contact,echo.li@joinhorizons.com,Echo Li,"5 June, 2026",Reminder Sent,https://docs.google.com/spreadsheets/d/10bk8I5ARIdOhETpt_8e5lTYq61dqCD5HM9903xPywTM/edit,7/15/2026,
Africa,Mauritius,Tarmack,David,,Local EOR ,,,,,,,"• USD199 (1 to 5) 
• USD 179 (6 to 10) 
• USD 159 (11+)",TBC,TBC,TBC,TBC,,,,,"manish.j@tarmack.com,
ashish.sidhu@tarmack.com",Manish Jajodia,"4 June, 2027",Active,https://docs.google.com/spreadsheets/d/1XNZNgANvT6LbL8gQ2Lle69EDiIqrEXD1dDB_M3qf-bQ/edit,6/10/2026,
Latin America,Mexico,Bradford Jacobs,Jasmine,,Local EOR ,,,,,,,EUR 500,EUR 500,1 month,N/A,,"• Use TopSource as vendor, but pricing is partner pricing, so will get lower quotation than from TopSource directly",BFJ,Uses Vendor,,k.nolan@bradfordjacobs.com,Kelly Nolan,"5 June, 2026",Reminder Sent,https://docs.google.com/spreadsheets/d/1qcQBw7034L9B0NSXOC38XkMU1wg2eROqWYyMtiobk-M/edit,7/15/2026,
Latin America,Mexico,Start-ops,Jasmine,Preferred Vendor,Local EOR ,USD 500 - 600 OR (Gross salary * 12%) + (USD 150 - 250),USD 0 - 500,1 month,N/A,N/A,,USD 350 or 12%,N/A,1 month,N/A,N/A,,STO,,Active,roberto@start-ops.com.mx,Roberto Cornej,"5 June, 2026",Reminder Sent,https://docs.google.com/spreadsheets/d/1wxbBtizFlBCd9DxxuHENLnSvMm7oeE9VlKW7-wuZTbU/edit,"July 15, 2026",
Latin America,Mexico,Start-ops,Jasmine,Preferred Vendor,Expat EOR,Gross salary * 13% + USD 250-350,USD 0 - 500,1 month,N/A,N/A,,13% of total payable ,N/A,1 month,N/A,N/A,,,,,,,"5 June, 2026",Active,,,
Latin America,Mexico,Rivermate,David,,Local EOR ,,,,,,,"USD 250 

10% Service Fee on
• Insurance
• Expense Reimbursement

Out-of-cycle fee: USD 100",USD 100,3 months,N/A,N/A,"Bank Fee per Invoice: USD 69
Bi-weekly salary payout
• SERVIAP Mexico does not provide saving fund benefits for employees, only as allowance taxable. 2.5% FX charge on Total Invoice ",SER,Direct Entity,,bassem.benhassine@hightekers.com	,Bassem Ben Hassine ,"5 June, 2026",Reminder Sent,https://docs.google.com/spreadsheets/d/1Hfh8owhyByJDd1SgekqltEc28d-fqYQBKrW9-h8co_w/edit,"July 15, 2026",
Latin America,Mexico,Rivermate,David,,Expat EOR,,,,,,,"USD 550

10% Service Fee on
• Insurance
• Expense Reimbursement

Out-of-cycle fee: USD 100",USD 300,3 months,N/A,N/A,"Bank Fee per Invoice: USD 69
Bi-weekly salary payout . 2.5% FX charge on Total Invoice ",SER,Direct Entity,,bassem.benhassine@hightekers.com	,Bassem Ben Hassine ,"5 June, 2026",Reminder Sent,https://docs.google.com/spreadsheets/d/1Hfh8owhyByJDd1SgekqltEc28d-fqYQBKrW9-h8co_w/edit,"July 15, 2026",
Latin America,Mexico,Enterprise Workforce Solutions,David,Backup Vendor,Local EOR ,,,,,,,USD 375,N/A,N/A,N/A,,,"
EWS",Direct Entity,Established Contact,omar@ews-limited.com,Omar Hassan ,"5 June, 2026",Reminder Sent,https://docs.google.com/spreadsheets/d/18SBM1yJ907dNTN114MJrnoU4yBfBiKkT3I8HzL4dldo/edit,"July 15, 2026",
Latin America,Mexico,Enterprise Workforce Solutions,David,Backup Vendor,Expat EOR,,,,,,,USD 450,N/A,N/A,N/A,,,"
EWS",Direct Entity,Established Contact,omar@ews-limited.com,Omar Hassan ,"5 June, 2026",Reminder Sent,https://docs.google.com/spreadsheets/d/18SBM1yJ907dNTN114MJrnoU4yBfBiKkT3I8HzL4dldo/edit,"July 15, 2026",
Latin America,Mexico,Horizons ,David,Backup Vendor,Local EOR ,,,,,,,USD 299,N/A,1 month,N/A,N/A,,HRZ,Uses Vendor,Established Contact,echo.li@joinhorizons.com,Echo Li,"5 June, 2026",Reminder Sent,https://docs.google.com/spreadsheets/d/10bk8I5ARIdOhETpt_8e5lTYq61dqCD5HM9903xPywTM/edit,"July 15, 2026",
Latin America,Mexico,Horizons ,David,Backup Vendor,Expat EOR,,,,,,,USD 599,N/A,1 month,N/A,10% on expense reimburement for expat,,HRZ,Uses Vendor,Established Contact,echo.li@joinhorizons.com,Echo Li,"5 June, 2026",Reminder Sent,https://docs.google.com/spreadsheets/d/10bk8I5ARIdOhETpt_8e5lTYq61dqCD5HM9903xPywTM/edit,"July 15, 2026",
Latin America,Mexico,Remote,David,Preferred Vendor,Local EOR ,USD 450 - 550,USD 0 - 250,1 month,"Involuntary Termination: USD 500 (termination initiated by client, not by resignation or natural contract expiration)",N/A,"• USD 200 right-to-work check mandatory for all expats (even self-sponsored)
• USD 500 immigration assessment fee for visa sponsorship feasibility check",USD 300,N/A,N/A,Involuntary Termination: USD 350,N/A,"• USD 120 right-to-work check mandatory for all expats (even self-sponsored)
• USD 400 immigration assessment fee for visa sponsorship feasibility check",RMT,Direct Entity,Signed MSA,"jasmine.chang@remote.com ,aisha.saeed@remote.com, ena.hazrolaj@remote.com","Jasmine Chang (Customer Success Manager), Aisha Saeed, Ena Hazrolaj  (Account Manager)","31 December, 2026",Pricing in Contract,,,
Latin America,Mexico,Biz Latin Hub,David,Inactive,Local EOR ,,,,,,,"USD $1,000 or 13% of total monthly employee cost (whichever is greater) per Employee	",USD 120,2 x monthly total employee cost	,USD 120,16% on total invoice,,,Direct Entity,Terminated,craig@bizlatinhub.com,Craig Dempsey,"5 June, 2026",Inactive,https://docs.google.com/spreadsheets/d/1fnqBZQEM3l1NN2d2Q4gYZmoROuNuXW8dau4BnptpfRc/edit,"June 10, 2026",Tier 0
Latin America,Mexico,López & James,David,,PEO,,,,,,,8%,- Employment contract & social security affiliations: 500 USD per employee,2 months gross salary,N/A,18% service fee only,,,Uses Vendor,,lmarquez@lopezjames.com,Laura Márquez,"5 June, 2026",Reminder Sent,https://docs.google.com/spreadsheets/d/1W0gu9xPlPGcaiHU4MFMQd3PIphKpsTU4vd0TdD6Ec_0/edit,"July 15, 2026",
Latin America,Mexico,Mexico Human Resources,David,,PEO,,,,,,,10%,N/A,,N/A,N/A,"• If the client has an entity in Mexico, they cannot provide service to them",,Direct Entity,,support@expandmexico.com,Franklin Delano Frith II,"5 June, 2026",Reminder Sent,https://docs.google.com/spreadsheets/d/1hvH0Bxg36xJpsBBkMrsiqygPWWi_O64RqsdcfVy9rp4/edit,"July 15, 2026",
Latin America,Mexico,Native Teams,Jasmine,Poor Quality Vendor,Local EOR ,,,,,,,"• EUR 79 up to €1,500 processed per month
• EUR 129 up to €5,500 processed per month
• EUR 219 over €5,500 processed per month",N/A,N/A,N/A,N/A,,NTV,Direct Entity,Entity not operational,deren@nteams.com,Deren Kankurt,"31 December, 2026",Pricing in Contract,,,Tier 2
Latin America,Mexico,MEXInc,David,,Local EOR ,,,,,,,18%,N/A,,N/A,N/A,,,Direct Entity,,edgar.garduno@mexicanincorporation.com,Edgar Uziel Garduno Mala,"5 June, 2026",Reminder Sent,https://docs.google.com/spreadsheets/d/1M_zqyp-AxjRU0k5zLHtdGngZ3Nxbr8RKgRH7TRLL1Tg/edit,"July 15, 2026",
Latin America,Mexico,Roots,David,Backup Vendor,Local EOR,,,,,,,"• 1 pax: USD 450/pax
• 2-5 pax: USD 400/pax
• 6 or more: USD 350/pax",N/A,3 months,N/A,N/A,We don't charge deposit as long as we receive the invoice payment on the 20th of each month//Reimbursement Fee: 4% of the total reimbursement //  20 USD bank transfer fee,,Direct Entity,Established Contact,horacio@rootseor.com,Horacio Represas,"5 June, 2026",Active,https://docs.google.com/spreadsheets/d/18MUec3UsUX-IW8iusItaN4QxHtLexbNeYHFI1AvVdxo/edit,6/4/2026,
Europe,Moldova,Native Teams,Jasmine,Poor Quality Vendor,Local EOR ,,,,,,,"• EUR 79 up to €1,500 processed per month
• EUR 129 up to €5,500 processed per month
• EUR 219 over €5,500 processed per month",N/A,N/A,N/A,N/A,,NTV,Direct Entity,Signed MSA,deren@nteams.com,Deren Kankurt,"31 December, 2026",Pricing in Contract,,,Tier 2
Europe,Moldova,Remote,David,Preferred Vendor,Local EOR ,USD 450 - 550,USD 0 - 250,1 month,"Involuntary Termination: USD 500 (termination initiated by client, not by resignation or natural contract expiration)",N/A,"• USD 200 right-to-work check mandatory for all expats (even self-sponsored)
• USD 500 immigration assessment fee for visa sponsorship feasibility check",USD 300,N/A,N/A,Involuntary Termination: USD 350,N/A,"• USD 120 right-to-work check mandatory for all expats (even self-sponsored)
• USD 400 immigration assessment fee for visa sponsorship feasibility check",RMT,Direct Entity,Signed MSA,"jasmine.chang@remote.com ,aisha.saeed@remote.com, ena.hazrolaj@remote.com","Jasmine Chang (Customer Success Manager), Aisha Saeed, Ena Hazrolaj  (Account Manager)","31 December, 2026",Pricing in Contract,,,
Europe,Moldova,Nestlers,Jasmine,,Local EOR ,,,,,,,"• less than 15 EEs: EUR 300 / person
• more than 15 EEs: EUR 250 / person
• Monthly foreign exchange and transfer fees (3%) and discretionary benefits fees (8%)",EUR 600,5-10% of annual salary,,,,,,,andreea.gheorghe@nestlersgroup.com,Andreea Gheorghe,"5 June, 2026",Vendor Responded,https://docs.google.com/spreadsheets/d/1Jyw__mZ9-x8t7XnB_OMHaYhcqJkTuJekBnETYEz-fkE/edit,"July 8, 2026",
Europe,Moldova,F-Chain ,David,Preferred Vendor,Local EOR ,EUR 220 - 350 ,,,,,,70 EUR but not less than 4%,N/A,"Option 1: NO deposit & post factum payment type 20 calendar days OR
Option 2: deposit 1 salary incl. FChain fee & post factum payment type 30 calendar days",N/A,,"additional bonuses and expense reimbursement 5%
∙ prolongation of fixed-term employment contracts 100 EUR
∙ onboarding period July-October 2026",,Direct Entity,Signed MSA,kjustus@f-chain.com,Kristina Justus ,"1 October, 2026",Active,,,
Europe,Moldova,Enterprise Workforce Solutions,David,Backup Vendor,Local EOR ,,,,,,,USD 375,N/A,N/A,N/A,,,"
EWS",Direct Entity,Established Contact,omar@ews-limited.com,Omar Hassan ,"5 June, 2026",Reminder Sent,https://docs.google.com/spreadsheets/d/18SBM1yJ907dNTN114MJrnoU4yBfBiKkT3I8HzL4dldo/edit,"July 15, 2026",
Europe,Moldova,Enterprise Workforce Solutions,David,Backup Vendor,Expat EOR,,,,,,,USD 450,N/A,N/A,N/A,,,"
EWS",Direct Entity,Established Contact,omar@ews-limited.com,Omar Hassan ,"5 June, 2026",Reminder Sent,https://docs.google.com/spreadsheets/d/18SBM1yJ907dNTN114MJrnoU4yBfBiKkT3I8HzL4dldo/edit,"July 15, 2026",
Europe,Moldova,Horizons ,David,Backup Vendor,Local EOR ,,,,,,,USD 499,N/A,1 month,N/A,N/A,,HRZ,Uses Vendor,Established Contact,echo.li@joinhorizons.com,Echo Li,"5 June, 2026",Reminder Sent,https://docs.google.com/spreadsheets/d/10bk8I5ARIdOhETpt_8e5lTYq61dqCD5HM9903xPywTM/edit,"July 15, 2026",
Europe,Moldova,Zelda,David,Preferred Vendor,Local EOR ,EUR 370 - 470 ,EUR 350 - 450,1 month TEC,N/A,N/A,,EUR 220 (could be negotiated with higher headcount),EUR 200,1-month TEC,N/A,N/A,,,Direct Entity,,eugenie@zelda.one,Eugènie Surucinschi,"5 June, 2026",Inactive,https://docs.google.com/spreadsheets/d/13CcudqikUqMxxIvXKFWguarm95PEy0AVxOlzF_fwS1M/edit,"June 10, 2026",Tier 0
Asia,Mongolia,Mongolia Talent Network,David,Preferred Vendor,Local EOR ,(TEC * 10%) + (USD 150 - 250),USD 0 - 250,1 month TEC,N/A,10% on total invoice,,10% on total employment cost,N/A,1 month TEC,N/A,10% on total invoice,,MTN,Direct Entity,,info@mongoliatalentnetwork.com,Indra,"5 June, 2026",Reminder Sent,https://docs.google.com/spreadsheets/d/1XutemYKgT8oKUqXbZZD7dBIVEMByCPRuv-DA7Mg91tM/edit,"July 15, 2026",
Asia,Mongolia,Mongolia Talent Network,David,Preferred Vendor,Expat EOR,(TEC * 15%) + (USD 150 - 250),USD 0 - 250,1 month TEC,N/A,10% on total invoice,,15% on total employment cost,N/A,1 month TEC,N/A,10% on total invoice,,MTN,Direct Entity,,info@mongoliatalentnetwork.com,Indra,"5 June, 2026",Reminder Sent,https://docs.google.com/spreadsheets/d/1XutemYKgT8oKUqXbZZD7dBIVEMByCPRuv-DA7Mg91tM/edit,"July 15, 2026",
Europe,Montenegro,Native Teams,Jasmine,Poor Quality Vendor,Local EOR ,,,,,,,"• EUR 79 up to €1,500 processed per month
• EUR 129 up to €5,500 processed per month
• EUR 219 over €5,500 processed per month",N/A,N/A,N/A,N/A,• Provides visa sponsorship,NTV,Direct Entity,Signed MSA,deren@nteams.com,Deren Kankurt,"31 December, 2026",Pricing in Contract,,,Tier 2
Europe,Montenegro,Enterprise Workforce Solutions,David,Preferred Vendor,Local EOR ,USD 525 - 625,USD 0 - 250 ,1 month,N/A,N/A,,USD 375,N/A,N/A,N/A,,,"
EWS",Direct Entity,Established Contact,omar@ews-limited.com,Omar Hassan ,"5 June, 2026",Reminder Sent,https://docs.google.com/spreadsheets/d/18SBM1yJ907dNTN114MJrnoU4yBfBiKkT3I8HzL4dldo/edit,"July 15, 2026",
Europe,Montenegro,Enterprise Workforce Solutions,David,Preferred Vendor,Expat EOR,USD 600 - 700,USD 0 - 500 ,1 month,N/A,N/A,,USD 450,N/A,N/A,N/A,,,"
EWS",Direct Entity,Established Contact,omar@ews-limited.com,Omar Hassan ,"5 June, 2026",Reminder Sent,https://docs.google.com/spreadsheets/d/18SBM1yJ907dNTN114MJrnoU4yBfBiKkT3I8HzL4dldo/edit,"July 15, 2026",
Europe,Montenegro,Horizons ,David,Backup Vendor,Local EOR ,,,,,,,USD 399,N/A,1 month,N/A,N/A,,HRZ,Uses Vendor,Established Contact,echo.li@joinhorizons.com,Echo Li,"5 June, 2026",Reminder Sent,https://docs.google.com/spreadsheets/d/10bk8I5ARIdOhETpt_8e5lTYq61dqCD5HM9903xPywTM/edit,"July 15, 2026",
Europe,Montenegro,Horizons ,David,Backup Vendor,Expat EOR,,,,,,,USD 549,N/A,1 month,N/A,"for expatriates, VAT may apply depending on the local regulations.",,HRZ,Uses Vendor,Established Contact,echo.li@joinhorizons.com,Echo Li,"5 June, 2026",Reminder Sent,https://docs.google.com/spreadsheets/d/10bk8I5ARIdOhETpt_8e5lTYq61dqCD5HM9903xPywTM/edit,"July 15, 2026",
Africa,Morocco,Workforce Africa,David,,Local EOR ,,,,,,,USD 450,USD 200,N/A,USD 200,7.5% on service fee,"• Pricing valid until December 31st, 2064",WFA,Uses Vendor,Signed MSA,justina.gabriel@workforcegroup.com,Justina Gabriel,"5 June, 2026",Reminder Sent,https://docs.google.com/spreadsheets/d/13pdolFV6P_EBVi5xsPKvdXzW76jB60buVkpZYMEoxJk/edit,"July 15, 2026",
Africa,Morocco,Native Teams,Jasmine,Poor Quality Vendor,Local EOR ,,,,,,,"• EUR 79 up to €1,500 processed per month
• EUR 129 up to €5,500 processed per month
• EUR 219 over €5,500 processed per month",N/A,N/A,N/A,N/A,,NTV,Direct Entity,Signed MSA,deren@nteams.com,Deren Kankurt,"31 December, 2026",Pricing in Contract,,,Tier 2
Africa,Morocco,Trans Skills,David,,Local EOR ,,,,,,,"EUR 330
• 1.5% on bonus and reimbursement",EUR 330,2 months,N/A,N/A,"if headcount is above 10, service fee can be discounted ",TRS,Direct Entity,,charles.dawson@transskills.com,Charles Dawson,"5 June, 2026",Reminder Sent,https://docs.google.com/spreadsheets/d/1_xVbd68M01bbEusv8LOtQ7njrINL43C5x7I3Feg-7Eg/edit,"July 15, 2026",
Africa,Morocco,Trans Skills,David,,Expat EOR,,,,,,,"EUR 330
• 1.5% on bonus and reimbursement",EUR 330,2 months,N/A,N/A,"if headcount is above 10, service fee can be discounted ",TRS,Direct Entity,,charles.dawson@transskills.com,Charles Dawson,"5 June, 2026",Reminder Sent,https://docs.google.com/spreadsheets/d/1_xVbd68M01bbEusv8LOtQ7njrINL43C5x7I3Feg-7Eg/edit,"July 15, 2026",
Africa,Morocco,Horizons ,David,Backup Vendor,Local EOR ,,,,,,,USD 299,N/A,1 month,N/A,N/A,,HRZ,Uses Vendor,Established Contact,echo.li@joinhorizons.com,Echo Li,"5 June, 2026",Reminder Sent,https://docs.google.com/spreadsheets/d/10bk8I5ARIdOhETpt_8e5lTYq61dqCD5HM9903xPywTM/edit,"July 15, 2026",
Africa,Morocco,Remote,David,Backup Vendor,Local EOR ,,,,,,,USD 300,USD 80 (wet-signing fee),N/A,Involuntary Termination: USD 350,N/A,12/22/2025,RMT,Direct Entity,Signed MSA,"jasmine.chang@remote.com ,aisha.saeed@remote.com, ena.hazrolaj@remote.com","Jasmine Chang (Customer Success Manager), Aisha Saeed, Ena Hazrolaj  (Account Manager)","31 December, 2026",Pricing in Contract,,,
Africa,Morocco,Enterprise Workforce Solutions,David,Backup Vendor,Local EOR ,,,,,,,USD 375,N/A,N/A,N/A,,,"
EWS",Direct Entity,Established Contact,omar@ews-limited.com,Omar Hassan ,"5 June, 2026",Reminder Sent,https://docs.google.com/spreadsheets/d/18SBM1yJ907dNTN114MJrnoU4yBfBiKkT3I8HzL4dldo/edit,"July 15, 2026",
Africa,Morocco,Enterprise Workforce Solutions,David,Backup Vendor,Expat EOR,,,,,,,USD 650,N/A,N/A,N/A,,,"
EWS",Direct Entity,Established Contact,omar@ews-limited.com,Omar Hassan ,"5 June, 2026",Reminder Sent,https://docs.google.com/spreadsheets/d/18SBM1yJ907dNTN114MJrnoU4yBfBiKkT3I8HzL4dldo/edit,"July 15, 2026",
Africa,Morocco,Remote Solutions Africa ,David,Backup Vendor,Local EOR ,"USD 420 - 520
Reimbursement Fee: 5% of amount",USD 0 - 400,1 month,N/A,7.5 % of the service fee,,USD 250,N/A,N/A,N/A,7.5 % of the service fee,,RSA,Uses Vendor,Established Contact,moses.a@remotesolutionsafrica.com,Moses,"5 June, 2026",Reminder Sent,https://docs.google.com/spreadsheets/d/1-0VoGr6iIfXVV0l8SqaHo0p-ZCELZEMJiFpvK7R1zmQ/edit,"July 15, 2026",
Africa,Morocco,Remote Solutions Africa ,David,Backup Vendor,Expat EOR,"USD 470 - 570
Reimbursement Fee: 5% of amount",USD 0 - 400,1 month,N/A,7.5 % of the service fee,,USD 300,N/A,N/A,N/A,7.5 % of the service fee,,RSA,Uses Vendor,Established Contact,moses.a@remotesolutionsafrica.com,Moses,"5 June, 2026",Reminder Sent,https://docs.google.com/spreadsheets/d/1-0VoGr6iIfXVV0l8SqaHo0p-ZCELZEMJiFpvK7R1zmQ/edit,"July 15, 2026",
Africa,Morocco,Staff Arabia,David,,Local EOR ,,,,,,,15%,N/A,N/A,N/A,20% on total invoice,,,,,markos.makram@staffarabia.com,Markos Makram,"5 June, 2026",Inactive,https://docs.google.com/spreadsheets/d/1swna0j_8WRY0Dcx0XfPlmx1CTu1PHDbiavoVonUM2BU/edit,"June 10, 2026",Tier 0
Africa,Morocco,Staff Arabia,David,,Expat EOR,,,,,,,15%,N/A,N/A,N/A,20% on total invoice,,,,,markos.makram@staffarabia.com,Markos Makram,"5 June, 2026",Inactive,https://docs.google.com/spreadsheets/d/1swna0j_8WRY0Dcx0XfPlmx1CTu1PHDbiavoVonUM2BU/edit,"June 10, 2026",Tier 0
Africa,Morocco,Workpay,David,Preferred Vendor,Local EOR ,USD 470 - 570,USD 0 - equivalent of service fee,1 month salary,N/A,TBC,,USD 320,N/A,1 month Salary ,N/A,N/A,,WKP,Direct Entity,Established Contact," fn@myworkpay.com,
 zn@myworkpay.com","Frances Nzekwue, Ziphozihle Ntlakaza","5 June, 2026",Reminder Sent,https://docs.google.com/spreadsheets/d/1w0jqjlb9vUL_Lb7NHP45wKJcnWeX_D_--e6xf_W6ypc/edit,"July 15, 2026",Tier 2
Africa,Morocco,Workpay,David,Preferred Vendor,Expat EOR,USD 470 - 570,USD 0 - equivalent of service fee,1 month salary,N/A,TBC,,USD 320,N/A,1 month Salary ,N/A,N/A,,WKP,Direct Entity,Established Contact," fn@myworkpay.com,
 zn@myworkpay.com","Frances Nzekwue, Ziphozihle Ntlakaza","5 June, 2026",Reminder Sent,https://docs.google.com/spreadsheets/d/1w0jqjlb9vUL_Lb7NHP45wKJcnWeX_D_--e6xf_W6ypc/edit,"July 15, 2026",Tier 2
Africa,Morocco,Africa HR Solutions,David,,Local EOR ,,,,,,,USD 590,USD 350,1 month,N/A,N/A,,AHR,Unknown,Signed MSA,ggeraghty@africa-hr.com,Grant Geraghty,"5 June, 2026",Active,https://docs.google.com/spreadsheets/d/16l8VyrJGEBOUb3_o77qAv4YEy0q7AgTQuRDgskl7-3Y/edit,"June 17, 2026",
Africa,Morocco,Africa HR Solutions,David,,Expat EOR,,,,,,,USD 690 ,USD 390 ,1 month ,USD 90 ,N/A,,AHR,Unknown,Signed MSA,ggeraghty@africa-hr.com,Grant Geraghty,"18 June, 2027",Approved,,,
Africa,Mozambique,Horizons ,David,Backup Vendor,Local EOR ,,,,,,,USD 299,N/A,1 month,N/A,N/A,,HRZ,Uses Vendor,Established Contact,echo.li@joinhorizons.com,Echo Li,"5 June, 2026",Reminder Sent,https://docs.google.com/spreadsheets/d/10bk8I5ARIdOhETpt_8e5lTYq61dqCD5HM9903xPywTM/edit,"July 15, 2026",
Africa,Mozambique,Remote Solutions Africa,David,Backup Vendor,Local EOR ,"USD 370 - 470
Reimbursement Fee: 5% of amount",USD 0 - 400,1 month,N/A,7.5 % of the service fee,,USD 200,N/A,N/A,N/A,7.5 % of the service fee,,RSA,Direct Entity,Established Contact,moses.a@remotesolutionsafrica.com,Moses,"5 June, 2026",Reminder Sent,https://docs.google.com/spreadsheets/d/1-0VoGr6iIfXVV0l8SqaHo0p-ZCELZEMJiFpvK7R1zmQ/edit,"July 15, 2026",
Africa,Mozambique,Remote Solutions Africa,David,Backup Vendor,Expat EOR,"USD 420 - 520
Reimbursement Fee: 5% of amount",USD 0 - 400,1 month,N/A,7.5 % of the service fee,,USD 250 ,N/A,N/A,N/A,7.5 % of the service fee,,RSA,Direct Entity,Established Contact,moses.a@remotesolutionsafrica.com,Moses,"5 June, 2026",Reminder Sent,https://docs.google.com/spreadsheets/d/1-0VoGr6iIfXVV0l8SqaHo0p-ZCELZEMJiFpvK7R1zmQ/edit,"July 15, 2026",
Africa,Mozambique,Workpay ,David,Preferred Vendor,Local EOR ,USD 470 - 570,USD 0 - equivalent of service fee,1 month salary,N/A,TBC,,USD 320,N/A,1 month Salary ,N/A,,,WKP,Direct Entity,Established Contact," fn@myworkpay.com,
 zn@myworkpay.com","Frances Nzekwue, Ziphozihle Ntlakaza","5 June, 2026",Reminder Sent,https://docs.google.com/spreadsheets/d/1w0jqjlb9vUL_Lb7NHP45wKJcnWeX_D_--e6xf_W6ypc/edit,"July 15, 2026",Tier 2
Africa,Mozambique,Workpay ,David,Preferred Vendor,Expat EOR,USD 470 - 570,USD 0 - equivalent of service fee,1 month salary,N/A,TBC,,USD 320,N/A,1 month Salary ,N/A,,,WKP,Direct Entity,Established Contact," fn@myworkpay.com,
 zn@myworkpay.com","Frances Nzekwue, Ziphozihle Ntlakaza","5 June, 2026",Reminder Sent,https://docs.google.com/spreadsheets/d/1w0jqjlb9vUL_Lb7NHP45wKJcnWeX_D_--e6xf_W6ypc/edit,"July 15, 2026",Tier 2
Africa,Mozambique,Workforce Africa,David,,Local EOR ,,,,,,,USD 450,USD 200,N/A,USD 200,16% on service fee,"• Pricing valid until December 31st, 2065",WFA,Uses Vendor,Signed MSA,justina.gabriel@workforcegroup.com,Justina Gabriel,"5 June, 2026",Reminder Sent,https://docs.google.com/spreadsheets/d/13pdolFV6P_EBVi5xsPKvdXzW76jB60buVkpZYMEoxJk/edit,"July 15, 2026",
Africa,Mozambique,Workforce Africa,David,,Expat EOR,,,,,,,USD 500,USD 200,N/A,USD 200,16% on service fee,"• Pricing valid until December 31st, 2066",WFA,Uses Vendor,Signed MSA,justina.gabriel@workforcegroup.com,Justina Gabriel,"5 June, 2026",Reminder Sent,https://docs.google.com/spreadsheets/d/13pdolFV6P_EBVi5xsPKvdXzW76jB60buVkpZYMEoxJk/edit,"July 15, 2026",
Asia,Myanmar,Acclime,Jasmine,Preferred Vendor,Local EOR ,"(Gross salary * 12%) + (USD 150-250), minimum USD 350","USD 500-650 the first time, 
and then USD 40-200 for every new employee onboarded",2 month,"Resignation - USD 40-200
Termination - USD 100-250",5% CT applied to service fee only,,12% min USD 200,"USD 500 the first time, and then USD 40 for every new employee onboarded",2 month,"Resignation - USD 40
Termination - USD 100",5% CT applied to service fee only,,MYW,Direct Entity,Active,simon.bruce@myworld.com.mm,Simon Bruce,"5 June, 2027",Active,https://docs.google.com/spreadsheets/d/17zpTFmjaDidcxwW8SDF5hSl_2u7nRAgyDWHfOpfgCz0/edit,"June 4, 2026",
Asia,Myanmar,Acclime,Jasmine,Preferred Vendor,Expat EOR,"(Gross salary * 15%) + (USD 150 - 250), minimum USD 650 - for salary lower than USD 3,333","USD 500-750 the first time, 
and then USD 40-200 for every new employee onboarded",2 month,"Resignation - USD 40-300
Termination - USD 100-350",5% CT applied to service fee only,,15% min USD 500,"USD 500 the first time, and then USD 40 for every new employee onboarded",2 month,"Resignation - USD 40
Termination - USD 100",5% CT applied to service fee only,,MYW,Direct Entity,Active,simon.bruce@myworld.com.mm,Simon Bruce,"5 June, 2027",Active,https://docs.google.com/spreadsheets/d/17zpTFmjaDidcxwW8SDF5hSl_2u7nRAgyDWHfOpfgCz0/edit,"June 4, 2026",
Africa,Namibia ,Remote Solutions Africa,David,Backup Vendor,Local EOR ,"USD 420 - 520
Reimbursement Fee: 5% of amount",USD 0 - 400,1 month,N/A,7.5 % of the service fee,,USD 250,N/A,N/A,N/A,7.5 % of the service fee,,RSA,Uses Vendor,Established Contact,moses.a@remotesolutionsafrica.com,Moses,"5 June, 2026",Reminder Sent,https://docs.google.com/spreadsheets/d/1-0VoGr6iIfXVV0l8SqaHo0p-ZCELZEMJiFpvK7R1zmQ/edit,7/15/2026,
Africa,Namibia ,Remote Solutions Africa,David,Backup Vendor,Expat EOR,"USD 470 - 570
Reimbursement Fee: 5% of amount",USD 0 - 400,1 month,N/A,7.5 % of the service fee,,USD 300,N/A,N/A,N/A,7.5 % of the service fee,,RSA,Uses Vendor,Established Contact,moses.a@remotesolutionsafrica.com,Moses,"5 June, 2026",Reminder Sent,https://docs.google.com/spreadsheets/d/1-0VoGr6iIfXVV0l8SqaHo0p-ZCELZEMJiFpvK7R1zmQ/edit,7/15/2026,
Africa,Namibia ,Workpay,David,Preferred Vendor,Local EOR ,USD 470 - 570,USD 0 - equivalent of service fee,1 month salary,N/A,TBC,,USD 320,N/A,1 month Salary ,N/A,,,WKP,Direct Entity,Established Contact," fn@myworkpay.com,
 zn@myworkpay.com","Frances Nzekwue, Ziphozihle Ntlakaza","5 June, 2026",Reminder Sent,https://docs.google.com/spreadsheets/d/1w0jqjlb9vUL_Lb7NHP45wKJcnWeX_D_--e6xf_W6ypc/edit,7/15/2026,Tier 2
Africa,Namibia ,Workpay,David,Preferred Vendor,Expat EOR,USD 470 - 570,USD 0 - equivalent of service fee,1 month salary,N/A,TBC,,USD 320,N/A,1 month Salary ,N/A,,,WKP,Direct Entity,Established Contact," fn@myworkpay.com,
 zn@myworkpay.com","Frances Nzekwue, Ziphozihle Ntlakaza","5 June, 2026",Reminder Sent,https://docs.google.com/spreadsheets/d/1w0jqjlb9vUL_Lb7NHP45wKJcnWeX_D_--e6xf_W6ypc/edit,7/15/2026,Tier 2
Asia,Nepal,Frontline Consult,David,Preferred Vendor,Local EOR ,USD 350 - 450 ,USD 0 - 250 ,1 month,N/A,13% on total invoice,,USD 200,N/A,N/A,N/A,13% on total invoice,,,Direct Entity,,bimal@froxjob.com,Bimal Kandel,"5 June, 2026",Vendor Responded,https://docs.google.com/spreadsheets/d/10FRsS5ZQvHcWjpPZpslEe4oShI6HFNMrGTSac28Y1-M/edit,7/15/2026,
Asia,Nepal,Frontline Consult,David,Preferred Vendor,Expat EOR,USD 400 - 500,USD 0 - 250 ,1 month,N/A,13% on total invoice,,USD 250,N/A,N/A,N/A,13% on total invoice,,,Direct Entity,,bimal@froxjob.com,Bimal Kandel,"5 June, 2026",Vendor Responded,https://docs.google.com/spreadsheets/d/10FRsS5ZQvHcWjpPZpslEe4oShI6HFNMrGTSac28Y1-M/edit,7/15/2026,
Asia,Nepal,Horizons ,David,Backup Vendor,Local EOR ,,,,,,,USD 299,N/A,1 month,N/A,N/A,,HRZ,Uses Vendor,Established Contact,echo.li@joinhorizons.com,Echo Li,"5 June, 2026",Reminder Sent,https://docs.google.com/spreadsheets/d/10bk8I5ARIdOhETpt_8e5lTYq61dqCD5HM9903xPywTM/edit,7/15/2026,
Asia,Nepal,Horizons ,David,Backup Vendor,Local EOR ,,,,,,,USD 499,,,,,,HRZ,Uses Vendor,Established Contact,echo.li@joinhorizons.com,Echo Li,"5 June, 2026",Reminder Sent,https://docs.google.com/spreadsheets/d/10bk8I5ARIdOhETpt_8e5lTYq61dqCD5HM9903xPywTM/edit,7/15/2026,
Asia,Nepal,Sanchaya,David,,Local EOR ,,,,,,,USD 250,N/A,N/A,N/A,13% on total invoice,,,Direct Entity,,nepal@sanchayaservices.com,Dipesh Shrestha,"5 June, 2026",Vendor Responded,https://docs.google.com/spreadsheets/d/15Wrk8mhy0KT7DZiupMK9NT4Dlf5LQmnQPTlqnJ9L0nk/edit,7/15/2026,
Asia,Nepal,Sanchaya,David,,Expat EOR,,,,,,,USD 250,N/A,N/A,N/A,13% on total invoice,,,Direct Entity,,nepal@sanchayaservices.com,Dipesh Shrestha,"5 June, 2026",Vendor Responded,https://docs.google.com/spreadsheets/d/15Wrk8mhy0KT7DZiupMK9NT4Dlf5LQmnQPTlqnJ9L0nk/edit,7/15/2026,
Europe,Netherlands,Bradford Jacobs,Jasmine,,Local EOR ,,,,,,,EUR 500,EUR 500,1 month,N/A,,"• Use TopSource as vendor, but pricing is partner pricing, so will get lower quotation than from TopSource directly",BFJ,Uses Vendor,,k.nolan@bradfordjacobs.com,Kelly Nolan,"5 June, 2026",Reminder Sent,https://docs.google.com/spreadsheets/d/1qcQBw7034L9B0NSXOC38XkMU1wg2eROqWYyMtiobk-M/edit,7/15/2026,
Europe,Netherlands,Bradford Jacobs,Jasmine,,Expat EOR,,,,,,,"EUR 1,000",EUR 700,1 month,N/A,,"• Use TopSource as vendor, but pricing is partner pricing, so will get lower quotation than from TopSource directly",BFJ,Uses Vendor,,k.nolan@bradfordjacobs.com,Kelly Nolan,"5 June, 2026",Reminder Sent,https://docs.google.com/spreadsheets/d/1qcQBw7034L9B0NSXOC38XkMU1wg2eROqWYyMtiobk-M/edit,7/15/2026,
Europe,Netherlands,Azure Global,David,,Local EOR ,,,,,,,GBP 650,,,,,,AZR,Unknown,,Ian@azureglobal.com,Ian Campbell,"5 June, 2026",Reminder Sent,https://docs.google.com/spreadsheets/d/15NFhmwxb0MYodBdJq1TTiYfRMYW1y5Itge202TLAZEo/edit,7/15/2026,
Europe,Netherlands,Leap 29,Jasmine,,Local EOR ,,,,,,,EUR 600 (sponsorship available),,,N/A,,"• Leap 29 is also live in Spain, Portugal and Netherlands with the ability to support immigration.
• no extra service fee for applying for 30% ruling - expat",LEP,Direct Entity,Signed MSA,mtoulet@leap29.com,Maguelone Toulet,"5 June, 2026",Vendor Responded,https://docs.google.com/spreadsheets/d/1NLr0DnvsAL8SOZvwNuR6Rp_PWy-sGijm5n4k4TJQUaE/edit,"June 17, 2026",Tier 2
Europe,Netherlands,Horizons ,David,Backup Vendor,Local EOR ,,,,,,,USD 399,N/A,1 month,N/A,N/A,,HRZ,Uses Vendor,Established Contact,echo.li@joinhorizons.com,Echo Li,"5 June, 2026",Reminder Sent,https://docs.google.com/spreadsheets/d/10bk8I5ARIdOhETpt_8e5lTYq61dqCD5HM9903xPywTM/edit,"July 15, 2026",
Europe,Netherlands,Horizons ,David,Backup Vendor,Expat EOR,,,,,,,USD 499,N/A,1 month,N/A,"for expatriates, VAT may apply depending on the local regulations.",,HRZ,Uses Vendor,Established Contact,echo.li@joinhorizons.com,Echo Li,"5 June, 2026",Reminder Sent,https://docs.google.com/spreadsheets/d/10bk8I5ARIdOhETpt_8e5lTYq61dqCD5HM9903xPywTM/edit,"July 15, 2026",
Europe,Netherlands,Rivermate,David,Preferred Vendor,Expat EOR,EUR 500 - 700,EUR 0 - 700,1 month ,N/A,,,EUR 350 ,N/A,1 month,N/A,,,HTK,Direct Entity,Signed MSA,bassem.benhassine@hightekers.com,Bassem Ben Hassine ,"31 December, 2026",Pricing in Contract,,,
Europe,Netherlands,Enterprise Workforce Solutions,David,Preferred Vendor,Local EOR ,USD 525 - 625,USD 0 - 250 ,1 month,N/A,N/A,,USD 375,N/A,N/A,N/A,,,"
EWS",Direct Entity,Established Contact,omar@ews-limited.com,Omar Hassan ,"5 June, 2026",Reminder Sent,https://docs.google.com/spreadsheets/d/18SBM1yJ907dNTN114MJrnoU4yBfBiKkT3I8HzL4dldo/edit,"July 15, 2026",
Europe,Netherlands,Enterprise Workforce Solutions,David,Preferred Vendor,Expat EOR,USD 600 - 700,USD 0 - 500 ,1 month,N/A,N/A,,USD 450,N/A,N/A,N/A,,,"
EWS",Direct Entity,Established Contact,omar@ews-limited.com,Omar Hassan ,"5 June, 2026",Reminder Sent,https://docs.google.com/spreadsheets/d/18SBM1yJ907dNTN114MJrnoU4yBfBiKkT3I8HzL4dldo/edit,"July 15, 2026",
Europe,Netherlands,Remote,David,Preferred Vendor,Local EOR ,USD 450 - 550,USD 0 - 250,1 month,"Involuntary Termination: USD 500 (termination initiated by client, not by resignation or natural contract expiration)",N/A,"• USD 200 right-to-work check mandatory for all expats (even self-sponsored)
• USD 500 immigration assessment fee for visa sponsorship feasibility check",USD 300,N/A,N/A,Involuntary Termination: USD 350,N/A,"• USD 120 right-to-work check mandatory for all expats (even self-sponsored)
• USD 400 immigration assessment fee for visa sponsorship feasibility check",RMT,Direct Entity,Signed MSA,"jasmine.chang@remote.com ,aisha.saeed@remote.com, ena.hazrolaj@remote.com","Jasmine Chang (Customer Success Manager), Aisha Saeed, Ena Hazrolaj  (Account Manager)","31 December, 2026",Pricing in Contract,,,
Europe,Netherlands,Native Teams,Jasmine,Poor Quality Vendor,Local EOR ,,,,,,,"• EUR 79 up to €1,500 processed per month
• EUR 129 up to €5,500 processed per month
• EUR 219 over €5,500 processed per month",N/A,N/A,N/A,N/A,,NTV,Direct Entity,Signed MSA,deren@nteams.com,Deren Kankurt,"31 December, 2026",Pricing in Contract,,,Tier 2
Europe,Netherlands,Rivermate,David,Preferred Vendor,Local EOR ,,,,,,,EUR 299,,,N/A,,,,Direct Entity,,lucas@rivermate.com,Lucas Botzen,"31 December, 2026",Pricing in Contract,,,
Ocenia,New Zealand,Bradford Jacobs,Jasmine,,Local EOR ,,,,,,,EUR 500,EUR 500,1 month,N/A,,"• Use TopSource as vendor, but pricing is partner pricing, so will get lower quotation than from TopSource directly",BFJ,Uses Vendor,,k.nolan@bradfordjacobs.com,Kelly Nolan,"5 June, 2026",Reminder Sent,https://docs.google.com/spreadsheets/d/1qcQBw7034L9B0NSXOC38XkMU1wg2eROqWYyMtiobk-M/edit,7/15/2026,
Ocenia,New Zealand,Polyglot Group,David,,Local EOR ,,,,,,,"15% of the TEC, capped at NZ$1,650 per month (around 1120 USD)",,,N/A,,,PLG,Direct Entity,,julie.l@thepolyglotgroup.com,Julie Le Roy,"5 June, 2026",Inactive,https://docs.google.com/spreadsheets/d/1LMbAPoCga82b5kS52NYhKYq4T4D1r4tps36hp_J8gXo/edit,"June 10, 2026",Tier 0
Ocenia,New Zealand,New Zealand PEO,David,,PEO,,,,,,,NZD 800,N/A,,N/A,N/A,,,Direct Entity,,fdavies@newzealandpeo.co.nz,Fran Davies,"5 June, 2026",Vendor Responded,https://docs.google.com/spreadsheets/d/1lXZ-XWcBu9GwUGjnnR7sntjnNnPKqT1TmsCDsqTfHsM/edit,"July 15, 2026",
Ocenia,New Zealand,Horizons ,David,Backup Vendor,Local EOR ,,,,,,,USD 399,N/A,1 month,N/A,N/A,,HRZ,Uses Vendor,Established Contact,echo.li@joinhorizons.com,Echo Li,"5 June, 2026",Reminder Sent,https://docs.google.com/spreadsheets/d/10bk8I5ARIdOhETpt_8e5lTYq61dqCD5HM9903xPywTM/edit,7/15/2026,
Ocenia,New Zealand,Horizons ,David,Backup Vendor,Expat EOR,,,,,,,USD 699,N/A,1 month,N/A,"for expatriates, VAT may apply depending on the local regulations.",,HRZ,Uses Vendor,Established Contact,echo.li@joinhorizons.com,Echo Li,"5 June, 2026",Reminder Sent,https://docs.google.com/spreadsheets/d/10bk8I5ARIdOhETpt_8e5lTYq61dqCD5HM9903xPywTM/edit,7/15/2026,
Ocenia,New Zealand,Remote,David,Preferred Vendor,Local EOR ,USD 450 - 550,USD 0 - 250,1 month,"Involuntary Termination: USD 500 (termination initiated by client, not by resignation or natural contract expiration)",N/A,"• USD 200 right-to-work check mandatory for all expats (even self-sponsored)
• USD 500 immigration assessment fee for visa sponsorship feasibility check",USD 300,N/A,N/A,Involuntary Termination: USD 350,N/A,"• USD 120 right-to-work check mandatory for all expats (even self-sponsored)
• USD 400 immigration assessment fee for visa sponsorship feasibility check",RMT,Direct Entity,Signed MSA,"jasmine.chang@remote.com ,aisha.saeed@remote.com, ena.hazrolaj@remote.com","Jasmine Chang (Customer Success Manager), Aisha Saeed, Ena Hazrolaj  (Account Manager)","31 December, 2026",Pricing in Contract,,,
Ocenia,New Zealand,Procloz,David,Preferred Vendor,Local EOR ,USD 585 - 685,USD 350 - 500,1 month,N/A,N/A,,USD 435,USD 350,1 month,N/A,N/A,,PRO,Direct Entity,Signed MSA,"sbudhraja@procloz.com, dtaneja@procloz.com, nsharma@procloz.com, awasal@procloz.com","Shreya Budhraja 
Damanpreet Singh Taneja 
Niraj Kumar Sharma 
Amandeep Singh Wasal ","5 June, 2026",Active,https://docs.google.com/spreadsheets/d/1pN7P6qmfF-FIAycPc_mCWE2ivBba3CWGXVLQWMkTEmE/edit,6/4/2026,
Ocenia,New Zealand,Procloz,David,Preferred Vendor,Expat EOR,USD 1000 - 1100,USD 350 - 600,1 month,N/A,N/A,,USD 750,USD 350,1 month,N/A,N/A,,PRO,Direct Entity,Signed MSA,"sbudhraja@procloz.com, dtaneja@procloz.com, nsharma@procloz.com, awasal@procloz.com","Shreya Budhraja 
Damanpreet Singh Taneja 
Niraj Kumar Sharma 
Amandeep Singh Wasal ","5 June, 2026",Active,https://docs.google.com/spreadsheets/d/1pN7P6qmfF-FIAycPc_mCWE2ivBba3CWGXVLQWMkTEmE/edit,6/4/2026,
Africa,Niger ,Workpay,David,Preferred Vendor,Local EOR ,USD 670 - 770,USD 0 - equivalent of service fee,1 month salary,N/A,TBC,,USD 520,N/A,1 month Salary ,N/A,,,WKP,Uses Vendor,Established Contact," fn@myworkpay.com,
 zn@myworkpay.com","Frances Nzekwue, Ziphozihle Ntlakaza","5 June, 2026",Reminder Sent,https://docs.google.com/spreadsheets/d/1w0jqjlb9vUL_Lb7NHP45wKJcnWeX_D_--e6xf_W6ypc/edit,7/15/2026,Tier 2
Africa,Niger ,Workpay,David,Preferred Vendor,Expat EOR,USD 670 - 770,USD 0 - equivalent of service fee,1 month salary,N/A,TBC,,USD 520,N/A,1 month Salary ,N/A,,,WKP,Uses Vendor,Established Contact," fn@myworkpay.com,
 zn@myworkpay.com","Frances Nzekwue, Ziphozihle Ntlakaza","5 June, 2026",Reminder Sent,https://docs.google.com/spreadsheets/d/1w0jqjlb9vUL_Lb7NHP45wKJcnWeX_D_--e6xf_W6ypc/edit,7/15/2026,Tier 2
Africa,Nigeria,Native Teams,Jasmine,Poor Quality Vendor,Local EOR ,,,,,,,"• EUR 79 up to €1,500 processed per month
• EUR 129 up to €5,500 processed per month
• EUR 219 over €5,500 processed per month",N/A,N/A,N/A,N/A,,NTV,Direct Entity,Signed MSA,deren@nteams.com,Deren Kankurt,"31 December, 2026",Pricing in Contract,,,Tier 2
Africa,Nigeria,Remote,David,Backup Vendor,Local EOR ,,,,,,,USD 300,N/A,N/A,Involuntary Termination: USD 350,N/A,12/23/2025,RMT,Direct Entity,Signed MSA,"jasmine.chang@remote.com ,aisha.saeed@remote.com, ena.hazrolaj@remote.com","Jasmine Chang (Customer Success Manager), Aisha Saeed, Ena Hazrolaj  (Account Manager)","31 December, 2026",Pricing in Contract,,,
Africa,Nigeria,Horizons ,David,Backup Vendor,Local EOR ,,,,,,,USD 399,N/A,1 month,N/A,N/A,,HRZ,Uses Vendor,Established Contact,echo.li@joinhorizons.com,Echo Li,"5 June, 2026",Reminder Sent,https://docs.google.com/spreadsheets/d/10bk8I5ARIdOhETpt_8e5lTYq61dqCD5HM9903xPywTM/edit,7/15/2026,
Africa,Nigeria,Horizons ,David,Backup Vendor,Expat EOR,,,,,,,USD 599,N/A,1 month,N/A,"for expatriates, VAT may apply depending on the local regulations.",,HRZ,Uses Vendor,Established Contact,echo.li@joinhorizons.com,Echo Li,"5 June, 2026",Reminder Sent,https://docs.google.com/spreadsheets/d/10bk8I5ARIdOhETpt_8e5lTYq61dqCD5HM9903xPywTM/edit,7/15/2026,
Africa,Nigeria,Remote Solutions Africa ,David,Backup Vendor,Local EOR ,"USD 370 - 470
Reimbursement Fee: 5% of amount",USD 0 - 400,1 month,N/A,7.5 % of the service fee,,USD 200,N/A,N/A,N/A,7.5 % of the service fee,,RSA,Direct Entity,Established Contact,moses.a@remotesolutionsafrica.com,Moses,"5 June, 2026",Reminder Sent,https://docs.google.com/spreadsheets/d/1-0VoGr6iIfXVV0l8SqaHo0p-ZCELZEMJiFpvK7R1zmQ/edit,7/15/2026,
Africa,Nigeria,Remote Solutions Africa ,David,Backup Vendor,Expat EOR,"USD 420 - 520
Reimbursement Fee: 5% of amount",USD 0 - 400,1 month,N/A,7.5 % of the service fee,,USD 250 ,N/A,N/A,N/A,7.5 % of the service fee,,RSA,Direct Entity,Established Contact,moses.a@remotesolutionsafrica.com,Moses,"5 June, 2026",Reminder Sent,https://docs.google.com/spreadsheets/d/1-0VoGr6iIfXVV0l8SqaHo0p-ZCELZEMJiFpvK7R1zmQ/edit,7/15/2026,
Africa,Nigeria,Enterprise Workforce Solutions,David,Backup Vendor,Local EOR ,,,,,,,USD 375,N/A,N/A,N/A,,,"
EWS",Direct Entity,Established Contact,omar@ews-limited.com,Omar Hassan ,"5 June, 2026",Reminder Sent,https://docs.google.com/spreadsheets/d/18SBM1yJ907dNTN114MJrnoU4yBfBiKkT3I8HzL4dldo/edit,7/15/2026,
Africa,Nigeria,Enterprise Workforce Solutions,David,Backup Vendor,Expat EOR,,,,,,,USD 650,N/A,N/A,N/A,,,"
EWS",Direct Entity,Established Contact,omar@ews-limited.com,Omar Hassan ,"5 June, 2026",Reminder Sent,https://docs.google.com/spreadsheets/d/18SBM1yJ907dNTN114MJrnoU4yBfBiKkT3I8HzL4dldo/edit,7/15/2026,
Africa,Nigeria,Kharis Global Group ,David,Backup Vendor,Local EOR ,,,,,7.50%,,USD 200,N/A,N/A,,,,,Direct Entity,Established Contact,selorm@kharisglobalgroup.com,Eugene Selorm Akorli,"25 June, 2026",Vendor Responded,https://docs.google.com/spreadsheets/d/1bnCL389hf2xzwdLuTbd5E0JRdpjLqBVucpy7USIqz2I/edit,7/12/2026,
Africa,Nigeria,Kharis Global Group ,David,Backup Vendor,Expat EOR,,,,,7.50%,,USD 350,N/A,N/A,,,,,Direct Entity,Established Contact,selorm@kharisglobalgroup.com,Eugene Selorm Akorli,"25 June, 2026",Vendor Responded,https://docs.google.com/spreadsheets/d/1bnCL389hf2xzwdLuTbd5E0JRdpjLqBVucpy7USIqz2I/edit,7/12/2026,
Africa,Nigeria,Workpay,David,Preferred Vendor,Local EOR ,USD 470 - 570,USD 0 - equivalent of service fee,1 month salary,N/A,7.50%,,USD 320,N/A,1 month Salary ,N/A,,,WKP,Direct Entity,Established Contact," fn@myworkpay.com,
 zn@myworkpay.com","Frances Nzekwue, Ziphozihle Ntlakaza","5 June, 2026",Reminder Sent,https://docs.google.com/spreadsheets/d/1w0jqjlb9vUL_Lb7NHP45wKJcnWeX_D_--e6xf_W6ypc/edit,7/15/2026,Tier 2
Africa,Nigeria,Workpay,David,Preferred Vendor,Expat EOR,USD 470 - 570,USD 0 - equivalent of service fee,1 month salary,N/A,7.50%,,USD 320,N/A,1 month Salary ,N/A,,,WKP,Direct Entity,Established Contact," fn@myworkpay.com,
 zn@myworkpay.com","Frances Nzekwue, Ziphozihle Ntlakaza","5 June, 2026",Reminder Sent,https://docs.google.com/spreadsheets/d/1w0jqjlb9vUL_Lb7NHP45wKJcnWeX_D_--e6xf_W6ypc/edit,7/15/2026,Tier 2
Africa,Nigeria,Workforce Africa,David,Backup Vendor,Local EOR ,USD 500 - 600,USD 350 - equivalent of service fee,1 month salary,USD 350,7.5% on service fee,,USD 350,USD 200,N/A,USD 200,7.5% on service fee,"• Pricing valid until December 31st, 2025",WFA,Direct Entity,Signed MSA,justina.gabriel@workforcegroup.com,Justina Gabriel,"5 June, 2026",Reminder Sent,https://docs.google.com/spreadsheets/d/13pdolFV6P_EBVi5xsPKvdXzW76jB60buVkpZYMEoxJk/edit,7/15/2026,
Africa,Nigeria,Workforce Africa,David,Backup Vendor,Expat EOR,USD 550 - 650,USD 350 - equivalent of service fee,1 month salary,USD 350,7.5% on service fee,,USD 400,USD 200,N/A,USD 200,7.5% on service fee,"• Pricing valid until December 31st, 2025",WFA,Direct Entity,Signed MSA,justina.gabriel@workforcegroup.com,Justina Gabriel,"5 June, 2026",Reminder Sent,https://docs.google.com/spreadsheets/d/13pdolFV6P_EBVi5xsPKvdXzW76jB60buVkpZYMEoxJk/edit,7/15/2026,
Europe,North Macedonia,Native Teams,Jasmine,Poor Quality Vendor,Local EOR ,,,,,,,"• EUR 79 up to €1,500 processed per month
• EUR 129 up to €5,500 processed per month
• EUR 219 over €5,500 processed per month",N/A,N/A,N/A,N/A,• Provides visa sponsorship,NTV,Direct Entity,Signed MSA,deren@nteams.com,Deren Kankurt,"31 December, 2026",Pricing in Contract,,,Tier 2
Europe,North Macedonia,Horizons ,David,Backup Vendor,Local EOR ,,,,,,,USD 399,N/A,1 month,N/A,N/A,,HRZ,Uses Vendor,Established Contact,echo.li@joinhorizons.com,Echo Li,"5 June, 2026",Reminder Sent,https://docs.google.com/spreadsheets/d/10bk8I5ARIdOhETpt_8e5lTYq61dqCD5HM9903xPywTM/edit,"July 15, 2026",
Europe,North Macedonia,Remote,David,Preferred Vendor,Local EOR ,USD 450 - 550,USD 0 - 250,1 month,"Involuntary Termination: USD 500 (termination initiated by client, not by resignation or natural contract expiration)",N/A,"• USD 200 right-to-work check mandatory for all expats (even self-sponsored)
• USD 500 immigration assessment fee for visa sponsorship feasibility check",USD 300,N/A,N/A,Involuntary Termination: USD 350,N/A,"• USD 120 right-to-work check mandatory for all expats (even self-sponsored)
• USD 400 immigration assessment fee for visa sponsorship feasibility check",RMT,Direct Entity,Signed MSA,"jasmine.chang@remote.com ,aisha.saeed@remote.com, ena.hazrolaj@remote.com","Jasmine Chang (Customer Success Manager), Aisha Saeed, Ena Hazrolaj  (Account Manager)","31 December, 2026",Pricing in Contract,,,
Europe,Norway,Bradford Jacobs,Jasmine,Backup Vendor,Local EOR ,,,,,,,EUR 500,EUR 500,1 month,N/A,,12/23/2025,BFJ,Uses Vendor,,k.nolan@bradfordjacobs.com,Kelly Nolan,"5 June, 2026",Reminder Sent,https://docs.google.com/spreadsheets/d/1qcQBw7034L9B0NSXOC38XkMU1wg2eROqWYyMtiobk-M/edit,7/15/2026,
Europe,Norway,GTS Nordics,Jasmine,Backup Vendor,Local EOR ,,,,,,,"NOK 6,000","NOK 5,000",,N/A,N/A,12/23/2025,,Direct Entity,,norway@gtsnordic.com,GTS Nordic Norway,"5 June, 2026",Reminder Sent,https://docs.google.com/spreadsheets/d/15ZJVedB9wxDBI_oX1-LaMKlsRn4UYdyLWxhBckTDxCo/edit,"July 15, 2026",
Europe,Norway,Remote,David,Preferred Vendor,Local EOR ,USD 450 - 550,USD 0 - 250,1 month,"Involuntary Termination: USD 500 (termination initiated by client, not by resignation or natural contract expiration)",N/A,"• USD 200 right-to-work check mandatory for all expats (even self-sponsored)
• USD 500 immigration assessment fee for visa sponsorship feasibility check",USD 300,N/A,N/A,Involuntary Termination: USD 350,N/A,"• USD 120 right-to-work check mandatory for all expats (even self-sponsored)
• USD 400 immigration assessment fee for visa sponsorship feasibility check",RMT,Direct Entity,Signed MSA,"jasmine.chang@remote.com ,aisha.saeed@remote.com, ena.hazrolaj@remote.com","Jasmine Chang (Customer Success Manager), Aisha Saeed, Ena Hazrolaj  (Account Manager)","31 December, 2026",Pricing in Contract,,,
Europe,Norway,Native Teams,Jasmine,Poor Quality Vendor,Local EOR ,,,,,,,"• EUR 79 up to €1,500 processed per month
• EUR 129 up to €5,500 processed per month
• EUR 219 over €5,500 processed per month",N/A,N/A,N/A,N/A,,NTV,Direct Entity,Signed MSA,deren@nteams.com,Deren Kankurt,"31 December, 2026",Pricing in Contract,,,Tier 2
Europe,Norway,Horizons,David,Preferred Vendor,Local EOR ,USD 550 - 650,USD 0 - 500,1 month,N/A,N/A,,USD 399,N/A,1 month,N/A,N/A,,HRZ,Direct Entity,Established Contact,echo.li@joinhorizons.com,Echo Li,"5 June, 2026",Reminder Sent,https://docs.google.com/spreadsheets/d/10bk8I5ARIdOhETpt_8e5lTYq61dqCD5HM9903xPywTM/edit,"July 15, 2026",
Europe,Norway,Horizons,David,Preferred Vendor,Expat EOR,USD 550 - 650,USD 0 - 500,1 month,N/A,TBC,,USD 399,N/A,1 month,N/A,TBC,,HRZ,Direct Entity,Established Contact,echo.li@joinhorizons.com,Echo Li,"5 June, 2026",Reminder Sent,https://docs.google.com/spreadsheets/d/10bk8I5ARIdOhETpt_8e5lTYq61dqCD5HM9903xPywTM/edit,"July 15, 2026",
Europe,Norway,Swapp Agency,David,Poor Quality Vendor,Local EOR ,,,,,,,EUR 500,N/A,,N/A,N/A,"• From a contract perspective, our legal team finds them unprofessional",,Direct Entity,,info@swappagency.com,David,"5 June, 2026",Vendor Responded,https://docs.google.com/spreadsheets/d/1w4YLC1WECZUgYTPnQVC_ZavmPTUmV0bkPOEY25KG4pk/edit,"July 15, 2026",
Asia,Oman,Trans Skills,David,,Local EOR ,,,,,,,"EUR 350
• 1.5% on bonus and reimbursement",EUR 350,2 months,N/A,N/A,"if headcount is above 10, service fee can be discounted ",TRS,Direct Entity,,charles.dawson@transskills.com,Charles Dawson,"5 June, 2026",Reminder Sent,https://docs.google.com/spreadsheets/d/1_xVbd68M01bbEusv8LOtQ7njrINL43C5x7I3Feg-7Eg/edit,"July 15, 2026",
Asia,Oman,Trans Skills,David,,Expat EOR,,,,,,,"EUR 650
• 1.5% on bonus and reimbursement",EUR 650,2 months,N/A,N/A,"if headcount is above 10, service fee can be discounted ",TRS,Direct Entity,,charles.dawson@transskills.com,Charles Dawson,"5 June, 2026",Reminder Sent,https://docs.google.com/spreadsheets/d/1_xVbd68M01bbEusv8LOtQ7njrINL43C5x7I3Feg-7Eg/edit,"July 15, 2026",
Asia,Oman,Enterprise Workforce Solutions,David,Preferred Vendor,Local EOR ,USD 550 - 650,USD 0 - 250 ,1 month,N/A,N/A,,USD 400,N/A,N/A,N/A,,,"
EWS",Direct Entity,Established Contact,omar@ews-limited.com,Omar Hassan ,"5 June, 2026",Reminder Sent,https://docs.google.com/spreadsheets/d/18SBM1yJ907dNTN114MJrnoU4yBfBiKkT3I8HzL4dldo/edit,"July 15, 2026",
Asia,Oman,Enterprise Workforce Solutions,David,Preferred Vendor,Expat EOR,USD 550 - 650,USD 0 - 500 ,1 month,N/A,N/A,,USD 400,N/A,N/A,N/A,,,"
EWS",Direct Entity,Established Contact,omar@ews-limited.com,Omar Hassan ,"5 June, 2026",Reminder Sent,https://docs.google.com/spreadsheets/d/18SBM1yJ907dNTN114MJrnoU4yBfBiKkT3I8HzL4dldo/edit,"July 15, 2026",
Asia,Oman,Horizons ,David,Backup Vendor,Local EOR ,,,,,,,USD 899,N/A,1 month,N/A,N/A,,HRZ,Uses Vendor,Established Contact,echo.li@joinhorizons.com,Echo Li,"5 June, 2026",Reminder Sent,https://docs.google.com/spreadsheets/d/10bk8I5ARIdOhETpt_8e5lTYq61dqCD5HM9903xPywTM/edit,"July 15, 2026",
Asia,Oman,Horizons ,David,Backup Vendor,Expat EOR,,,,,,,USD 1100,N/A,1 month,N/A,"for expatriates, VAT may apply depending on the local regulations.",,HRZ,Uses Vendor,Established Contact,echo.li@joinhorizons.com,Echo Li,"5 June, 2026",Reminder Sent,https://docs.google.com/spreadsheets/d/10bk8I5ARIdOhETpt_8e5lTYq61dqCD5HM9903xPywTM/edit,"July 15, 2026",
Asia,Oman,Auxilium,Jasmine,Backup Vendor,Local EOR ,,,,,,,"OMR 350 *pricing for employees on salaries greater than 4,000 OMR to be provided on a project by project basis",OMR 250,,N/A,5% on total invoice,12/23/2025,AUX,Direct Entity,Signed MSA,Lawrence.Coward@auxiliumservices.com,Lawrence Coward,"5 June, 2026",Reminder Sent,https://docs.google.com/spreadsheets/d/1j3AhdZLbdehMNW1ih9WSwqE1oig1czH7jd-NGDPDd7Y/edit,"July 15, 2026",
Asia,Oman,Auxilium,Jasmine,Backup Vendor,Expat EOR,,,,,,,"OMR 350 *pricing for employees on salaries greater than 4,000 OMR to be provided on a project by project basis",OMR 250,,N/A,5% on total invoice,,AUX,Direct Entity,Signed MSA,Lawrence.Coward@auxiliumservices.com,Lawrence Coward,"5 June, 2026",Reminder Sent,https://docs.google.com/spreadsheets/d/1j3AhdZLbdehMNW1ih9WSwqE1oig1czH7jd-NGDPDd7Y/edit,"July 15, 2026",
Asia,Pakistan,Esquare,David,Poor Quality Vendor,Local EOR ,,,,,,,"3% or 20,000PKR",N/A,N/A,N/A,N/A,"• Supports Afghanistan EOR/payroll
• Clara reviewed MSA and suggested not to use this vendor",,Direct Entity,,shahnawaz@esquare.com.pk,Shahnawaz Shaikh,"5 June, 2026",Reminder Sent,https://docs.google.com/spreadsheets/d/1A4_5iIXB3pbfnBYICAllV1-Di_ueYOMc9eYlkutd5u4/edit,"July 15, 2026",
Asia,Pakistan,PWG,David,Backup Vendor,Local EOR ,,,,,,,USD 150 + 3% on bonus and allowance,N/A,N/A,N/A,15% on service fee,12/23/2025,PWG,Direct Entity,,partner@pandaworkglobal.com,Sidrah,"30 December, 2026",Active,https://docs.google.com/spreadsheets/d/1ScjnKSpNJyyKKKEa1eXLzVoct3KFIWjZS-4xCND_kI0/edit,"June 4, 2026",
Asia,Pakistan,PWG,David,Backup Vendor,Expat EOR,,,,,,,USD 350 + 3% on bonus and allowance,N/A,N/A,N/A,15% on service fee,12/23/2025,PWG,Direct Entity,,partner@pandaworkglobal.com,Sidrah,"30 December, 2026",Active,https://docs.google.com/spreadsheets/d/1ScjnKSpNJyyKKKEa1eXLzVoct3KFIWjZS-4xCND_kI0/edit,"June 4, 2026",
Asia,Pakistan,Remote,David,Preferred Vendor,Local EOR ,USD 450 - 550,USD 0 - 250,1 month,"Involuntary Termination: USD 500 (termination initiated by client, not by resignation or natural contract expiration)",N/A,"• USD 200 right-to-work check mandatory for all expats (even self-sponsored)
• USD 500 immigration assessment fee for visa sponsorship feasibility check",USD 300,N/A,N/A,Involuntary Termination: USD 350,N/A,"• USD 120 right-to-work check mandatory for all expats (even self-sponsored)
• USD 400 immigration assessment fee for visa sponsorship feasibility check",RMT,Direct Entity,Signed MSA,"jasmine.chang@remote.com ,aisha.saeed@remote.com, ena.hazrolaj@remote.com","Jasmine Chang (Customer Success Manager), Aisha Saeed, Ena Hazrolaj  (Account Manager)","31 December, 2026",Pricing in Contract,,,
Asia,Pakistan,Enterprise Workforce Solutions,David,Backup Vendor,Local EOR ,,,,,,,USD 300,N/A,N/A,N/A,,,"
EWS",Direct Entity,Established Contact,omar@ews-limited.com,Omar Hassan ,"5 June, 2026",Reminder Sent,https://docs.google.com/spreadsheets/d/18SBM1yJ907dNTN114MJrnoU4yBfBiKkT3I8HzL4dldo/edit,"July 15, 2026",
Asia,Pakistan,Enterprise Workforce Solutions,David,Backup Vendor,Expat EOR,,,,,,,USD 650,N/A,N/A,N/A,,,"
EWS",Direct Entity,Established Contact,omar@ews-limited.com,Omar Hassan ,"5 June, 2026",Reminder Sent,https://docs.google.com/spreadsheets/d/18SBM1yJ907dNTN114MJrnoU4yBfBiKkT3I8HzL4dldo/edit,"July 15, 2026",
Asia,Pakistan,Horizons ,David,Backup Vendor,Local EOR ,,,,,,,USD 199,N/A,1 month,N/A,15% local VAT applies on the total amount of the invoice,,HRZ,Uses Vendor,Established Contact,echo.li@joinhorizons.com,Echo Li,"5 June, 2026",Reminder Sent,https://docs.google.com/spreadsheets/d/10bk8I5ARIdOhETpt_8e5lTYq61dqCD5HM9903xPywTM/edit,"July 15, 2026",
Asia,Pakistan,Trans Skills,David,Preferred Vendor,Local EOR ,"EUR 245 - 345
• 3% on bonus and reimbursement",EUR 245 - 345,2 months,N/A,N/A,,"EUR 95
• 1.5% on bonus and reimbursement",EUR 95,2 months,N/A,N/A,,TRS,Direct Entity,,charles.dawson@transskills.com,Charles Dawson,"5 June, 2026",Reminder Sent,https://docs.google.com/spreadsheets/d/1_xVbd68M01bbEusv8LOtQ7njrINL43C5x7I3Feg-7Eg/edit,"July 15, 2026",
Asia,Pakistan,Trans Skills,David,Preferred Vendor,Expat EOR,"EUR 340 - 440
• 3% on bonus and reimbursement","EUR 340 - 440
",2 months,N/A,N/A,,"EUR 190
• 1.5% on bonus and reimbursement",EUR 190,2 months,N/A,N/A,,TRS,Direct Entity,,charles.dawson@transskills.com,Charles Dawson,"5 June, 2026",Reminder Sent,https://docs.google.com/spreadsheets/d/1_xVbd68M01bbEusv8LOtQ7njrINL43C5x7I3Feg-7Eg/edit,"July 15, 2026",
Asia,Palestine,Trans Skills,David,Preferred Vendor,Local EOR ,"EUR 525 - 625
• 3% on bonus and reimbursement",EUR 525 - 625,2 months,N/A,N/A,,"EUR 375
• 1.5% on bonus and reimbursement",EUR 375,2 months,N/A,N/A,,TRS,Direct Entity,,charles.dawson@transskills.com,Charles Dawson,"5 June, 2026",Reminder Sent,https://docs.google.com/spreadsheets/d/1_xVbd68M01bbEusv8LOtQ7njrINL43C5x7I3Feg-7Eg/edit,"July 15, 2026",
Asia,Palestine,Trans Skills,David,Preferred Vendor,Expat EOR,"EUR 525 - 625
• 3% on bonus and reimbursement",EUR 525 - 625,2 months,N/A,N/A,,"EUR 375
• 1.5% on bonus and reimbursement",EUR 375,2 months,N/A,N/A,,TRS,Direct Entity,,charles.dawson@transskills.com,Charles Dawson,"5 June, 2026",Reminder Sent,https://docs.google.com/spreadsheets/d/1_xVbd68M01bbEusv8LOtQ7njrINL43C5x7I3Feg-7Eg/edit,"July 15, 2026",
Asia,Palestine,Horizons ,David,Backup Vendor,Local EOR ,,,,,,,USD 399,N/A,1 month,N/A,,,HRZ,Uses Vendor,Established Contact,echo.li@joinhorizons.com,Echo Li,"5 June, 2026",Reminder Sent,https://docs.google.com/spreadsheets/d/10bk8I5ARIdOhETpt_8e5lTYq61dqCD5HM9903xPywTM/edit,"July 15, 2026",
Latin America,Panama,Biz Latin Hub,David,Inactive,Local EOR ,,,,,,,USD $750 or 13% of total monthly employee cost (whichever is greater) per Employee,USD 120,2 x monthly total employee cost	,USD 120,7% on service fee only,12/23/2025,,Direct Entity,Terminated,craig@bizlatinhub.com,Craig Dempsey,"5 June, 2026",Inactive,https://docs.google.com/spreadsheets/d/1fnqBZQEM3l1NN2d2Q4gYZmoROuNuXW8dau4BnptpfRc/edit,"June 10, 2026",Tier 0
Latin America,Panama,López & James,David,Backup Vendor,PEO,,,,,,,8% (the enterprises would have to be incorporated),- Employment contract & social security affiliations: 500 USD per employee,2 months gross salary,N/A,$0,12/23/2025,,Uses Vendor,,lmarquez@lopezjames.com,Laura Márquez,"5 June, 2026",Reminder Sent,https://docs.google.com/spreadsheets/d/1W0gu9xPlPGcaiHU4MFMQd3PIphKpsTU4vd0TdD6Ec_0/edit,"July 15, 2026",
Latin America,Panama,Remote,David,Preferred Vendor,Local EOR ,USD 450 - 550,USD 0 - 250,1 month,"Involuntary Termination: USD 500 (termination initiated by client, not by resignation or natural contract expiration)",N/A,"• USD 200 right-to-work check mandatory for all expats (even self-sponsored)
• USD 500 immigration assessment fee for visa sponsorship feasibility check",USD 300,USD 80 (wet-signing fee),N/A,Involuntary Termination: USD 350,N/A,"• USD 120 right-to-work check mandatory for all expats (even self-sponsored)
• USD 400 immigration assessment fee for visa sponsorship feasibility check",RMT,Direct Entity,Signed MSA,"jasmine.chang@remote.com ,aisha.saeed@remote.com, ena.hazrolaj@remote.com","Jasmine Chang (Customer Success Manager), Aisha Saeed, Ena Hazrolaj  (Account Manager)","31 December, 2026",Pricing in Contract,,,
Latin America,Panama,Rivermate,David,Preferred Vendor,Local EOR ,"USD 400 - 500

12% Service Fee on
• Insurance
• Expense Reimbursement

Out-of-cycle fee: USD 150",USD 250 - 500,1 month,N/A,TBC,,"USD 250 

10% Service Fee on
• Insurance
• Expense Reimbursement

Out-of-cycle fee: USD 100",USD 100,1 month,N/A,,,SER,Direct Entity,,bassem.benhassine@hightekers.com	,Bassem Ben Hassine ,"5 June, 2026",Reminder Sent,https://docs.google.com/spreadsheets/d/1Hfh8owhyByJDd1SgekqltEc28d-fqYQBKrW9-h8co_w/edit,"July 15, 2026",
Latin America,Panama,Rivermate,David,Preferred Vendor,Expat EOR,"USD 700 - 800

12% Service Fee on
• Insurance
• Expense Reimbursement

Out-of-cycle fee: USD 150",USD 450 - 550,1 month,N/A,TBC,,"USD 550

10% Service Fee on
• Insurance
• Expense Reimbursement

Out-of-cycle fee: USD 100",USD 300,1 month,N/A,,,SER,Direct Entity,,bassem.benhassine@hightekers.com	,Bassem Ben Hassine ,"5 June, 2026",Reminder Sent,https://docs.google.com/spreadsheets/d/1Hfh8owhyByJDd1SgekqltEc28d-fqYQBKrW9-h8co_w/edit,"July 15, 2026",
Latin America,Paraguay,Biz Latin Hub,David,Inactive,Local EOR ,,,,,,,USD $750 or 13% of total monthly employee cost (whichever is greater) per Employee,USD 120,3 x monthly total employee cost        ,USD 120,10% on service fee only,12/23/2025,,Direct Entity,Terminated,craig@bizlatinhub.com,Craig Dempsey,"5 June, 2026",Inactive,https://docs.google.com/spreadsheets/d/1fnqBZQEM3l1NN2d2Q4gYZmoROuNuXW8dau4BnptpfRc/edit,"June 10, 2026",Tier 0
Latin America,Paraguay,Remote,David,Preferred Vendor,Local EOR ,USD 450 - 550,USD 0 - 250,1 month,"Involuntary Termination: USD 500 (termination initiated by client, not by resignation or natural contract expiration)",N/A,"• USD 200 right-to-work check mandatory for all expats (even self-sponsored)
• USD 500 immigration assessment fee for visa sponsorship feasibility check",USD 300,USD 80 (wet-signing fee),N/A,Involuntary Termination: USD 350,N/A,"• USD 120 right-to-work check mandatory for all expats (even self-sponsored)
• USD 400 immigration assessment fee for visa sponsorship feasibility check",RMT,Direct Entity,Active,"jasmine.chang@remote.com ,aisha.saeed@remote.com, ena.hazrolaj@remote.com","Jasmine Chang (Customer Success Manager), Aisha Saeed, Ena Hazrolaj  (Account Manager)","31 December, 2026",Pricing in Contract,,,
Latin America,Peru,Bradford Jacobs,Jasmine,,Local EOR ,,,,,,,EUR 500,EUR 500,1 month,N/A,,"• Use TopSource as vendor, but pricing is partner pricing, so will get lower quotation than from TopSource directly",BFJ,Uses Vendor,,k.nolan@bradfordjacobs.com,Kelly Nolan,"5 June, 2026",Reminder Sent,https://docs.google.com/spreadsheets/d/1qcQBw7034L9B0NSXOC38XkMU1wg2eROqWYyMtiobk-M/edit,7/15/2026,
Latin America,Peru,Native Teams,Jasmine,Poor Quality Vendor,Local EOR ,,,,,,,"• EUR 79 up to €1,500 processed per month
• EUR 129 up to €5,500 processed per month
• EUR 219 over €5,500 processed per month",N/A,N/A,N/A,N/A,,NTV,Direct Entity,Signed MSA,deren@nteams.com,Deren Kankurt,"31 December, 2026",Pricing in Contract,,,Tier 2
Latin America,Peru,Rivermate,David,,Local EOR ,,,,,,,"USD 250 

10% Service Fee on
• Insurance
• Expense Reimbursement

Out-of-cycle fee: USD 100",USD 100,1 month,N/A,0%,Bank Fee per Invoice: USD 69,SER,Direct Entity,,bassem.benhassine@hightekers.com	,Bassem Ben Hassine ,"5 June, 2026",Reminder Sent,https://docs.google.com/spreadsheets/d/1Hfh8owhyByJDd1SgekqltEc28d-fqYQBKrW9-h8co_w/edit,"July 15, 2026",
Latin America,Peru,Rivermate,David,Preferred Vendor,Expat EOR,"USD 700 - 800

12% Service Fee on
• Insurance
• Expense Reimbursement

Out-of-cycle fee: USD 150",USD 450 - 550,1 month,N/A,N/A,,"USD 550

10% Service Fee on
• Insurance
• Expense Reimbursement

Out-of-cycle fee: USD 100",USD 300,1 month,N/A,N/A,,SER,Direct Entity,,bassem.benhassine@hightekers.com	,Bassem Ben Hassine ,"5 June, 2026",Reminder Sent,https://docs.google.com/spreadsheets/d/1Hfh8owhyByJDd1SgekqltEc28d-fqYQBKrW9-h8co_w/edit,"July 15, 2026",
Latin America,Peru,Horizons ,David,Preferred Vendor,Local EOR ,USD 450 - 550,USD 0 - 500,1 month,N/A,10% on expense reimbursement,,USD 299,N/A,1 month,N/A,10% on expense reimbursement,,HRZ,Uses Vendor,Established Contact,echo.li@joinhorizons.com,Echo Li,"5 June, 2026",Reminder Sent,https://docs.google.com/spreadsheets/d/10bk8I5ARIdOhETpt_8e5lTYq61dqCD5HM9903xPywTM/edit,"July 15, 2026",
Latin America,Peru,Remote,David,Backup Vendor,Local EOR ,,,,,,,USD 300,USD 80 (wet-signing fee),N/A,Involuntary Termination: USD 350,N/A,12/23/2025,RMT,Direct Entity,Signed MSA,"jasmine.chang@remote.com ,aisha.saeed@remote.com, ena.hazrolaj@remote.com","Jasmine Chang (Customer Success Manager), Aisha Saeed, Ena Hazrolaj  (Account Manager)","31 December, 2026",Pricing in Contract,,,
Latin America,Peru,Ongresso,David,Backup Vendor,Local EOR ,,,,,,,"1-5 pax - $500 per pax
6-10 pax - $450 per pax
11+ pax - $400 per pax","Onboarding Fee:
1-5 pax - $500 per pax
6-10 pax - $450 per pax
11+ pax - $400 per pax",,N/A,"18%, and it is charged on the full invoice amount",12/23/2025,,Direct Entity,Terminated,joe@ongresso.com,Joe Novitzki,"5 June, 2026",Inactive,https://docs.google.com/spreadsheets/d/1vLqWGlW9taglBJm2irX2FfYoofHVEO1nvbHGKW80Hjs/edit,"June 10, 2026",Tier 0
Latin America,Peru,Biz Latin Hub,David,Inactive,Local EOR ,,,,,,,USD $750 or 13% of total monthly employee cost (whichever is greater) per Employee,USD 120,2 x monthly total employee cost	,USD 120,18% on total invoice,,,Direct Entity,Terminated,craig@bizlatinhub.com,Craig Dempsey,"5 June, 2026",Inactive,https://docs.google.com/spreadsheets/d/1fnqBZQEM3l1NN2d2Q4gYZmoROuNuXW8dau4BnptpfRc/edit,"June 10, 2026",Tier 0
Latin America,Peru,López & James,David,,PEO,,,,,,,8%,• Employment contract & social security affiliations: 500 USD per employee,2 months gross salary,N/A,18% on Service Fee only,,,Uses Vendor,,lmarquez@lopezjames.com,Laura Márquez,"5 June, 2026",Reminder Sent,https://docs.google.com/spreadsheets/d/1W0gu9xPlPGcaiHU4MFMQd3PIphKpsTU4vd0TdD6Ec_0/edit,"July 15, 2026",
Asia,Philippines,Outsourced.PH,David,,Local EOR ,,,,,,,"PHP 19,250","PHP 21,500",1 month,N/A,,• Does not support work permit,,Direct Entity,,evangeline.santillan@outsourced.ph,Evangeline Santillan ,"5 June, 2026",Vendor Responded,https://docs.google.com/spreadsheets/d/1IELluhF8IRoocCd5KoDDHfGyGGLem-z7RPMfpWXeneQ/edit,"July 15, 2026",
Asia,Philippines,The Company,David,,Local EOR ,,,,,,,"PHP 8,000",N/A,2 months,N/A,12%,,,Direct Entity,,antony@zeroten.jp,Antony Normand,"5 June, 2026",Inactive,https://docs.google.com/spreadsheets/d/17LKGeqsuOqTSqQMWBXT6w-jZYJd53j92BHWHtRJBweE/edit,"July 8, 2026",
Asia,Philippines,The Company,David,,Expat EOR,,,,,,,"PHP 16,000",N/A,2 months,N/A,12%,,,Direct Entity,,antony@zeroten.jp,Antony Normand,"5 June, 2026",Inactive,https://docs.google.com/spreadsheets/d/17LKGeqsuOqTSqQMWBXT6w-jZYJd53j92BHWHtRJBweE/edit,"July 8, 2026",
Asia,Philippines,AK Global Connect,David,,Local EOR ,,,,,,,USD 50,N/A,N/A,N/A,N/A,,,,,aakamidceo@akbposervices.net,Al-Jubair Kamid,"5 June, 2026",Reminder Sent,https://docs.google.com/spreadsheets/d/1bOU_TfUK34JchITl_xwmuxRC1Zb4DgY2jeXMbCTt8Nk/edit,7/15/2026,
Asia,Philippines,Procloz,David,,Local EOR ,,,,,,,USD 300,USD 300,1 month,N/A,N/A,"• Offered us 10% off on service fee when onboarding 10 pax at once
• Uses a third party platform to manage leaves",PRO,Direct Entity,Signed MSA,"sbudhraja@procloz.com, dtaneja@procloz.com, nsharma@procloz.com, awasal@procloz.com","Shreya Budhraja 
Damanpreet Singh Taneja 
Niraj Kumar Sharma 
Amandeep Singh Wasal ","5 June, 2026",Active,https://docs.google.com/spreadsheets/d/1pN7P6qmfF-FIAycPc_mCWE2ivBba3CWGXVLQWMkTEmE/edit,6/4/2026,
Asia,Philippines,Procloz,David,,Expat EOR,,,,,,,USD 550,USD 550,1 month,N/A,N/A,• Uses a third party platform to manage leaves,PRO,Direct Entity,Signed MSA,"sbudhraja@procloz.com, dtaneja@procloz.com, nsharma@procloz.com, awasal@procloz.com","Shreya Budhraja 
Damanpreet Singh Taneja 
Niraj Kumar Sharma 
Amandeep Singh Wasal ","5 June, 2026",Active,https://docs.google.com/spreadsheets/d/1pN7P6qmfF-FIAycPc_mCWE2ivBba3CWGXVLQWMkTEmE/edit,6/4/2026,
Asia,Philippines,Rivermate,David,,Local EOR ,,,,,,,USD 300,Waived,1 month TEC,Waived for placements over 6 months or 1 month service fee under 6 months,12% on service fees + 2% local taxes on total invoice value ,,EOS,Direct Entity,Signed MSA,tim.denney@eosglobalexpansion.com,Tim Denney,"31 December, 2026",Active,,,Tier 2
Asia,Philippines,TalentHero,Jasmine,Backup Vendor,Local EOR ,,,,,,,USD 199,USD 299,1 month Salary,N/A,will only apply if we are invoicing a Philippines entity,"Provide EOR
Recruitment
Office Space
Laptops/Equipment Procurement
Visa Processing

Lowest USD 199, if lower have to come with volumn",TAH,Direct Entity,Established Contact,andy.brown@talenthero.co,Andy Brown ,"5 June, 2026",Active,https://docs.google.com/spreadsheets/d/1o9mRIX2mAbAKAT00xipIBp7JCUYItoxNm6tOZuLPBSA/edit,"June 10, 2026",
Asia,Philippines,TalentHero ,Jasmine,Preferred Vendor,Expat EOR,USD 400 - 500,USD 450 - 550,1 month,N/A,will only apply if we are invoicing a Philippines entity,,USD 199,USD 299,1 month Salary,N/A,will only apply if we are invoicing a Philippines entity,"2% FX fee applies if you are paying in any other currency apart from PHP (if PHP, no fee)

Provide EOR
Recruitment
Office Space
Laptops/Equipment Procurement
Visa Processing",TAH,Direct Entity,Established Contact,andy.brown@talenthero.co,Andy Brown ,"5 June, 2026",Vendor Responded,https://docs.google.com/spreadsheets/d/1o9mRIX2mAbAKAT00xipIBp7JCUYItoxNm6tOZuLPBSA/edit,"June 10, 2026",
Asia,Philippines,Rivermate,David,,Expat EOR,,,,,,,USD 500,USD 250,1 month TEC,Waived for placements over 6 months or 1 month service fee under 6 months,12% on service fees + 2% local taxes on total invoice value ,,EOS,Direct Entity,Signed MSA,tim.denney@eosglobalexpansion.com,Tim Denney,"31 December, 2026",Active,,,Tier 2
Asia,Philippines,Remote,David,Preferred Vendor,Local EOR ,USD 450 - 550,USD 0 - 250,1 month,"Involuntary Termination: USD 500 (termination initiated by client, not by resignation or natural contract expiration)",N/A,"• USD 200 right-to-work check mandatory for all expats (even self-sponsored)
• USD 500 immigration assessment fee for visa sponsorship feasibility check",USD 300,N/A,N/A,Involuntary Termination: USD 350,N/A,"• USD 120 right-to-work check mandatory for all expats (even self-sponsored)
• USD 400 immigration assessment fee for visa sponsorship feasibility check",RMT,Direct Entity,Signed MSA,"jasmine.chang@remote.com ,aisha.saeed@remote.com, ena.hazrolaj@remote.com","Jasmine Chang (Customer Success Manager), Aisha Saeed, Ena Hazrolaj  (Account Manager)","31 December, 2026",Pricing in Contract,,,
Asia,Philippines,Horizons,David,Backup Vendor,Local EOR ,,,,,,,USD 199,N/A,1 month,N/A,N/A,,HRZ,Direct Entity,Established Contact,echo.li@joinhorizons.com,Echo Li,"5 June, 2026",Reminder Sent,https://docs.google.com/spreadsheets/d/10bk8I5ARIdOhETpt_8e5lTYq61dqCD5HM9903xPywTM/edit,"July 15, 2026",
Asia,Philippines,Horizons,David,Backup Vendor,Expat EOR,,,,,,,USD 399,N/A,1 month,N/A,"for expatriates, VAT may apply depending on the local regulations.",,HRZ,Direct Entity,Established Contact,echo.li@joinhorizons.com,Echo Li,"5 June, 2026",Reminder Sent,https://docs.google.com/spreadsheets/d/10bk8I5ARIdOhETpt_8e5lTYq61dqCD5HM9903xPywTM/edit,"July 15, 2026",
Asia,Philippines,Recruitgo ,David,Preferred Vendor,Local EOR ,USD 300 - 400,USD 0 - 300,1 month salary + service fee,N/A,N/A,,USD 150,N/A,"1 month Gross Salary Deposit
1 month EOR Fee Deposit",N/A,,"HMO (Private Health Insurance)
PHP 15,000/quarter/employee
Not government-mandated. Added benefit for employees.
Laptop Acquisition
USD 100/laptop + actual laptop cost
Metro Manila delivery only.
",RCG,Direct Entity,Established Contact,Leng.vang@recruitgo.com,Leng Vang ,"5 June, 2026",Reminder Sent,https://docs.google.com/spreadsheets/d/192NhoFdFXc5g53bOtkUJo_R93Gp-7nZex90MCo3lGzA/edit,"July 15, 2026",
Asia,Philippines,Recruitgo ,David,Backup Vendor,Expat EOR,,,,,,,"- Salary less than PHP 50,000/month - USD 300 Fixed/EE
- Salary higher than PHP 50,000/month - 15% of gross monthly salary + 2% Business Permit Recovery Fee on employer cost ",N/A,2 months Gross Salary Deposit+ 2 months EOR Fee Deposit,,EOR; 12% + 2% local taxes apply for immigration services where applicable.,"•  9G Visa Service Fees: 100% payment before commencement.
•  EOR Deposit: paid upfront on service engagement.
•  EOR monthly fees: paid according to EOR calendar, minimum 10 days before pay day.
•  Invoices issued upon payment of monthly salaries.
•  Salary Deposit used to pay legally required fees on termination. Excess refunded on resignation.
•  VAT: not separately stated for EOR; 12% + 2% local taxes apply for immigration services where applicable.
",RCG,Direct Entity,Established Contact,Leng.vang@recruitgo.com,Leng Vang ,"5 June, 2026",Reminder Sent,https://docs.google.com/spreadsheets/d/192NhoFdFXc5g53bOtkUJo_R93Gp-7nZex90MCo3lGzA/edit,"July 15, 2026",
Asia,Philippines,Remotify,David,,Local EOR ,,,,,,,15%,"PHP 5,000 ","1 month gross salary deposit +
1 month gross salary pre-paid salary",N/A,,,,Direct Entity,,hello@remotify.ph,-,"5 June, 2026",Reminder Sent,https://docs.google.com/spreadsheets/d/1GTdkAWtIKjwmv0VjXy9B-LmJjznB-XIbjjNBQhbR3ao/edit,"July 15, 2026",
Asia,Philippines,Native Teams,Jasmine,Poor Quality Vendor,Local EOR ,,,,,,,"• EUR 79 up to €1,500 processed per month
• EUR 129 up to €5,500 processed per month
• EUR 219 over €5,500 processed per month",N/A,N/A,N/A,N/A,"• Provides insurance plan link
• Provides visa sponsorship",NTV,Direct Entity,Signed MSA,deren@nteams.com,Deren Kankurt,"31 December, 2026",Pricing in Contract,,,Tier 2
Asia,Philippines,Native Teams,Jasmine,Poor Quality Vendor,Expat EOR,,,,,,,"• EUR 179 up to €1,500 processed per month
• EUR 229 up to €5,500 processed per month
• EUR 319 over €5,500 processed per month",N/A,N/A,N/A,N/A,"• Provides insurance plan link
• Provides visa sponsorship",NTV,Direct Entity,Signed MSA,deren@nteams.com,Deren Kankurt,"31 December, 2026",Pricing in Contract,,,Tier 2
Asia,Philippines,Eastvantage,David,,Local EOR ,,,,,,,18% on TEC,,,N/A,,,,Direct Entity,,-,-,"5 June, 2026",Reminder Sent,https://docs.google.com/spreadsheets/d/1mYiQs9_683Mt8smU85uxyX5Fxib790K0CTmQvNNMPoo/edit,"June 4, 2026",
Asia,Philippines,Worknetics,Jasmine,,Local EOR ,,,,,,,SGD 300,SGD 300,,,,,WKN,Uses Vendor,,garvin.chia@workneticsglobal.com,Garvin Chia,"5 June, 2026",Reminder Sent,https://docs.google.com/spreadsheets/d/1v8hqm0zO5cDgfVn00wIGynQiohce5uwmBwXgNFXVrGU/edit,"July 15, 2026",Tier 2
Asia,Philippines,De Castro Consulting,David,,Local EOR ,,,,,,,"USD 210 (30 pax -below)
USD 199 (31-60 pax)
USD 175 (61-100 pax)
USD 150 (over 100 pax)",USD 99,N/A,N/A,N/A,,DCC,,,ruben@decastroconsulting.ph,Ruben Benson ,"5 June, 2026",Reminder Sent,https://docs.google.com/spreadsheets/d/1fJPvuzSnPCyCByieiFg4RSf72jeCwt-0LDDEeEJloQ0/edit,"July 15, 2026",
Asia,Philippines,De Castro Consulting,David,,Local EOR ,,,,,,,USD 299,USD 99,N/A,N/A,N/A,,DCC,,,ruben@decastroconsulting.ph,Ruben Benson ,"5 June, 2026",Reminder Sent,https://docs.google.com/spreadsheets/d/1fJPvuzSnPCyCByieiFg4RSf72jeCwt-0LDDEeEJloQ0/edit,"July 15, 2026",
Asia,Philippines,AYP,Jasmine,Poor Quality Vendor,Local EOR ,,,,,,,USD 300,N/A,1 month,N/A,0.75% based on the total invoice,,AYP,Direct Entity,Active,leticia.loh@ayp-group.com,Leticia Loh,"5 June, 2026",Vendor Responded,https://docs.google.com/spreadsheets/d/1cl92pSZ3CZdf5zEt6uPXxyzLvtRFtENWAzXKRME19lc/edit,"June 17, 2026",Tier 2
Europe,Poland,Bradford Jacobs,Jasmine,,Local EOR ,,,,,,,EUR 500,EUR 500,1 month,N/A,,"• Use TopSource as vendor, but pricing is partner pricing, so will get lower quotation than from TopSource directly",BFJ,Uses Vendor,,k.nolan@bradfordjacobs.com,Kelly Nolan,"5 June, 2026",Reminder Sent,https://docs.google.com/spreadsheets/d/1qcQBw7034L9B0NSXOC38XkMU1wg2eROqWYyMtiobk-M/edit,7/15/2026,
Europe,Poland,Acvian,David,Backup Vendor,Local EOR ,,,,,,,"• EUR 375
• 6% on bonus and reimbursement",N/A,1 month invoice,N/A,N/A,"• Off-cycle payment out of payroll run - EUR 150.00 per transaction
• Partner can support visa sponsorship
• Does not support payroll services",ACV,Direct Entity,Signed MSA,a.zakharov@acvian.com,Anthony Zakharov,"4 June, 2027",Active,https://docs.google.com/spreadsheets/d/1FnxuLNnvsNjtofU3yPF8sbdGZUKI7vIGO_aid6WGQCM/edit,6/4/2026,Tier 2
Europe,Poland,Acvian,David,Backup Vendor,Expat EOR,,,,,,,"• EUR 375
• 6% on bonus and reimbursement",N/A,1 month invoice,N/A,N/A,"• Off-cycle payment out of payroll run - EUR 150.00 per transaction
• Partner can support visa sponsorship",ACV,Direct Entity,Signed MSA,a.zakharov@acvian.com,Anthony Zakharov,"4 June, 2027",Active,https://docs.google.com/spreadsheets/d/1FnxuLNnvsNjtofU3yPF8sbdGZUKI7vIGO_aid6WGQCM/edit,6/4/2026,Tier 2
Europe,Poland,Horizons ,David,Backup Vendor,Local EOR ,,,,,,,N/A,1 month,N/A,N/A,,,HRZ,Uses Vendor,Established Contact,echo.li@joinhorizons.com,Echo Li,"5 June, 2026",Reminder Sent,https://docs.google.com/spreadsheets/d/10bk8I5ARIdOhETpt_8e5lTYq61dqCD5HM9903xPywTM/edit,7/15/2026,
Europe,Poland,Horizons ,David,Backup Vendor,Expat EOR,,,,,,,N/A,1 month,N/A,"for expatriates, VAT may apply depending on the local regulations.",,,HRZ,Uses Vendor,Established Contact,echo.li@joinhorizons.com,Echo Li,"5 June, 2026",Reminder Sent,https://docs.google.com/spreadsheets/d/10bk8I5ARIdOhETpt_8e5lTYq61dqCD5HM9903xPywTM/edit,7/15/2026,
Europe,Poland,Rivermate,David,Preferred Vendor,Expat EOR,EUR 500 - 700,EUR 0 - 700,1 month ,N/A,,,EUR 350 ,N/A,1 month,N/A,,,HTK,Direct Entity,Signed MSA,bassem.benhassine@hightekers.com,Bassem Ben Hassine ,"31 December, 2026",Pricing in Contract,,,
Europe,Poland,Enterprise Workforce Solutions,David,Preferred Vendor,Local EOR ,USD 525 - 625,USD 0 - 250 ,1 month,N/A,N/A,,USD 375,N/A,N/A,N/A,,,"
EWS",Direct Entity,Established Contact,omar@ews-limited.com,Omar Hassan ,"5 June, 2026",Reminder Sent,https://docs.google.com/spreadsheets/d/18SBM1yJ907dNTN114MJrnoU4yBfBiKkT3I8HzL4dldo/edit,7/15/2026,
Europe,Poland,Enterprise Workforce Solutions,David,Preferred Vendor,Expat EOR,USD 600 - 700,USD 0 - 500 ,1 month,N/A,N/A,,USD 450,N/A,N/A,N/A,,,"
EWS",Direct Entity,Established Contact,omar@ews-limited.com,Omar Hassan ,"5 June, 2026",Reminder Sent,https://docs.google.com/spreadsheets/d/18SBM1yJ907dNTN114MJrnoU4yBfBiKkT3I8HzL4dldo/edit,7/15/2026,
Europe,Poland,Remote,David,Preferred Vendor,Local EOR ,USD 450 - 550,USD 0 - 250,1 month,"Involuntary Termination: USD 500 (termination initiated by client, not by resignation or natural contract expiration)",N/A,"• USD 200 right-to-work check mandatory for all expats (even self-sponsored)
• USD 500 immigration assessment fee for visa sponsorship feasibility check",USD 300,USD 80 (wet-signing fee),N/A,Involuntary Termination: USD 350,N/A,"• USD 120 right-to-work check mandatory for all expats (even self-sponsored)
• USD 400 immigration assessment fee for visa sponsorship feasibility check",RMT,Direct Entity,Signed MSA,"jasmine.chang@remote.com ,aisha.saeed@remote.com, ena.hazrolaj@remote.com","Jasmine Chang (Customer Success Manager), Aisha Saeed, Ena Hazrolaj  (Account Manager)","31 December, 2026",Pricing in Contract,,,
Europe,Poland,Native Teams,Jasmine,Poor Quality Vendor,Local EOR ,,,,,,,"• EUR 79 up to €1,500 processed per month
• EUR 129 up to €5,500 processed per month
• EUR 219 over €5,500 processed per month",N/A,N/A,N/A,N/A,• Provides visa sponsorship,NTV,Direct Entity,Signed MSA,deren@nteams.com,Deren Kankurt,"31 December, 2026",Pricing in Contract,,,Tier 2
Europe,Poland,Azure Global,David,,Local EOR ,,,,,,,EUR 35 per week (roughly EUR 140 per month),N/A,N/A,N/A,N/A,12/23/2025,AZR,Unknown,Terminated,Ian@azureglobal.com,Ian Campbell,,Inactive,,,Tier 0
Europe,Portugal,Native Teams,Jasmine,Poor Quality Vendor,Local EOR ,,,,,,,"• EUR 79 up to €1,500 processed per month
• EUR 129 up to €5,500 processed per month
• EUR 219 over €5,500 processed per month",N/A,N/A,N/A,N/A,• Provides visa sponsorship,NTV,Direct Entity,Signed MSA,deren@nteams.com,Deren Kankurt,"31 December, 2026",Pricing in Contract,,,Tier 2
Europe,Portugal,Native Teams,Jasmine,Poor Quality Vendor,Expat EOR,,,,,,,"• EUR 179 up to €1,500 processed per month
• EUR 229 up to €5,500 processed per month
• EUR 319 over €5,500 processed per month",N/A,N/A,N/A,N/A,,NTV,Direct Entity,Signed MSA,deren@nteams.com,Deren Kankurt,"31 December, 2026",Pricing in Contract,,,Tier 2
Europe,Portugal,Enterprise Workforce Solutions,David,Preferred Vendor,Local EOR ,USD 525 - 625,USD 0 - 250 ,1 month,N/A,N/A,,USD 375,N/A,N/A,N/A,,,"
EWS",Direct Entity,Established Contact,omar@ews-limited.com,Omar Hassan ,"5 June, 2026",Reminder Sent,https://docs.google.com/spreadsheets/d/18SBM1yJ907dNTN114MJrnoU4yBfBiKkT3I8HzL4dldo/edit,"July 15, 2026",
Europe,Portugal,Enterprise Workforce Solutions,David,Preferred Vendor,Expat EOR,USD 600 - 700,USD 0 - 500 ,1 month,N/A,N/A,,USD 450,N/A,N/A,N/A,,,"
EWS",Direct Entity,Established Contact,omar@ews-limited.com,Omar Hassan ,"5 June, 2026",Reminder Sent,https://docs.google.com/spreadsheets/d/18SBM1yJ907dNTN114MJrnoU4yBfBiKkT3I8HzL4dldo/edit,"July 15, 2026",
Europe,Portugal,Remote,David,Preferred Vendor,Local EOR ,USD 450 - 550,USD 0 - 250,1 month,"Involuntary Termination: USD 500 (termination initiated by client, not by resignation or natural contract expiration)",N/A,"• USD 200 right-to-work check mandatory for all expats (even self-sponsored)
• USD 500 immigration assessment fee for visa sponsorship feasibility check",USD 300,N/A,N/A,Involuntary Termination: USD 350,N/A,"• USD 120 right-to-work check mandatory for all expats (even self-sponsored)
• USD 400 immigration assessment fee for visa sponsorship feasibility check",RMT,Direct Entity,Signed MSA,"jasmine.chang@remote.com ,aisha.saeed@remote.com, ena.hazrolaj@remote.com","Jasmine Chang (Customer Success Manager), Aisha Saeed, Ena Hazrolaj  (Account Manager)","31 December, 2026",Pricing in Contract,,,
Europe,Portugal,Horizons,David,Backup Vendor,Local EOR ,,,,,,,USD 399,N/A,1 month,N/A,N/A,,HRZ,Direct Entity,Established Contact,echo.li@joinhorizons.com,Echo Li,"5 June, 2026",Reminder Sent,https://docs.google.com/spreadsheets/d/10bk8I5ARIdOhETpt_8e5lTYq61dqCD5HM9903xPywTM/edit,"July 15, 2026",
Europe,Portugal,Horizons,David,Backup Vendor,Expat EOR,,,,,,,USD 499,N/A,1 month,N/A,"for expatriates, VAT may apply depending on the local regulations.",,HRZ,Direct Entity,Established Contact,echo.li@joinhorizons.com,Echo Li,"5 June, 2026",Reminder Sent,https://docs.google.com/spreadsheets/d/10bk8I5ARIdOhETpt_8e5lTYq61dqCD5HM9903xPywTM/edit,"July 15, 2026",
Europe,Portugal,Rivermate,David,Preferred Vendor,Expat EOR,EUR 500 - 700,EUR 0 - 700,1 month ,N/A,,,EUR 350 ,N/A,1 month,N/A,,,HTK,Direct Entity,Signed MSA,bassem.benhassine@hightekers.com,Bassem Ben Hassine ,"31 December, 2026",Pricing in Contract,,,
Europe,Portugal,LMW,Jasmine,Backup Vendor,Local EOR ,,,,,,,EUR 450,EUR 500,1 month,N/A,N/A,,,Direct Entity,Entity not operational,kolia@lmwgroup.com,Annita Kolia,"9 June, 2027",Active,https://docs.google.com/spreadsheets/d/10BOvLZMlSzuRD7fb5Reby5JBjfxCK-2aw70aeihpUU0/edit,6/17/2026,Tier 2
Europe,Portugal,Bradford Jacobs,Jasmine,,Local EOR ,,,,,,,EUR 500,EUR 500,1 month,N/A,,12/23/2025,BFJ,Uses Vendor,Signed MSA,k.nolan@bradfordjacobs.com,Kelly Nolan,"5 June, 2026",Reminder Sent,https://docs.google.com/spreadsheets/d/1qcQBw7034L9B0NSXOC38XkMU1wg2eROqWYyMtiobk-M/edit,7/15/2026,
Latin America,Puerto Rico,Bradford Jacobs,Jasmine,,Local EOR ,,,,,,,EUR 500,EUR 500,1 month,N/A,,"• Use TopSource as vendor, but pricing is partner pricing, so will get lower quotation than from TopSource directly",BFJ,Uses Vendor,,k.nolan@bradfordjacobs.com,Kelly Nolan,"5 June, 2026",Reminder Sent,https://docs.google.com/spreadsheets/d/1qcQBw7034L9B0NSXOC38XkMU1wg2eROqWYyMtiobk-M/edit,7/15/2026,
Latin America,Puerto Rico,Biz Latin Hub,David,Inactive,Local EOR ,,,,,,,"USD $1,000 or 13% of total monthly employee cost (whichever is greater) per Employee",USD 135,3 x monthly total employee cost        ,USD 135,11.5% on service fee only,12/23/2025,,Direct Entity,Terminated,craig@bizlatinhub.com,Craig Dempsey,"5 June, 2026",Inactive,https://docs.google.com/spreadsheets/d/1fnqBZQEM3l1NN2d2Q4gYZmoROuNuXW8dau4BnptpfRc/edit,"June 10, 2026",Tier 0
Latin America,Puerto Rico,Remote,David,Preferred Vendor,Local EOR ,USD 450 - 550,USD 0 - 250,1 month,"Involuntary Termination: USD 500 (termination initiated by client, not by resignation or natural contract expiration)",N/A,"• USD 200 right-to-work check mandatory for all expats (even self-sponsored)
• USD 500 immigration assessment fee for visa sponsorship feasibility check",USD 300,N/A,N/A,Involuntary Termination: USD 350,N/A,"• USD 120 right-to-work check mandatory for all expats (even self-sponsored)
• USD 400 immigration assessment fee for visa sponsorship feasibility check",RMT,Direct Entity,Signed MSA,"jasmine.chang@remote.com ,aisha.saeed@remote.com, ena.hazrolaj@remote.com","Jasmine Chang (Customer Success Manager), Aisha Saeed, Ena Hazrolaj  (Account Manager)","31 December, 2026",Pricing in Contract,,,
Latin America,Puerto Rico,López & James,David,,PEO,,,,,,,8%,USD 500,2 months gross salary,N/A,$0,12/23/2025,,Uses Vendor,,lmarquez@lopezjames.com,Laura Márquez,"5 June, 2026",Reminder Sent,https://docs.google.com/spreadsheets/d/1W0gu9xPlPGcaiHU4MFMQd3PIphKpsTU4vd0TdD6Ec_0/edit,"July 15, 2026",
Asia,Qatar,Auxilium,Jasmine,,Local EOR ,,,,,,,"QR 2,500","QR 2,500",,N/A,N/A,12/23/2025,AUX,Direct Entity,Signed MSA,Lawrence.Coward@auxiliumservices.com,Lawrence Coward,"5 June, 2026",Reminder Sent,https://docs.google.com/spreadsheets/d/1j3AhdZLbdehMNW1ih9WSwqE1oig1czH7jd-NGDPDd7Y/edit,"July 15, 2026",
Asia,Qatar,Connect Resources,David,Preferred Vendor,Expat EOR,,N/A,1 month TEC,N/A,N/A,,"QAR 2,250",N/A,1 month TEC,N/A,N/A,,CNR,Uses Vendor,,"gregg.s@connectresources.ae, 
wesley.s@connectresources.ae",Gregg Steyn,"4 June, 2027",Active,https://docs.google.com/spreadsheets/d/1ieOJxUzmrSXNgAfyh8SwdttIVvwbhB4fFc4OzNzt0D8/edit,6/4/2026,
Asia,Qatar,Horizons ,David,,Local EOR ,,,,,,,USD 399,N/A,1 month,N/A,N/A,12/23/2025,HRZ,Direct Entity,Established Contact,echo.li@joinhorizons.com,Echo Li,"5 June, 2026",Reminder Sent,https://docs.google.com/spreadsheets/d/10bk8I5ARIdOhETpt_8e5lTYq61dqCD5HM9903xPywTM/edit,7/15/2026,
Asia,Qatar,Trans Skills,David,,Local EOR ,,,,,,,"EUR 350
• 1.5% on bonus and reimbursement",EUR 350,2 months,N/A,N/A,"if headcount is above 10, service fee can be discounted ",TRS,Direct Entity,,charles.dawson@transskills.com,Charles Dawson,"5 June, 2026",Reminder Sent,https://docs.google.com/spreadsheets/d/1_xVbd68M01bbEusv8LOtQ7njrINL43C5x7I3Feg-7Eg/edit,7/15/2026,
Asia,Qatar,Trans Skills,David,,Expat EOR,,,,,,,"EUR 500
• 1.5% on bonus and reimbursement",EUR 500,2 months,N/A,N/A,"if headcount is above 10, service fee can be discounted ",TRS,Direct Entity,,charles.dawson@transskills.com,Charles Dawson,"5 June, 2026",Reminder Sent,https://docs.google.com/spreadsheets/d/1_xVbd68M01bbEusv8LOtQ7njrINL43C5x7I3Feg-7Eg/edit,7/15/2026,
Europe,Romania,Bradford Jacobs,Jasmine,,Local EOR ,,,,,,,EUR 500,EUR 500,1 month,N/A,,12/23/2025,BFJ,Uses Vendor,,k.nolan@bradfordjacobs.com,Kelly Nolan,"5 June, 2026",Reminder Sent,https://docs.google.com/spreadsheets/d/1qcQBw7034L9B0NSXOC38XkMU1wg2eROqWYyMtiobk-M/edit,7/15/2026,
Europe,Romania,Azure Global,David,,Local EOR ,,,,,,,GBP 650,,,,,12/23/2025,AZR,Unknown,,Ian@azureglobal.com,Ian Campbell,"5 June, 2026",Reminder Sent,https://docs.google.com/spreadsheets/d/15NFhmwxb0MYodBdJq1TTiYfRMYW1y5Itge202TLAZEo/edit,7/15/2026,
Europe,Romania,Remote,David,Preferred Vendor,Local EOR ,USD 450 - 550,USD 0 - 250,1 month,"Involuntary Termination: USD 500 (termination initiated by client, not by resignation or natural contract expiration)",N/A,"• USD 200 right-to-work check mandatory for all expats (even self-sponsored)
• USD 500 immigration assessment fee for visa sponsorship feasibility check",USD 300,N/A,N/A,Involuntary Termination: USD 350,N/A,"• USD 120 right-to-work check mandatory for all expats (even self-sponsored)
• USD 400 immigration assessment fee for visa sponsorship feasibility check",RMT,Direct Entity,Signed MSA,"jasmine.chang@remote.com ,aisha.saeed@remote.com, ena.hazrolaj@remote.com","Jasmine Chang (Customer Success Manager), Aisha Saeed, Ena Hazrolaj  (Account Manager)","31 December, 2026",Pricing in Contract,,,
Europe,Romania,Native Teams,Jasmine,Poor Quality Vendor,Local EOR ,,,,,,,"• EUR 79 up to €1,500 processed per month
• EUR 129 up to €5,500 processed per month
• EUR 219 over €5,500 processed per month",N/A,N/A,N/A,N/A,• Provides visa sponsorship,NTV,Direct Entity,Signed MSA,deren@nteams.com,Deren Kankurt,"31 December, 2026",Pricing in Contract,,,Tier 2
Europe,Romania,Nestlers,Jasmine,,Local EOR ,,,,,,,"• less than 15 EEs: EUR 300 / person
• more than 15 EEs: EUR 250 / person
• Monthly foreign exchange and transfer fees (3%) and discretionary benefits fees (8%)",EUR 600,5-10% of annual salary,,,,,,,andreea.gheorghe@nestlersgroup.com,Andreea Gheorghe,"5 June, 2026",Vendor Responded,https://docs.google.com/spreadsheets/d/1Jyw__mZ9-x8t7XnB_OMHaYhcqJkTuJekBnETYEz-fkE/edit,7/8/2026,
Europe,Romania,Enterprise Workforce Solutions,David,Preferred Vendor,Local EOR ,USD 525 - 625,USD 0 - 250 ,1 month,N/A,N/A,,USD 375,N/A,N/A,N/A,,,"
EWS",Direct Entity,Established Contact,omar@ews-limited.com,Omar Hassan ,"5 June, 2026",Reminder Sent,https://docs.google.com/spreadsheets/d/18SBM1yJ907dNTN114MJrnoU4yBfBiKkT3I8HzL4dldo/edit,7/15/2026,
Europe,Romania,Enterprise Workforce Solutions,David,Preferred Vendor,Expat EOR,USD 600 - 700,USD 0 - 500 ,1 month,N/A,N/A,,USD 450,N/A,N/A,N/A,,,"
EWS",Direct Entity,Established Contact,omar@ews-limited.com,Omar Hassan ,"5 June, 2026",Reminder Sent,https://docs.google.com/spreadsheets/d/18SBM1yJ907dNTN114MJrnoU4yBfBiKkT3I8HzL4dldo/edit,7/15/2026,
Europe,Romania,Horizons,David,Backup Vendor,Local EOR ,,,,,,,USD 399,N/A,1 month,N/A,N/A,,HRZ,Direct Entity,Established Contact,echo.li@joinhorizons.com,Echo Li,"5 June, 2026",Reminder Sent,https://docs.google.com/spreadsheets/d/10bk8I5ARIdOhETpt_8e5lTYq61dqCD5HM9903xPywTM/edit,"July 15, 2026",
Europe,Romania,Horizons,David,Backup Vendor,Expat EOR,,,,,,,yet active ,,,,,,HRZ,Unknown,Established Contact,,,"5 June, 2026",Active,,,
Europe,Romania,Zelda,David,,Local EOR ,,,,,,,EUR 300 (could be negotiated with higher headcount),"EUR 300 (could be negotiated with higher headcount)
+ vacation accrual (1.7 days * daily CTC rate)",1 month TEC,N/A,N/A,,,Direct Entity,,eugenie@zelda.one,Eugènie Surucinschi,"5 June, 2026",Inactive,https://docs.google.com/spreadsheets/d/13CcudqikUqMxxIvXKFWguarm95PEy0AVxOlzF_fwS1M/edit,"June 10, 2026",Tier 0
Europe,Russia,FChain,David,,Local EOR ,,,,,,,"• 10% min USD 400
• 10% on reimbursement and bonus",USD 400,2 months gross salary + service fee,N/A,NA,,FCH,Direct Entity,,kjustus@f-chain.com,Kristina Justus,"5 June, 2026",Approved,https://docs.google.com/spreadsheets/d/10iWZAp5RXBiwls81G9UZm52Z6prAZhxEf6TNGcU-xF8/edit?usp=sharing,7/1/2026,
Europe,Russia,Fortune China,David,Preferred Vendor,Local EOR ,USD 350 - 450 ,USD 0 - 250 ,1 month,N/A,12.76% on total invoice,,USD 200,,,,12.76% on total invoice,,FTN,,,,,"5 June, 2026",Active,,,
Europe,Russia,Fortune China,David,Preferred Vendor,Expat EOR,"USD 550 - 650 (salary up to USD 2,850)",USD 0 - 250 ,1 month,N/A,12.76% on total invoice,,"14%, Minimum charge USD 400",,,,12.76% on total invoice,,FTN,,,,,"5 June, 2026",Active,,,
Europe,Russia,Enterprise Workforce Solutions,David,Backup Vendor,Local EOR ,,,,,,,USD 375,N/A,N/A,N/A,,,"
EWS",Direct Entity,Established Contact,omar@ews-limited.com,Omar Hassan ,"5 June, 2026",Reminder Sent,https://docs.google.com/spreadsheets/d/18SBM1yJ907dNTN114MJrnoU4yBfBiKkT3I8HzL4dldo/edit,7/15/2026,
Europe,Russia,Enterprise Workforce Solutions,David,Backup Vendor,Expat EOR,,,,,,,USD 650,N/A,N/A,N/A,,,"
EWS",Direct Entity,Established Contact,omar@ews-limited.com,Omar Hassan ,"5 June, 2026",Reminder Sent,https://docs.google.com/spreadsheets/d/18SBM1yJ907dNTN114MJrnoU4yBfBiKkT3I8HzL4dldo/edit,7/15/2026,
Europe,Russia,Native Teams,Jasmine,Poor Quality Vendor,Local EOR ,,,,,,,"• EUR 79 up to €1,500 processed per month
• EUR 129 up to €5,500 processed per month
• EUR 219 over €5,500 processed per month",N/A,N/A,N/A,N/A,,NTV,Direct Entity,Signed MSA,deren@nteams.com,Deren Kankurt,"31 December, 2026",Pricing in Contract,,,Tier 2
Europe,Russia,NH Consulting,David,Backup Vendor,Local EOR ,,,,,,,USD 430 + 2% on invoice + Reimbursement Fee: 5% on costs,N/A,1 month ,N/A,20% of total invoice,,,,,anna.obraz@nh-logistics.com,Anna Obraz,"30 December, 2026",Active,https://docs.google.com/spreadsheets/d/1tMKLXxYn-nSYNrrh2MFNEQxds94ebQEgT0sl92_Ix-0/edit,,
Europe,Russia,NH Consulting,David,Backup Vendor,Expat EOR,,,,,,,USD 450 + 2% on invoice + Reimbursement Fee: 5% on costs,N/A,1 month ,N/A,22% of total invoice,,,Direct Entity,,anna.obraz@nh-logistics.com,Anna Obraz,"30 December, 2026",Active,https://docs.google.com/spreadsheets/d/1tMKLXxYn-nSYNrrh2MFNEQxds94ebQEgT0sl92_Ix-0/edit,6/4/2026,
Africa,Rwanda,Workforce Africa,David,Backup Vendor,Local EOR ,,,,,,,USD 400,USD 200,N/A,USD 200,18% on service fee,12/23/2025,WFA,Direct Entity,Signed MSA,justina.gabriel@workforcegroup.com,Justina Gabriel,"5 June, 2026",Reminder Sent,https://docs.google.com/spreadsheets/d/13pdolFV6P_EBVi5xsPKvdXzW76jB60buVkpZYMEoxJk/edit,7/15/2026,
Africa,Rwanda,Workforce Africa,David,Backup Vendor,Expat EOR,,,,,,,USD 450,USD 200,N/A,USD 200,18% on service fee,"• Pricing valid until December 31st, 2070",WFA,Direct Entity,Signed MSA,justina.gabriel@workforcegroup.com,Justina Gabriel,"5 June, 2026",Reminder Sent,https://docs.google.com/spreadsheets/d/13pdolFV6P_EBVi5xsPKvdXzW76jB60buVkpZYMEoxJk/edit,7/15/2026,
Africa,Rwanda,Workpay,David,Preferred Vendor,Local EOR ,USD 470 - 570,USD 0 - equivalent of service fee,1 month salary,N/A,TBC,,USD 320,N/A,1 month Salary ,N/A,,,WKP,Direct Entity,Established Contact," fn@myworkpay.com,
 zn@myworkpay.com","Frances Nzekwue, Ziphozihle Ntlakaza","5 June, 2026",Reminder Sent,https://docs.google.com/spreadsheets/d/1w0jqjlb9vUL_Lb7NHP45wKJcnWeX_D_--e6xf_W6ypc/edit,7/15/2026,Tier 2
Africa,Rwanda,Workpay,David,Preferred Vendor,Expat EOR,USD 470 - 570,USD 0 - equivalent of service fee,1 month salary,N/A,TBC,,USD 320,N/A,1 month Salary ,N/A,,,WKP,Direct Entity,Established Contact," fn@myworkpay.com,
 zn@myworkpay.com","Frances Nzekwue, Ziphozihle Ntlakaza","5 June, 2026",Reminder Sent,https://docs.google.com/spreadsheets/d/1w0jqjlb9vUL_Lb7NHP45wKJcnWeX_D_--e6xf_W6ypc/edit,7/15/2026,Tier 2
Africa,Rwanda,Remote Solutions Africa ,David,Backup Vendor,Local EOR ,"USD 420 - 520
Reimbursement Fee: 5% of amount",USD 0 - 400,1 month,N/A,7.5 % of the service fee,,USD 250,N/A,N/A,N/A,7.5 % of the service fee,,RSA,Uses Vendor,Established Contact,moses.a@remotesolutionsafrica.com,Moses,"5 June, 2026",Reminder Sent,https://docs.google.com/spreadsheets/d/1-0VoGr6iIfXVV0l8SqaHo0p-ZCELZEMJiFpvK7R1zmQ/edit,7/15/2026,
Africa,Rwanda,Remote Solutions Africa ,David,Backup Vendor,Expat EOR,"USD 470 - 570
Reimbursement Fee: 5% of amount",USD 0 - 400,1 month,N/A,7.5 % of the service fee,,USD 300,N/A,N/A,N/A,7.5 % of the service fee,We don't charge deposit as long as we receive the invoice payment on the 20th of each month//Reimbursement Fee: 4% of the total reimbursement //  20 USD bank transfer fee,RSA,Uses Vendor,Established Contact,moses.a@remotesolutionsafrica.com,Moses,"5 June, 2026",Reminder Sent,https://docs.google.com/spreadsheets/d/1-0VoGr6iIfXVV0l8SqaHo0p-ZCELZEMJiFpvK7R1zmQ/edit,7/15/2026,
Asia,Saudi Arabia,Connect Resources,David,,Expat EOR,,,,,,,"SAR 3,200",N/A,2 Months Security Deposit + Fees,N/A,15% on EOR fee & Medical Insurance,,CNR,Direct Entity,,"gregg.s@connectresources.ae, 
wesley.s@connectresources.ae",Gregg Steyn,"4 June, 2027",Active,https://docs.google.com/spreadsheets/d/1ieOJxUzmrSXNgAfyh8SwdttIVvwbhB4fFc4OzNzt0D8/edit,6/4/2026,
Asia,Saudi Arabia,Connect Resources,David,,Local EOR ,,,,,,,"SAR 2,000",N/A,2 Months Security Deposit + Fees,N/A,15% on EOR fee & Medical Insurance,,CNR,Direct Entity,,"gregg.s@connectresources.ae, 
wesley.s@connectresources.ae",Gregg Steyn,"4 June, 2027",Active,https://docs.google.com/spreadsheets/d/1ieOJxUzmrSXNgAfyh8SwdttIVvwbhB4fFc4OzNzt0D8/edit,6/4/2026,
Asia,Saudi Arabia,Auxilium,Jasmine,,Local EOR ,"EOR fee:
• SAR 2,850-3,000 - for salary ranging from SAR 1,000 - 20,000 
• SAR 3,300 - SAR 20,001 - 25,000 
• SAR 3,800 - SAR 25,001 - 30,000 
• SAR 4,500 - SAR 30,001 - 40,000
• SAR 5,600 - SAR 40,001 - 80,000",SAR equivalent of USD 150 - 1 months service fee,2 months,N/A,already included in service fee,,"EOR fee:
• SAR 2,250 (USD 600) - for salary ranging from SAR 1,000 - 20,000 
• SAR 2,750 - SAR 20,001 - 25,000 
• SAR 3,250 - SAR 25,001 - 30,000 
• SAR 3,950 - SAR 30,001 - 40,000
• SAR 5,000 - SAR 40,001 - 80,000","SAR 2,500",2 months,N/A,already included in service fee,"• Each Employee will be required to stay under Auxilium’s sponsorship for a minimum of 12 months. If an employee is offboarded with immediate effect, without 60 days’ notice being given, throughout the term of their employment with Auxilium the Client will need to pay Auxilium 2 x Auxilium Fee as compensation at the time of the employee’s offboarding over and above any other
offboarding costs as per Saudi Labour Law and outstanding government fees. If 60 days’ notice is given, no compensation will be applicable, but the Monthly Chargeable Rate will apply throughout the 60 day period.
• If the Client wishes to transfer an Iqama, which has been provided by Auxilium, to their own company or another company they will need to pay Auxilium a one-time fee SAR 4,000 in addition to the applicable Iqama Transfer Fee.",AUX,Direct Entity,,Lawrence.Coward@auxiliumservices.com,Lawrence Coward,"5 June, 2026",Reminder Sent,https://docs.google.com/spreadsheets/d/1j3AhdZLbdehMNW1ih9WSwqE1oig1czH7jd-NGDPDd7Y/edit,7/15/2026,
Asia,Saudi Arabia,Auxilium,Jasmine,,Expat EOR,"EOR fee:
• SAR 2,850-3,000 - for salary ranging from SAR 1,000 - 20,000 
• SAR 3,300 - SAR 20,001 - 25,000 
• SAR 3,800 - SAR 25,001 - 30,000 
• SAR 4,500 - SAR 30,001 - 40,000
• SAR 5,600 - SAR 40,001 - 80,000

Saudization Fee
• SAR 1,500 / month",SAR equivalent of USD 250 - 1 months service fee,2 months,N/A,already included in service fee,,"EOR fee:
• SAR 2,250 (USD 600) - SAR 1,000 - 20,000 
• SAR 2,750 - SAR 20,001 - 25,000 
• SAR 3,250 - SAR 25,001 - 30,000 
• SAR 3,950 - SAR 30,001 - 40,000
• SAR 5,000 - SAR 40,001 - 80,000

Saudization Fee
• SAR 1,500 / month","SAR 2,500",2 months,N/A,already included in service fee,"• Each Employee will be required to stay under Auxilium’s sponsorship for a minimum of 12 months. If an employee is offboarded with immediate effect, without 60 days’ notice being given, throughout the term of their employment with Auxilium the Client will need to pay Auxilium 2 x Auxilium Fee as compensation at the time of the employee’s offboarding over and above any other
offboarding costs as per Saudi Labour Law and outstanding government fees. If 60 days’ notice is given, no compensation will be applicable, but the Monthly Chargeable Rate will apply throughout the 60 day period.
• If the Client wishes to transfer an Iqama, which has been provided by Auxilium, to their own company or another company they will need to pay Auxilium a one-time fee SAR 4,000 in addition to the applicable Iqama Transfer Fee.",AUX,Direct Entity,,Lawrence.Coward@auxiliumservices.com,Lawrence Coward,"5 June, 2026",Reminder Sent,https://docs.google.com/spreadsheets/d/1j3AhdZLbdehMNW1ih9WSwqE1oig1czH7jd-NGDPDd7Y/edit,7/15/2026,
Asia,Saudi Arabia,Horizons ,David,Backup Vendor,Local EOR ,,,,,,,USD 599,N/A,1 month,N/A,N/A,,HRZ,Uses Vendor,Established Contact,echo.li@joinhorizons.com,Echo Li,"5 June, 2026",Reminder Sent,https://docs.google.com/spreadsheets/d/10bk8I5ARIdOhETpt_8e5lTYq61dqCD5HM9903xPywTM/edit,7/15/2026,
Asia,Saudi Arabia,Horizons ,David,Backup Vendor,Expat EOR,,,,,,,USD 599,N/A,1 month,N/A,"for expatriates, VAT may apply depending on the local regulations.",,HRZ,Uses Vendor,Established Contact,echo.li@joinhorizons.com,Echo Li,"5 June, 2026",Reminder Sent,https://docs.google.com/spreadsheets/d/10bk8I5ARIdOhETpt_8e5lTYq61dqCD5HM9903xPywTM/edit,7/15/2026,
Asia,Saudi Arabia,Enterprise Workforce Solutions,David,Backup Vendor,Local EOR ,,,,,,,USD 400,N/A,N/A,N/A,,,"
EWS",Direct Entity,Established Contact,omar@ews-limited.com,Omar Hassan ,"5 June, 2026",Reminder Sent,https://docs.google.com/spreadsheets/d/18SBM1yJ907dNTN114MJrnoU4yBfBiKkT3I8HzL4dldo/edit,7/15/2026,
Asia,Saudi Arabia,Enterprise Workforce Solutions,David,Backup Vendor,Expat EOR,,,,,,,USD 400,N/A,N/A,N/A,,,"
EWS",Direct Entity,Established Contact,omar@ews-limited.com,Omar Hassan ,"5 June, 2026",Reminder Sent,https://docs.google.com/spreadsheets/d/18SBM1yJ907dNTN114MJrnoU4yBfBiKkT3I8HzL4dldo/edit,7/15/2026,
Asia,Saudi Arabia,Remote,David,Preferred Vendor,Local EOR ,USD 450 - 550,USD 0 - 250,1 month,"Involuntary Termination: USD 500 (termination initiated by client, not by resignation or natural contract expiration)",N/A,"• USD 200 right-to-work check mandatory for all expats (even self-sponsored)
• USD 500 immigration assessment fee for visa sponsorship feasibility check",USD 300,N/A,N/A,Involuntary Termination: USD 350,N/A,"• USD 120 right-to-work check mandatory for all expats (even self-sponsored)
• USD 400 immigration assessment fee for visa sponsorship feasibility check",RMT,Direct Entity,Signed MSA,"jasmine.chang@remote.com ,aisha.saeed@remote.com, ena.hazrolaj@remote.com","Jasmine Chang (Customer Success Manager), Aisha Saeed, Ena Hazrolaj  (Account Manager)","31 December, 2026",Pricing in Contract,,,
Asia,Saudi Arabia,Trans Skills,David,Preferred Vendor,Local EOR ,EUR 620 - 720,EUR 620 - 720,2 months,N/A,N/A,,EUR 470,EUR 470,2 months,N/A,N/A,,TRS,Direct Entity,,charles.dawson@transskills.com,Charles Dawson,"5 June, 2026",Reminder Sent,https://docs.google.com/spreadsheets/d/1_xVbd68M01bbEusv8LOtQ7njrINL43C5x7I3Feg-7Eg/edit,7/15/2026,
Asia,Saudi Arabia,Trans Skills,David,Preferred Vendor,Expat EOR,"EUR 850 - 950 
• EUR 745 Saudization Fee / month
• 3% on bonus and reimbursement",EUR 850 - 950 ,2 months,N/A,N/A,,"EUR 700 + EUR 745 Saudization Fee
• 1.5% on bonus and reimbursement",EUR 700,2 months,N/A,N/A,,TRS,Direct Entity,,charles.dawson@transskills.com,Charles Dawson,"5 June, 2026",Reminder Sent,https://docs.google.com/spreadsheets/d/1_xVbd68M01bbEusv8LOtQ7njrINL43C5x7I3Feg-7Eg/edit,7/15/2026,
Asia,Saudi Arabia,SourceitHR,David,Backup Vendor,Local EOR ,,,,,,,"USD 1,750 or 15% (whichever higher)",,,N/A,,12/23/2025,,Direct Entity,,omar.tantash@sourceithr.com,Omar Tantash,"5 June, 2026",Inactive,https://docs.google.com/spreadsheets/d/12cFfLunIdaX7x5xOH4UKQPimSYm5-FkobK5kp8ZzBDQ/edit,6/10/2026,Tier 0
Africa,Senegal,Workforce Africa,David,Backup Vendor,Local EOR ,,,,,,,USD 400,USD 200,N/A,USD 200,18% on total invoice,12/23/2025,WFA,Uses Vendor,Signed MSA,justina.gabriel@workforcegroup.com,Justina Gabriel,"5 June, 2026",Reminder Sent,https://docs.google.com/spreadsheets/d/13pdolFV6P_EBVi5xsPKvdXzW76jB60buVkpZYMEoxJk/edit,7/15/2026,
Africa,Senegal,Workforce Africa,David,Backup Vendor,Expat EOR,,,,,,,USD 500,USD 200,N/A,USD 200,18% on total invoice,"• Pricing valid until December 31st, 2072",WFA,Uses Vendor,Signed MSA,justina.gabriel@workforcegroup.com,Justina Gabriel,"5 June, 2026",Reminder Sent,https://docs.google.com/spreadsheets/d/13pdolFV6P_EBVi5xsPKvdXzW76jB60buVkpZYMEoxJk/edit,7/15/2026,
Africa,Senegal,Workpay,David,Preferred Vendor,Local EOR ,USD 470 - 570,USD 0 - equivalent of service fee,1 month salary,N/A,TBC,,USD 320,N/A,1 month Salary ,N/A,,,WKP,Direct Entity,Established Contact," fn@myworkpay.com,
 zn@myworkpay.com","Frances Nzekwue, Ziphozihle Ntlakaza","5 June, 2026",Reminder Sent,https://docs.google.com/spreadsheets/d/1w0jqjlb9vUL_Lb7NHP45wKJcnWeX_D_--e6xf_W6ypc/edit,7/15/2026,Tier 2
Africa,Senegal,Workpay,David,Preferred Vendor,Expat EOR,USD 470 - 570,USD 0 - equivalent of service fee,1 month salary,N/A,TBC,,USD 320,N/A,1 month Salary ,N/A,,,WKP,Direct Entity,Established Contact," fn@myworkpay.com,
 zn@myworkpay.com","Frances Nzekwue, Ziphozihle Ntlakaza","5 June, 2026",Reminder Sent,https://docs.google.com/spreadsheets/d/1w0jqjlb9vUL_Lb7NHP45wKJcnWeX_D_--e6xf_W6ypc/edit,7/15/2026,Tier 2
Africa,Senegal,Remote Solutions Africa,David,Backup Vendor,Local EOR ,"USD 420 - 520
Reimbursement Fee: 5% of amount",USD 0 - 400,1 month,N/A,7.5 % of the service fee,,USD 250,N/A,N/A,N/A,7.5 % of the service fee,,RSA,Uses Vendor,Established Contact,moses.a@remotesolutionsafrica.com,Moses,"5 June, 2026",Reminder Sent,https://docs.google.com/spreadsheets/d/1-0VoGr6iIfXVV0l8SqaHo0p-ZCELZEMJiFpvK7R1zmQ/edit,7/15/2026,
Africa,Senegal,Remote Solutions Africa,David,Backup Vendor,Expat EOR,"USD 470 - 570
Reimbursement Fee: 5% of amount",USD 0 - 400,1 month,N/A,7.5 % of the service fee,,USD 300,N/A,N/A,N/A,7.5 % of the service fee,We don't charge deposit as long as we receive the invoice payment on the 20th of each month//Reimbursement Fee: 4% of the total reimbursement //  20 USD bank transfer fee,RSA,Uses Vendor,Established Contact,moses.a@remotesolutionsafrica.com,Moses,"5 June, 2026",Reminder Sent,https://docs.google.com/spreadsheets/d/1-0VoGr6iIfXVV0l8SqaHo0p-ZCELZEMJiFpvK7R1zmQ/edit,7/15/2026,
Africa,Senegal,Horizons ,David,Backup Vendor,Local EOR ,,,,,,,USD 399,N/A,1 month,N/A,N/A,,HRZ,Uses Vendor,Established Contact,echo.li@joinhorizons.com,Echo Li,"5 June, 2026",Reminder Sent,https://docs.google.com/spreadsheets/d/10bk8I5ARIdOhETpt_8e5lTYq61dqCD5HM9903xPywTM/edit,7/15/2026,
Europe,Serbia,Bradford Jacobs,Jasmine,,Local EOR ,,,,,,,EUR 500,EUR 500,1 month,N/A,,"• Use TopSource as vendor, but pricing is partner pricing, so will get lower quotation than from TopSource directly",BFJ,Uses Vendor,,k.nolan@bradfordjacobs.com,Kelly Nolan,"5 June, 2026",Reminder Sent,https://docs.google.com/spreadsheets/d/1qcQBw7034L9B0NSXOC38XkMU1wg2eROqWYyMtiobk-M/edit,7/15/2026,
Europe,Serbia,Enterprise Workforce Solutions,David,,Local EOR ,,,,,,,EUR 450,N/A,N/A,N/A,N/A,,,Direct Entity,,omar@ews-limited.com,Tony Smith,"5 June, 2026",Reminder Sent,https://docs.google.com/spreadsheets/d/18SBM1yJ907dNTN114MJrnoU4yBfBiKkT3I8HzL4dldo/edit,7/15/2026,
Europe,Serbia,Remote,David,Preferred Vendor,Local EOR ,USD 450 - 550,USD 0 - 250,1 month,"Involuntary Termination: USD 500 (termination initiated by client, not by resignation or natural contract expiration)",N/A,"• USD 200 right-to-work check mandatory for all expats (even self-sponsored)
• USD 500 immigration assessment fee for visa sponsorship feasibility check",USD 300,USD 80 (wet-signing fee),N/A,Involuntary Termination: USD 350,N/A,"• USD 120 right-to-work check mandatory for all expats (even self-sponsored)
• USD 400 immigration assessment fee for visa sponsorship feasibility check",RMT,Direct Entity,Signed MSA,"jasmine.chang@remote.com ,aisha.saeed@remote.com, ena.hazrolaj@remote.com","Jasmine Chang (Customer Success Manager), Aisha Saeed, Ena Hazrolaj  (Account Manager)","31 December, 2026",Pricing in Contract,,,
Europe,Serbia,Native Teams,Jasmine,Poor Quality Vendor,Local EOR ,,,,,,,"• EUR 79 up to €1,500 processed per month
• EUR 129 up to €5,500 processed per month
• EUR 219 over €5,500 processed per month",N/A,N/A,N/A,N/A,• Provides visa sponsorship,NTV,Direct Entity,Signed MSA,deren@nteams.com,Deren Kankurt,"31 December, 2026",Pricing in Contract,,,Tier 2
Europe,Serbia,Native Teams,Jasmine,Poor Quality Vendor,Expat EOR,,,,,,,"• EUR 179 up to €1,500 processed per month
• EUR 229 up to €5,500 processed per month
• EUR 319 over €5,500 processed per month",N/A,N/A,N/A,N/A,,NTV,Direct Entity,Signed MSA,deren@nteams.com,Deren Kankurt,"31 December, 2026",Pricing in Contract,,,Tier 2
Europe,Serbia,Enterprise Workforce Solutions,David,Preferred Vendor,Local EOR ,USD 525 - 625,USD 0 - 250 ,1 month,N/A,N/A,,USD 375,N/A,N/A,N/A,,,"
EWS",Direct Entity,Established Contact,omar@ews-limited.com,Omar Hassan ,"5 June, 2026",Reminder Sent,https://docs.google.com/spreadsheets/d/18SBM1yJ907dNTN114MJrnoU4yBfBiKkT3I8HzL4dldo/edit,7/15/2026,
Europe,Serbia,Enterprise Workforce Solutions,David,Preferred Vendor,Expat EOR,USD 600 - 700,USD 0 - 500 ,1 month,N/A,N/A,,USD 450,N/A,N/A,N/A,,,"
EWS",Direct Entity,Established Contact,omar@ews-limited.com,Omar Hassan ,"5 June, 2026",Reminder Sent,https://docs.google.com/spreadsheets/d/18SBM1yJ907dNTN114MJrnoU4yBfBiKkT3I8HzL4dldo/edit,7/15/2026,
Europe,Serbia,Horizons ,David,Backup Vendor,Local EOR ,,,,,,,USD 399,,,,,,HRZ,Uses Vendor,Established Contact,echo.li@joinhorizons.com,Echo Li,"5 June, 2026",Reminder Sent,https://docs.google.com/spreadsheets/d/10bk8I5ARIdOhETpt_8e5lTYq61dqCD5HM9903xPywTM/edit,7/15/2026,
Europe,Serbia,Horizons ,David,Backup Vendor,Expat EOR,,,,,,,USD 549,,,,,,HRZ,Uses Vendor,Established Contact,echo.li@joinhorizons.com,Echo Li,"5 June, 2026",Reminder Sent,https://docs.google.com/spreadsheets/d/10bk8I5ARIdOhETpt_8e5lTYq61dqCD5HM9903xPywTM/edit,7/15/2026,
Europe,Serbia,alt-HQ,David,Backup Vendor,Local EOR ,,,,,,,"• 8% of total payroll turnover for salary up to EUR 4,000
• 5% of total payroll turnover for salary higher than EUR 4,000",EUR 300,1 month invoice,EUR 150,N/A,"• Partner provides immigration solutions
• Social contribution rate is same for local and expat",,Direct Entity,,info@alt-hq.com,alt-HQ,"5 June, 2026",Reminder Sent,https://docs.google.com/spreadsheets/d/1tibIVmp4AaD6TlSEeC4ISQcbi2r1XjTjVSkBJoVClp0/edit,7/15/2026,
Africa,Serbia,NH Consulting,David,Preferred Vendor,Local EOR,USD 700 - 800,USD 0 - equivalent of service fee,1 month salary,N/A,,,USD 550 + 2% on invoice + Reimbursement Fee: 5% on costs,N/A,1 month,EUR 150 ,20% of total invoice,,,Direct Entity,Established Contact,anna.obraz@nh-logistics.com,Anna Obraz ,"30 December, 2026",Active,https://docs.google.com/spreadsheets/d/1tMKLXxYn-nSYNrrh2MFNEQxds94ebQEgT0sl92_Ix-0/edit,6/4/2026,
Africa,Serbia,NH Consulting,David,Backup Vendor,Expat EOR,USD 700 - 800,USD 0 - equivalent of service fee,1 month,N/A,,,USD 550 + 2% on invoice + Reimbursement Fee: 5% on costs,N/A,1 month,EUR 150 ,20% of total invoice,We don't charge deposit as long as we receive the invoice payment on the 20th of each month//Reimbursement Fee: 4% of the total reimbursement //  20 USD bank transfer fee,RSA,Direct Entity,Established Contact,anna.obraz@nh-logistics.com,Anna Obraz ,"30 December, 2026",Active,https://docs.google.com/spreadsheets/d/1tMKLXxYn-nSYNrrh2MFNEQxds94ebQEgT0sl92_Ix-0/edit,6/4/2026,
Africa,Sierra Leone,Workforce Africa,David,Backup Vendor,Local EOR ,,,,,,,USD 400,USD 200,N/A,USD 200,15% on service fee,12/23/2025,WFA,Uses Vendor,Signed MSA,justina.gabriel@workforcegroup.com,Justina Gabriel,"5 June, 2026",Reminder Sent,https://docs.google.com/spreadsheets/d/13pdolFV6P_EBVi5xsPKvdXzW76jB60buVkpZYMEoxJk/edit,7/15/2026,
Africa,Sierra Leone,Workforce Africa,David,Backup Vendor,Expat EOR,,,,,,,USD 600,USD 200,N/A,USD 200,15% on service fee,12/23/2025,WFA,Uses Vendor,Signed MSA,justina.gabriel@workforcegroup.com,Justina Gabriel,"5 June, 2026",Reminder Sent,https://docs.google.com/spreadsheets/d/13pdolFV6P_EBVi5xsPKvdXzW76jB60buVkpZYMEoxJk/edit,7/15/2026,
Africa,Sierra Leone,Workpay,David,Backup Vendor,Local EOR ,,,,,,,USD 320,N/A,1 month Salary ,N/A,,,WKP,Direct Entity,Established Contact," fn@myworkpay.com,
 zn@myworkpay.com","Frances Nzekwue, Ziphozihle Ntlakaza","5 June, 2026",Reminder Sent,https://docs.google.com/spreadsheets/d/1w0jqjlb9vUL_Lb7NHP45wKJcnWeX_D_--e6xf_W6ypc/edit,7/15/2026,Tier 2
Africa,Sierra Leone,Workpay,David,Backup Vendor,Expat EOR,,,,,,,USD 320,N/A,1 month Salary ,N/A,,,WKP,Direct Entity,Established Contact," fn@myworkpay.com,
 zn@myworkpay.com","Frances Nzekwue, Ziphozihle Ntlakaza","5 June, 2026",Reminder Sent,https://docs.google.com/spreadsheets/d/1w0jqjlb9vUL_Lb7NHP45wKJcnWeX_D_--e6xf_W6ypc/edit,7/15/2026,Tier 2
Africa,Sierra Leone,Kharis Global Group ,David,Backup Vendor,Local EOR ,,,,,,,USD 200,N/A,N/A,,,,,Direct Entity,Established Contact,selorm@kharisglobalgroup.com,Eugene Selorm Akorli,"25 June, 2026",Vendor Responded,https://docs.google.com/spreadsheets/d/1bnCL389hf2xzwdLuTbd5E0JRdpjLqBVucpy7USIqz2I/edit,7/12/2026,
Africa,Sierra Leone,Kharis Global Group ,David,Backup Vendor,Expat EOR,,,,,,,USD 250,N/A,N/A,,,,,Direct Entity,Established Contact,selorm@kharisglobalgroup.com,Eugene Selorm Akorli,"25 June, 2026",Vendor Responded,https://docs.google.com/spreadsheets/d/1bnCL389hf2xzwdLuTbd5E0JRdpjLqBVucpy7USIqz2I/edit,7/12/2026,
Africa,Sierra Leone,Remote Solutions Africa ,David,Preferred Vendor,Local EOR ,"USD 420 - 520
Reimbursement Fee: 5% of amount",USD 0 - 400,1 month,N/A,7.5 % of the service fee,,USD 250,N/A,N/A,N/A,7.5 % of the service fee,,RSA,Uses Vendor,Established Contact,moses.a@remotesolutionsafrica.com,Moses,"5 June, 2026",Reminder Sent,https://docs.google.com/spreadsheets/d/1-0VoGr6iIfXVV0l8SqaHo0p-ZCELZEMJiFpvK7R1zmQ/edit,7/15/2026,
Africa,Sierra Leone,Remote Solutions Africa ,David,Preferred Vendor,Expat EOR,"USD 470 - 570
Reimbursement Fee: 5% of amount",USD 0 - 400,1 month,N/A,7.5 % of the service fee,,USD 300,N/A,N/A,N/A,7.5 % of the service fee,We don't charge deposit as long as we receive the invoice payment on the 20th of each month//Reimbursement Fee: 4% of the total reimbursement //  20 USD bank transfer fee,RSA,Uses Vendor,Established Contact,moses.a@remotesolutionsafrica.com,Moses,"5 June, 2026",Reminder Sent,https://docs.google.com/spreadsheets/d/1-0VoGr6iIfXVV0l8SqaHo0p-ZCELZEMJiFpvK7R1zmQ/edit,7/15/2026,
Asia,Singapore,Rivermate,David,Backup Vendor,Local EOR ,,,,,,,USD 350,Waived,1 month,"Waived for placements over 6 months, or 1 month service fee for placements under 6 months",8% on service fee,12/23/2025,EOS,Direct Entity,Signed MSA,tim.denney@eosglobalexpansion.com,Tim Denney,"31 December, 2026",Active,,,Tier 2
Asia,Singapore,Rivermate,David,Backup Vendor,Expat EOR,,,,,,,"USD 1,150",USD 500,1 month,"Waived for placements over 6 months, or 1 month service fee for placements under 6 months",8% on service fee,12/23/2025,EOS,Direct Entity,Cannot offer service due to compliance reasons,tim.denney@eosglobalexpansion.com,Tim Denney,"31 December, 2026",Active,,,Tier 2
Asia,Singapore,Tarmack,David,,Local EOR ,,,,,,,"• USD199 (1 to 5) 
• USD 179 (6 to 10) 
• USD 159 (11+)",TBC,TBC,TBC,TBC,,,,,"manish.j@tarmack.com,
ashish.sidhu@tarmack.com",Manish Jajodia,"4 June, 2027",Active,https://docs.google.com/spreadsheets/d/1XNZNgANvT6LbL8gQ2Lle69EDiIqrEXD1dDB_M3qf-bQ/edit,"June 10, 2026",
Asia,Singapore,Remote,David,Backup Vendor,Local EOR ,,,,,,,USD 300,N/A,N/A,Involuntary Termination: USD 350,N/A,12/23/2025,RMT,Direct Entity,Signed MSA,"jasmine.chang@remote.com ,aisha.saeed@remote.com, ena.hazrolaj@remote.com","Jasmine Chang (Customer Success Manager), Aisha Saeed, Ena Hazrolaj  (Account Manager)","31 December, 2026",Pricing in Contract,,,
Asia,Singapore,Horizons,David,Backup Vendor,Local EOR ,,,,,,,USD 199,N/A,1 month,N/A,N/A,,HRZ,Direct Entity,Established Contact,echo.li@joinhorizons.com,Echo Li,"5 June, 2026",Reminder Sent,https://docs.google.com/spreadsheets/d/10bk8I5ARIdOhETpt_8e5lTYq61dqCD5HM9903xPywTM/edit,"July 15, 2026",
Asia,Singapore,Horizons,David,Backup Vendor,Expat EOR,,,,,,,Locked per law ,N/A,1 month,N/A,"for expatriates, VAT may apply depending on the local regulations.",12/23/2025,HRZ,Direct Entity,Cannot offer service due to compliance reasons,echo.li@joinhorizons.com,Echo Li,"5 June, 2026",Reminder Sent,https://docs.google.com/spreadsheets/d/10bk8I5ARIdOhETpt_8e5lTYq61dqCD5HM9903xPywTM/edit,"July 15, 2026",
Asia,Singapore,Procloz,David,,Expat EOR,,,,,,,USD 550,N/A,1 month,N/A,N/A,12/23/2025,PRO,Direct Entity,Cannot offer service due to compliance reasons,"sbudhraja@procloz.com, dtaneja@procloz.com, nsharma@procloz.com, awasal@procloz.com","Shreya Budhraja 
Damanpreet Singh Taneja 
Niraj Kumar Sharma 
Amandeep Singh Wasal ","5 June, 2026",Active,https://docs.google.com/spreadsheets/d/1pN7P6qmfF-FIAycPc_mCWE2ivBba3CWGXVLQWMkTEmE/edit,6/4/2026,
Europe,Slovakia,Bradford Jacobs,Jasmine,,Local EOR ,,,,,,,EUR 500,EUR 500,1 month,N/A,,"• Use TopSource as vendor, but pricing is partner pricing, so will get lower quotation than from TopSource directly",BFJ,Uses Vendor,,k.nolan@bradfordjacobs.com,Kelly Nolan,"5 June, 2026",Reminder Sent,https://docs.google.com/spreadsheets/d/1qcQBw7034L9B0NSXOC38XkMU1wg2eROqWYyMtiobk-M/edit,7/15/2026,
Europe,Slovakia,Acvian,David,Backup Vendor,Local EOR ,,,,,,,"• EUR 375
• 6% on bonus and reimbursement",N/A,1 month invoice,N/A,N/A,"• Off-cycle payment out of payroll run - EUR 150.00 per transaction
• Partner can support visa sponsorship",ACV,Direct Entity,Signed MSA,a.zakharov@acvian.com,Anthony Zakharov,"4 June, 2027",Active,https://docs.google.com/spreadsheets/d/1FnxuLNnvsNjtofU3yPF8sbdGZUKI7vIGO_aid6WGQCM/edit,6/4/2026,Tier 2
Europe,Slovakia,Acvian,David,Backup Vendor,Expat EOR,,,,,,,"• EUR 375
• 6% on bonus and reimbursement",N/A,1 month invoice,N/A,N/A,"• Off-cycle payment out of payroll run - EUR 150.00 per transaction
• Partner can support visa sponsorship",ACV,Direct Entity,Signed MSA,a.zakharov@acvian.com,Anthony Zakharov,"4 June, 2027",Active,https://docs.google.com/spreadsheets/d/1FnxuLNnvsNjtofU3yPF8sbdGZUKI7vIGO_aid6WGQCM/edit,6/4/2026,Tier 2
Europe,Slovakia,Remote,David,Preferred Vendor,Local EOR ,USD 450 - 550,USD 0 - 250,1 month,"Involuntary Termination: USD 500 (termination initiated by client, not by resignation or natural contract expiration)",N/A,"• USD 200 right-to-work check mandatory for all expats (even self-sponsored)
• USD 500 immigration assessment fee for visa sponsorship feasibility check",USD 300,N/A,N/A,Involuntary Termination: USD 350,N/A,"• USD 120 right-to-work check mandatory for all expats (even self-sponsored)
• USD 400 immigration assessment fee for visa sponsorship feasibility check",RMT,Direct Entity,Signed MSA,"jasmine.chang@remote.com ,aisha.saeed@remote.com, ena.hazrolaj@remote.com","Jasmine Chang (Customer Success Manager), Aisha Saeed, Ena Hazrolaj  (Account Manager)","31 December, 2026",Pricing in Contract,,,
Europe,Slovakia,Native Teams,Jasmine,Poor Quality Vendor,Local EOR ,,,,,,,"• EUR 79 up to €1,500 processed per month
• EUR 129 up to €5,500 processed per month
• EUR 219 over €5,500 processed per month",N/A,N/A,N/A,N/A,,NTV,Direct Entity,Signed MSA,deren@nteams.com,Deren Kankurt,"31 December, 2026",Pricing in Contract,,,Tier 2
Europe,Slovakia,Enterprise Workforce Solutions,David,Preferred Vendor,Local EOR ,USD 525 - 625,USD 0 - 250 ,1 month,N/A,N/A,,USD 375,N/A,N/A,N/A,,,"
EWS",Direct Entity,Established Contact,omar@ews-limited.com,Omar Hassan ,"5 June, 2026",Reminder Sent,https://docs.google.com/spreadsheets/d/18SBM1yJ907dNTN114MJrnoU4yBfBiKkT3I8HzL4dldo/edit,7/15/2026,
Europe,Slovakia,Enterprise Workforce Solutions,David,Preferred Vendor,Expat EOR,USD 600 - 700,USD 0 - 500 ,1 month,N/A,N/A,,USD 450,N/A,N/A,N/A,,,"
EWS",Direct Entity,Established Contact,omar@ews-limited.com,Omar Hassan ,"5 June, 2026",Reminder Sent,https://docs.google.com/spreadsheets/d/18SBM1yJ907dNTN114MJrnoU4yBfBiKkT3I8HzL4dldo/edit,7/15/2026,
Europe,Slovakia,Horizons ,David,Backup Vendor,Local EOR ,,,,,,,USD 399,N/A,1 month,N/A,N/A,,HRZ,Uses Vendor,Established Contact,echo.li@joinhorizons.com,Echo Li,"5 June, 2026",Reminder Sent,https://docs.google.com/spreadsheets/d/10bk8I5ARIdOhETpt_8e5lTYq61dqCD5HM9903xPywTM/edit,7/15/2026,
Europe,Slovakia,Synergie,David,,Local EOR ,,,,,,,9%,"• EU foreigner - EUR 100 / CZK 3,000
• Non-EU foreigner - EUR 1,200 / CZK 35,000 + government fees and translations",,N/A,No,,,Direct Entity,,pavlisko@synergie.sk,Jaroslav Pavlisko,"5 June, 2026",Inactive,https://docs.google.com/spreadsheets/d/1J_vew8AbHlnAiAi8Qngy2IqA55_FGVPddMgko5QeJ2I/edit,"June 17, 2026",Tier 0
Europe,Slovenia,Bradford Jacobs,Jasmine,,Local EOR ,,,,,,,EUR 500,EUR 500,1 month,N/A,,"• Use TopSource as vendor, but pricing is partner pricing, so will get lower quotation than from TopSource directly",BFJ,Uses Vendor,,k.nolan@bradfordjacobs.com,Kelly Nolan,"5 June, 2026",Reminder Sent,https://docs.google.com/spreadsheets/d/1qcQBw7034L9B0NSXOC38XkMU1wg2eROqWYyMtiobk-M/edit,7/15/2026,
Europe,Slovenia,Remote,David,Preferred Vendor,Local EOR ,USD 450 - 550,USD 0 - 250,1 month,"Involuntary Termination: USD 500 (termination initiated by client, not by resignation or natural contract expiration)",N/A,"• USD 200 right-to-work check mandatory for all expats (even self-sponsored)
• USD 500 immigration assessment fee for visa sponsorship feasibility check",USD 300,N/A,N/A,Involuntary Termination: USD 350,N/A,"• USD 120 right-to-work check mandatory for all expats (even self-sponsored)
• USD 400 immigration assessment fee for visa sponsorship feasibility check",RMT,Direct Entity,Signed MSA,"jasmine.chang@remote.com ,aisha.saeed@remote.com, ena.hazrolaj@remote.com","Jasmine Chang (Customer Success Manager), Aisha Saeed, Ena Hazrolaj  (Account Manager)","31 December, 2026",Pricing in Contract,,,
Europe,Slovenia,Horizons ,David,Backup Vendor,Local EOR ,,,,,,,USD 399,N/A,1 month,N/A,N/A,,HRZ,Uses Vendor,Established Contact,echo.li@joinhorizons.com,Echo Li,"5 June, 2026",Reminder Sent,https://docs.google.com/spreadsheets/d/10bk8I5ARIdOhETpt_8e5lTYq61dqCD5HM9903xPywTM/edit,7/15/2026,
Europe,Slovenia,Enterprise Workforce Solutions,David,Preferred Vendor,Local EOR ,USD 525 - 625,USD 0 - 250 ,1 month,N/A,N/A,,USD 375,N/A,N/A,N/A,,,"
EWS",Direct Entity,Established Contact,omar@ews-limited.com,Omar Hassan ,"5 June, 2026",Reminder Sent,https://docs.google.com/spreadsheets/d/18SBM1yJ907dNTN114MJrnoU4yBfBiKkT3I8HzL4dldo/edit,7/15/2026,
Europe,Slovenia,Enterprise Workforce Solutions,David,Preferred Vendor,Expat EOR,USD 600 - 700,USD 0 - 500 ,1 month,N/A,N/A,,USD 450,N/A,N/A,N/A,,,"
EWS",Direct Entity,Established Contact,omar@ews-limited.com,Omar Hassan ,"5 June, 2026",Reminder Sent,https://docs.google.com/spreadsheets/d/18SBM1yJ907dNTN114MJrnoU4yBfBiKkT3I8HzL4dldo/edit,7/15/2026,
Europe,Slovenia,Native Teams,Jasmine,Poor Quality Vendor,Local EOR ,,,,,,,"• EUR 79 up to €1,500 processed per month
• EUR 129 up to €5,500 processed per month
• EUR 219 over €5,500 processed per month",N/A,N/A,N/A,N/A,• Provides visa sponsorship,NTV,Direct Entity,Signed MSA,deren@nteams.com,Deren Kankurt,"31 December, 2026",Pricing in Contract,,,Tier 2
Africa,Somalia,Workforce Africa,David,Preferred Vendor,Local EOR ,USD 550 - 650,USD 350 - equivalent of service fee,1 month salary,USD 350,7.5% on service fee,,USD 400,USD 200,N/A,USD 200,7.5% on service fee,"• Pricing valid until December 31st, 2025",WFA,Uses Vendor,Signed MSA,justina.gabriel@workforcegroup.com,Justina Gabriel,"5 June, 2026",Reminder Sent,https://docs.google.com/spreadsheets/d/13pdolFV6P_EBVi5xsPKvdXzW76jB60buVkpZYMEoxJk/edit,"July 15, 2026",
Africa,Somalia,Workforce Africa,David,Preferred Vendor,Expat EOR,USD 600 - 700,USD 350 - equivalent of service fee,1 month salary,USD 350,7.5% on service fee,,USD 450,USD 200,N/A,USD 200,7.5% on service fee,"• Pricing valid until December 31st, 2025",WFA,Uses Vendor,Signed MSA,justina.gabriel@workforcegroup.com,Justina Gabriel,"5 June, 2026",Reminder Sent,https://docs.google.com/spreadsheets/d/13pdolFV6P_EBVi5xsPKvdXzW76jB60buVkpZYMEoxJk/edit,"July 15, 2026",
Africa,Somalia,Workpay,David,Backup Vendor,Local EOR ,USD 470 - 570,USD 0 - equivalent of service fee,1 month salary,N/A,TBC,,USD 520,N/A,1 month Salary ,N/A,,,WKP,Uses Vendor,Established Contact," fn@myworkpay.com,
 zn@myworkpay.com","Frances Nzekwue, Ziphozihle Ntlakaza","5 June, 2026",Reminder Sent,https://docs.google.com/spreadsheets/d/1w0jqjlb9vUL_Lb7NHP45wKJcnWeX_D_--e6xf_W6ypc/edit,"July 15, 2026",Tier 2
Africa,Somalia,Workpay,David,Backup Vendor,Expat EOR,USD 470 - 570,USD 0 - equivalent of service fee,1 month salary,N/A,TBC,,USD 520,N/A,1 month Salary ,N/A,,,WKP,Uses Vendor,Established Contact," fn@myworkpay.com,
 zn@myworkpay.com","Frances Nzekwue, Ziphozihle Ntlakaza","5 June, 2026",Reminder Sent,https://docs.google.com/spreadsheets/d/1w0jqjlb9vUL_Lb7NHP45wKJcnWeX_D_--e6xf_W6ypc/edit,"July 15, 2026",Tier 2
Africa,South Africa,Bradford Jacobs,Jasmine,,Local EOR ,,,,,,,EUR 500,EUR 500,1 month,N/A,,"• Use TopSource as vendor, but pricing is partner pricing, so will get lower quotation than from TopSource directly",BFJ,Uses Vendor,,k.nolan@bradfordjacobs.com,Kelly Nolan,"5 June, 2026",Reminder Sent,https://docs.google.com/spreadsheets/d/1qcQBw7034L9B0NSXOC38XkMU1wg2eROqWYyMtiobk-M/edit,7/15/2026,
Africa,South Africa,Workforce Africa,David,,Local EOR ,,,,,,,USD 400,USD 200,N/A,USD 200,7.5% on service fee,"• Pricing valid until December 31st, 2077",WFA,Uses Vendor,Signed MSA,justina.gabriel@workforcegroup.com,Justina Gabriel,"5 June, 2026",Reminder Sent,https://docs.google.com/spreadsheets/d/13pdolFV6P_EBVi5xsPKvdXzW76jB60buVkpZYMEoxJk/edit,"July 15, 2026",
Africa,South Africa,Workforce Africa,David,,Expat EOR,,,,,,,USD 450,USD 200,N/A,USD 200,7.5% on service fee,"• Pricing valid until December 31st, 2078",WFA,Uses Vendor,Signed MSA,justina.gabriel@workforcegroup.com,Justina Gabriel,"5 June, 2026",Reminder Sent,https://docs.google.com/spreadsheets/d/13pdolFV6P_EBVi5xsPKvdXzW76jB60buVkpZYMEoxJk/edit,"July 15, 2026",
Africa,South Africa,DNA HR & Payroll Visionaries,David,,Local EOR ,,,,,,,8%,N/A,,N/A,Not if pay from Singapore,,,Direct Entity,,annelie@dnaoutsourcing.com,Annelie Visser,"5 June, 2026",Reminder Sent,https://docs.google.com/spreadsheets/d/1qKxW2TWkgbOhv6uAcFA5SL21U5QkPKiWRmfdJGINZhM/edit,"July 15, 2026",
Africa,South Africa,Trans Skills,David,,Local EOR ,,,,,,,"EUR 235
• 1.5% on bonus and reimbursement",EUR 235,2 months,N/A,N/A,"if headcount is above 10, service fee can be discounted ",TRS,Direct Entity,,charles.dawson@transskills.com,Charles Dawson,"5 June, 2026",Reminder Sent,https://docs.google.com/spreadsheets/d/1_xVbd68M01bbEusv8LOtQ7njrINL43C5x7I3Feg-7Eg/edit,"July 15, 2026",
Africa,South Africa,Trans Skills,David,,Expat EOR,,,,,,,"EUR 375
• 1.5% on bonus and reimbursement",EUR 375,2 months,N/A,N/A,"if headcount is above 10, service fee can be discounted ",TRS,Direct Entity,,charles.dawson@transskills.com,Charles Dawson,"5 June, 2026",Reminder Sent,https://docs.google.com/spreadsheets/d/1_xVbd68M01bbEusv8LOtQ7njrINL43C5x7I3Feg-7Eg/edit,"July 15, 2026",
Africa,South Africa,Remote,David,Preferred Vendor,Local EOR ,USD 450 - 550,USD 0 - 250,1 month,"Involuntary Termination: USD 500 (termination initiated by client, not by resignation or natural contract expiration)",N/A,"• USD 200 right-to-work check mandatory for all expats (even self-sponsored)
• USD 500 immigration assessment fee for visa sponsorship feasibility check",USD 300,N/A,N/A,Involuntary Termination: USD 350,N/A,"• USD 120 right-to-work check mandatory for all expats (even self-sponsored)
• USD 400 immigration assessment fee for visa sponsorship feasibility check",RMT,Direct Entity,Signed MSA,"jasmine.chang@remote.com ,aisha.saeed@remote.com, ena.hazrolaj@remote.com","Jasmine Chang (Customer Success Manager), Aisha Saeed, Ena Hazrolaj  (Account Manager)","31 December, 2026",Pricing in Contract,,,
Africa,South Africa,Enterprise Workforce Solutions,David,Backup Vendor,Local EOR ,,,,,,,USD 375,N/A,N/A,N/A,,,"
EWS",Direct Entity,Established Contact,omar@ews-limited.com,Omar Hassan ,"5 June, 2026",Reminder Sent,https://docs.google.com/spreadsheets/d/18SBM1yJ907dNTN114MJrnoU4yBfBiKkT3I8HzL4dldo/edit,"July 15, 2026",
Africa,South Africa,Enterprise Workforce Solutions,David,Backup Vendor,Expat EOR,,,,,,,USD 650,N/A,N/A,N/A,,,"
EWS",Direct Entity,Established Contact,omar@ews-limited.com,Omar Hassan ,"5 June, 2026",Reminder Sent,https://docs.google.com/spreadsheets/d/18SBM1yJ907dNTN114MJrnoU4yBfBiKkT3I8HzL4dldo/edit,"July 15, 2026",
Africa,South Africa,Remote Solutions Africa ,David,Backup Vendor,Local EOR ,"USD 420 - 520
Reimbursement Fee: 5% of amount",USD 0 - 400,1 month,N/A,7.5 % of the service fee,,USD 250,N/A,N/A,N/A,7.5 % of the service fee,,RSA,Uses Vendor,Established Contact,moses.a@remotesolutionsafrica.com,Moses,"5 June, 2026",Reminder Sent,https://docs.google.com/spreadsheets/d/1-0VoGr6iIfXVV0l8SqaHo0p-ZCELZEMJiFpvK7R1zmQ/edit,"July 15, 2026",
Africa,South Africa,Remote Solutions Africa ,David,Backup Vendor,Expat EOR,"USD 470 - 570
Reimbursement Fee: 5% of amount",USD 0 - 400,1 month,N/A,7.5 % of the service fee,,USD 300,N/A,N/A,N/A,7.5 % of the service fee,,RSA,Uses Vendor,Established Contact,moses.a@remotesolutionsafrica.com,Moses,"5 June, 2026",Reminder Sent,https://docs.google.com/spreadsheets/d/1-0VoGr6iIfXVV0l8SqaHo0p-ZCELZEMJiFpvK7R1zmQ/edit,"July 15, 2026",
Africa,South Africa,Workpay,David,Preferred Vendor,Local EOR ,USD 470 - 570,USD 0 - equivalent of service fee,1 month salary,N/A,TBC,,USD 320,N/A,1 month Salary ,N/A,,,WKP,Direct Entity,Established Contact," fn@myworkpay.com,
 zn@myworkpay.com","Frances Nzekwue, Ziphozihle Ntlakaza","5 June, 2026",Reminder Sent,https://docs.google.com/spreadsheets/d/1w0jqjlb9vUL_Lb7NHP45wKJcnWeX_D_--e6xf_W6ypc/edit,"July 15, 2026",Tier 2
Africa,South Africa,Workpay,David,Preferred Vendor,Expat EOR,USD 470 - 570,USD 0 - equivalent of service fee,1 month salary,N/A,TBC,,USD 320,N/A,1 month Salary ,N/A,,,WKP,Direct Entity,Established Contact," fn@myworkpay.com,
 zn@myworkpay.com","Frances Nzekwue, Ziphozihle Ntlakaza","5 June, 2026",Reminder Sent,https://docs.google.com/spreadsheets/d/1w0jqjlb9vUL_Lb7NHP45wKJcnWeX_D_--e6xf_W6ypc/edit,"July 15, 2026",Tier 2
Africa,South Africa,Horizons,David,Backup Vendor,Local EOR ,,,,,,,USD 299,N/A,1 month,N/A,N/A,,HRZ,Direct Entity,Established Contact,echo.li@joinhorizons.com,Echo Li,"5 June, 2026",Reminder Sent,https://docs.google.com/spreadsheets/d/10bk8I5ARIdOhETpt_8e5lTYq61dqCD5HM9903xPywTM/edit,"July 15, 2026",
Africa,South Africa,Horizons,David,Backup Vendor,Expat EOR,,,,,,,USD 499,N/A,1 month,N/A,"for expatriates, VAT may apply depending on the local regulations.",,HRZ,Direct Entity,Established Contact,echo.li@joinhorizons.com,Echo Li,"5 June, 2026",Reminder Sent,https://docs.google.com/spreadsheets/d/10bk8I5ARIdOhETpt_8e5lTYq61dqCD5HM9903xPywTM/edit,"July 15, 2026",
Africa,South Africa,Native Teams,Jasmine,Poor Quality Vendor,Local EOR ,,,,,,,"• EUR 79 up to €1,500 processed per month
• EUR 129 up to €5,500 processed per month
• EUR 219 over €5,500 processed per month",N/A,N/A,N/A,N/A,,NTV,Direct Entity,Signed MSA,deren@nteams.com,Deren Kankurt,"31 December, 2026",Pricing in Contract,,,Tier 2
Africa,South Africa,Employ Africa Group,David,,Local EOR ,,,,,,,USD 250,N/A,N/A,N/A,15% on TEC,"• Have direct entity in Mozambique, Côte d’Ivoire, Tunisia, Kenya, Chad, Angola",EAG,Direct Entity,,janine@employ-africa.com,Janine Shortt,"5 June, 2026",Reminder Sent,https://docs.google.com/spreadsheets/d/1Z7MO5hB6JgipuF2kMmiD6wjXSUefToPnO34cHZd3bxM/edit,"July 15, 2026",
Africa,South Africa,Africa HR Solutions,David,Backup Vendor,Local EOR ,,,,,,,USD 350,USD 350 ,1 month,USD 90/EE,,third-party expenses and disbursements are charged by Africa HR Solutions at cost + 10%.,,Direct Entity,Established Contact,ggeraghty@africa-hr.com,Grant Geraghty,"5 June, 2026",Active,https://docs.google.com/spreadsheets/d/16l8VyrJGEBOUb3_o77qAv4YEy0q7AgTQuRDgskl7-3Y/edit,"June 17, 2026",
Asia,South Korea,Bradford Jacobs,Jasmine,,Local EOR ,,,,,,,EUR 500,EUR 500,1 month,N/A,,"• Use TopSource as vendor, but pricing is partner pricing, so will get lower quotation than from TopSource directly",BFJ,Uses Vendor,,k.nolan@bradfordjacobs.com,Kelly Nolan,"5 June, 2026",Reminder Sent,https://docs.google.com/spreadsheets/d/1qcQBw7034L9B0NSXOC38XkMU1wg2eROqWYyMtiobk-M/edit,7/15/2026,
Asia,South Korea,Azure Global,David,,Local EOR ,,,,,,,"• USD 525 - salary up tp USD 5,000 / pax
• USD 729 - salary up to USD 8,000 / pax
• USD 1,300 - salary higher than USD 8,000 / pax",N/A,1 month,N/A,,,AZR,Unknown,,Ian@azureglobal.com,Ian Campbell,"5 June, 2026",Reminder Sent,https://docs.google.com/spreadsheets/d/15NFhmwxb0MYodBdJq1TTiYfRMYW1y5Itge202TLAZEo/edit,"July 15, 2026",
Asia,South Korea,Global HR Korea,Jasmine,Poor Quality Vendor,Local EOR ,,,,,,,"EOR: KRW 500,000
Reimbursement: KRW 50,000",N/A,N/A,N/A,,,GHRK,Direct Entity,Active,jxpark@globalhrkorea.net,James Park,"31 December, 2026",Active,,,
Asia,South Korea,Horizons ,David,Backup Vendor,Local EOR ,,,,,,,USD 299,N/A,1 month,N/A,N/A,,HRZ,Uses Vendor,Established Contact,echo.li@joinhorizons.com,Echo Li,"5 June, 2026",Reminder Sent,https://docs.google.com/spreadsheets/d/10bk8I5ARIdOhETpt_8e5lTYq61dqCD5HM9903xPywTM/edit,7/15/2026,
Asia,South Korea,Horizons ,David,Backup Vendor,Expat EOR,,,,,,,USD 499,N/A,1 month,N/A,"for expatriates, VAT may apply depending on the local regulations.",12/23/2025,HRZ,Uses Vendor,Cannot offer service due to compliance reasons,echo.li@joinhorizons.com,Echo Li,"5 June, 2026",Reminder Sent,https://docs.google.com/spreadsheets/d/10bk8I5ARIdOhETpt_8e5lTYq61dqCD5HM9903xPywTM/edit,7/15/2026,
Asia,South Korea,Worknetics,Jasmine,,Local EOR ,,,,,,,SGD 850,SGD 850,,,,,WKN,Uses Vendor,,garvin.chia@workneticsglobal.com,Garvin Chia,"5 June, 2026",Reminder Sent,https://docs.google.com/spreadsheets/d/1v8hqm0zO5cDgfVn00wIGynQiohce5uwmBwXgNFXVrGU/edit,"July 15, 2026",Tier 2
Asia,South Korea,Remote,David,Preferred Vendor,Local EOR ,USD 450 - 550,USD 0 - 250,1 month,"Involuntary Termination: USD 500 (termination initiated by client, not by resignation or natural contract expiration)",N/A,"• USD 200 right-to-work check mandatory for all expats (even self-sponsored)
• USD 500 immigration assessment fee for visa sponsorship feasibility check",USD 300,N/A,N/A,Involuntary Termination: USD 350,N/A,"• USD 120 right-to-work check mandatory for all expats (even self-sponsored)
• USD 400 immigration assessment fee for visa sponsorship feasibility check",RMT,Direct Entity,Signed MSA,"jasmine.chang@remote.com ,aisha.saeed@remote.com, ena.hazrolaj@remote.com","Jasmine Chang (Customer Success Manager), Aisha Saeed, Ena Hazrolaj  (Account Manager)","31 December, 2026",Pricing in Contract,,,
Asia,South Korea,Rivermate,David,Preferred Vendor,Local EOR ,USD 500 - 600,USD 0 - 250,1 month TEC,N/A,10% on all service fees,,USD 350,Waived,1 month TEC,"• Waived for placements more than 6 months
• One month service fee for placements under 6 months",10% on service fee only,,EOS,Direct Entity,Signed MSA,tim.denney@eosglobalexpansion.com,Tim Denney,"31 December, 2026",Active,,,Tier 2
Asia,South Korea,Rivermate,David,,Expat EOR,,,,,10% on all service fees,,"USD 1,400 (N/A as of Jan. 2024)",Waived,1 month TEC,"• Waived for placements more than 6 months
• One month service fee for placements under 6 months",10% on service fee only,,EOS,Direct Entity,Cannot offer service due to compliance reasons,tim.denney@eosglobalexpansion.com,Tim Denney,"31 December, 2026",Active,,,Tier 2
Africa,South Sudan,Workforce Africa,David,Preferred Vendor,Local EOR ,USD 600 - 700,USD 350 - equivalent of service fee,1 month salary,USD 350,18% on service fee,,USD 450,USD 200,N/A,USD 200,18% on service fee,"• Pricing valid until December 31st, 2025",WFA,Uses Vendor,Signed MSA,justina.gabriel@workforcegroup.com,Justina Gabriel,"5 June, 2026",Reminder Sent,https://docs.google.com/spreadsheets/d/13pdolFV6P_EBVi5xsPKvdXzW76jB60buVkpZYMEoxJk/edit,"July 15, 2026",
Africa,South Sudan,Workforce Africa,David,Preferred Vendor,Expat EOR,USD 700 - 800,USD 350 - equivalent of service fee,1 month salary,USD 350,18% on service fee,,USD 550,USD 200,N/A,USD 200,18% on service fee,"• Pricing valid until December 31st, 2025",WFA,Uses Vendor,Signed MSA,justina.gabriel@workforcegroup.com,Justina Gabriel,"5 June, 2026",Reminder Sent,https://docs.google.com/spreadsheets/d/13pdolFV6P_EBVi5xsPKvdXzW76jB60buVkpZYMEoxJk/edit,"July 15, 2026",
Europe,Spain,Bradford Jacobs,Jasmine,,Local EOR ,,,,,,,EUR 500,EUR 500,1 month,N/A,,"• Use TopSource as vendor, but pricing is partner pricing, so will get lower quotation than from TopSource directly",BFJ,Uses Vendor,,k.nolan@bradfordjacobs.com,Kelly Nolan,"5 June, 2026",Reminder Sent,https://docs.google.com/spreadsheets/d/1qcQBw7034L9B0NSXOC38XkMU1wg2eROqWYyMtiobk-M/edit,7/15/2026,
Europe,Spain,Native Teams,Jasmine,Poor Quality Vendor,Local EOR ,,,,,,,"• EUR 79 up to €1,500 processed per month
• EUR 129 up to €5,500 processed per month
• EUR 219 over €5,500 processed per month",N/A,N/A,N/A,N/A,• Provides visa sponsorship,NTV,Direct Entity,Signed MSA,deren@nteams.com,Deren Kankurt,"31 December, 2026",Pricing in Contract,,,Tier 2
Europe,Spain,Rivermate,David,Preferred Vendor,Local EOR ,,,,,,,"USD 250 

7% Service Fee on
• Insurance
• Expense Reimbursement

Out-of-cycle fee: USD 100",USD 100,1 month,N/A,,Bank Fee per Invoice: USD 85. 2.5% FX charge on Total Invoice ,SER,Direct Entity,,sally.chen@serviapgroup.com,Sally Chen,"31 December, 2026",Pricing in Contract,,,
Europe,Spain,Rivermate,David,Preferred Vendor,Expat EOR,,,,,,,"USD 550

7% Service Fee on
• Insurance
• Expense Reimbursement

Out-of-cycle fee: USD 100",USD 300,1 month,N/A,,Bank Fee per Invoice: USD 85. 2.5% FX charge on Total Invoice ,SER,Direct Entity,,sally.chen@serviapgroup.com,Sally Chen,"31 December, 2026",Pricing in Contract,,,
Europe,Spain,Enterprise Workforce Solutions,David,Preferred Vendor,Local EOR ,USD 525 - 625,USD 0 - 250 ,1 month,N/A,N/A,,USD 375,N/A,N/A,N/A,,,"
EWS",Direct Entity,Established Contact,omar@ews-limited.com,Omar Hassan ,"5 June, 2026",Reminder Sent,https://docs.google.com/spreadsheets/d/18SBM1yJ907dNTN114MJrnoU4yBfBiKkT3I8HzL4dldo/edit,"July 15, 2026",
Europe,Spain,Enterprise Workforce Solutions,David,Preferred Vendor,Expat EOR,USD 600 - 700,USD 0 - 500 ,1 month,N/A,N/A,,USD 450,N/A,N/A,N/A,,,"
EWS",Direct Entity,Established Contact,omar@ews-limited.com,Omar Hassan ,"5 June, 2026",Reminder Sent,https://docs.google.com/spreadsheets/d/18SBM1yJ907dNTN114MJrnoU4yBfBiKkT3I8HzL4dldo/edit,"July 15, 2026",
Europe,Spain,Remote,David,Preferred Vendor,Local EOR ,USD 450 - 550,USD 0 - 250,1 month,"Involuntary Termination: USD 500 (termination initiated by client, not by resignation or natural contract expiration)",N/A,"• USD 200 right-to-work check mandatory for all expats (even self-sponsored)
• USD 500 immigration assessment fee for visa sponsorship feasibility check",USD 300,N/A,N/A,Involuntary Termination: USD 350,N/A,"• USD 120 right-to-work check mandatory for all expats (even self-sponsored)
• USD 400 immigration assessment fee for visa sponsorship feasibility check",RMT,Direct Entity,Signed MSA,"jasmine.chang@remote.com ,aisha.saeed@remote.com, ena.hazrolaj@remote.com","Jasmine Chang (Customer Success Manager), Aisha Saeed, Ena Hazrolaj  (Account Manager)","31 December, 2026",Pricing in Contract,,,
Europe,Spain,Horizons,David,Backup Vendor,Local EOR ,,,,,,,USD 399,N/A,1 month,N/A,N/A,,HRZ,Direct Entity,Established Contact,echo.li@joinhorizons.com,Echo Li,"5 June, 2026",Reminder Sent,https://docs.google.com/spreadsheets/d/10bk8I5ARIdOhETpt_8e5lTYq61dqCD5HM9903xPywTM/edit,"July 15, 2026",
Europe,Spain,Horizons,David,Backup Vendor,Expat EOR,,,,,,,USD 499,N/A,1 month,N/A,"for expatriates, VAT may apply depending on the local regulations.",,HRZ,Direct Entity,Established Contact,echo.li@joinhorizons.com,Echo Li,"5 June, 2026",Reminder Sent,https://docs.google.com/spreadsheets/d/10bk8I5ARIdOhETpt_8e5lTYq61dqCD5HM9903xPywTM/edit,"July 15, 2026",
Europe,Spain,Rivermate,David,Preferred Vendor,Expat EOR,EUR 500 - 700,EUR 0 - 700,1 month ,N/A,,,EUR 350 ,N/A,1 month,N/A,N/A,"Since the billing relationship is between our Spanish entity and your Singaporean entity (Satisfy), VAT is not applicable on the monthly invoices under the reverse charge mechanism for cross-border B2B services.",HTK,Direct Entity,Signed MSA,bassem.benhassine@hightekers.com,Bassem Ben Hassine ,"31 December, 2026",Pricing in Contract,,,
Europe,Spain,New Tandem,Jasmine,Poor Quality Vendor,Expat EOR,,,,,,,"For salaries up to 100K: 9%
For salaries above 100K: 8%
• 5% on expense reimbursement, 7% if corporate card, and 8% on bonus/allowances",EUR 500,N/A,N/A,N/A,12/23/2025,NTD,Direct Entity,Active,smartin@newtandem.com,Sara Martín,"31 December, 2026",Active,,,
Europe,Spain,New Tandem,Jasmine,Poor Quality Vendor,Local EOR ,,,,,,,"For salaries up to 100K: 9%
For salaries above 100K: 8%
• 5% on expense reimbursement, 7% if corporate card, and 8% on bonus/allowances",EUR 500,N/A,N/A,N/A,12/23/2025,NTD,Direct Entity,Active,smartin@newtandem.com,Sara Martín,"31 December, 2026",Active,,,
Europe,Spain,Connect Resources,David,Backup Vendor,Local EOR,,,,,,,EUR 399,N/A,2 months Salary,,,"• Pricing valid until December 31st, 2093",WFA,Direct Entity,Signed MSA,"gregg.s@connectresources.ae, 
wesley.s@connectresources.ae",Gregg Steyn,"4 June, 2027",Active,https://docs.google.com/spreadsheets/d/13pdolFV6P_EBVi5xsPKvdXzW76jB60buVkpZYMEoxJk/edit,6/4/2026,
Europe,Spain,Connect Resources,David,Backup Vendor,Expat EOR,,,,,,,EUR 399,N/A,2 months Salary,,,"• Pricing valid until December 31st, 2094",WFA,Direct Entity,Signed MSA,"gregg.s@connectresources.ae, 
wesley.s@connectresources.ae",Gregg Steyn,"4 June, 2027",Active,https://docs.google.com/spreadsheets/d/13pdolFV6P_EBVi5xsPKvdXzW76jB60buVkpZYMEoxJk/edit,6/4/2026,
Asia,Sri Lanka,Connect Resources,David,Backup Vendor,Local EOR ,,,,,,,12% on gross salary,N/A,1 month TEC,N/A,18% on total invoice,12/23/2025,CNR,Uses Vendor,,"gregg.s@connectresources.ae, 
wesley.s@connectresources.ae",Gregg Steyn,"4 June, 2027",Active,https://docs.google.com/spreadsheets/d/1ieOJxUzmrSXNgAfyh8SwdttIVvwbhB4fFc4OzNzt0D8/edit,6/4/2026,
Asia,Sri Lanka,Remote,David,Preferred Vendor,Local EOR ,USD 450 - 550,USD 0 - 250,1 month,"Involuntary Termination: USD 500 (termination initiated by client, not by resignation or natural contract expiration)",N/A,"• USD 200 right-to-work check mandatory for all expats (even self-sponsored)
• USD 500 immigration assessment fee for visa sponsorship feasibility check",USD 300,N/A,N/A,Involuntary Termination: USD 350,N/A,"• USD 120 right-to-work check mandatory for all expats (even self-sponsored)
• USD 400 immigration assessment fee for visa sponsorship feasibility check",RMT,Direct Entity,Signed MSA,"jasmine.chang@remote.com ,aisha.saeed@remote.com, ena.hazrolaj@remote.com","Jasmine Chang (Customer Success Manager), Aisha Saeed, Ena Hazrolaj  (Account Manager)","31 December, 2026",Pricing in Contract,,,
Asia,Sri Lanka,Horizons ,David,Backup Vendor,Local EOR ,,,,,,,USD 499,N/A,1 month,N/A,N/A,,HRZ,Uses Vendor,Established Contact,echo.li@joinhorizons.com,Echo Li,"5 June, 2026",Reminder Sent,https://docs.google.com/spreadsheets/d/10bk8I5ARIdOhETpt_8e5lTYq61dqCD5HM9903xPywTM/edit,7/15/2026,
Asia,Sri Lanka,AYP,Jasmine,,Local EOR ,,,,,,,USD 530,USD 200,1 month,N/A,N/A,,AYP,,,leticia.loh@ayp-group.com,Leticia Loh,"5 June, 2026",Vendor Responded,https://docs.google.com/spreadsheets/d/1cl92pSZ3CZdf5zEt6uPXxyzLvtRFtENWAzXKRME19lc/edit,6/17/2026,Tier 2
Asia,Sri Lanka,JFS Holdings,David,Preferred Vendor,Local EOR ,"USD 350 or (Gross salary * 10%) + (USD 150 - 250), whichever higher",USD 0 - 250,1 month,N/A (3 months notice),,,USD 200 or 10%,N/A,1 month,N/A (3 months notice),,,JFS,,,madhushanr@jfsholdings.com,Madhushan Raigamage,"5 June, 2026",Reminder Sent,https://docs.google.com/spreadsheets/d/1Vs4NUEhCWnQNA-8YbVymymSqShaWEFURR47R0CSrP3w/edit,7/15/2026,
Africa,Sudan,Rivermate,David,Poor Quality Vendor,Local EOR ,,,,,,,EUR 399,N/A,,N/A,N/A,,,Unknown,,lucas@rivermate.com,Lucas Botzen,,Inactive,,,Tier 0
Africa,Sudan,Africa HR Solutions,David,Preferred Vendor,Local EOR ,,USD 350 - 500,1 month,N/A,N/A,,35% of gross monthly payroll cost,USD 350,1 month,N/A,N/A,,AHR,Direct Entity,,ggeraghty@africa-hr.com,Grant Geraghty,"5 June, 2026",Active,https://docs.google.com/spreadsheets/d/16l8VyrJGEBOUb3_o77qAv4YEy0q7AgTQuRDgskl7-3Y/edit,6/17/2026,
Africa,Sudan,Workforce Africa,David,Preferred Vendor,Local EOR ,USD 650 - 750,USD 350 - equivalent of service fee,1 month salary,USD 350,TBC,,USD 500,USD 200,N/A,USD 200,TBC,"• Pricing valid until December 31st, 2025",WFA,Uses Vendor,Signed MSA,justina.gabriel@workforcegroup.com,Justina Gabriel,"5 June, 2026",Reminder Sent,https://docs.google.com/spreadsheets/d/13pdolFV6P_EBVi5xsPKvdXzW76jB60buVkpZYMEoxJk/edit,7/15/2026,
Africa,Sudan,Workforce Africa,David,Preferred Vendor,Expat EOR,USD 700 - 800,USD 350 - equivalent of service fee,1 month salary,USD 350,TBC,,USD 550,USD 200,N/A,USD 200,TBC,"• Pricing valid until December 31st, 2025",WFA,Uses Vendor,Signed MSA,justina.gabriel@workforcegroup.com,Justina Gabriel,"5 June, 2026",Reminder Sent,https://docs.google.com/spreadsheets/d/13pdolFV6P_EBVi5xsPKvdXzW76jB60buVkpZYMEoxJk/edit,7/15/2026,
Africa ,Swaziland ,Remote Solutions Africa ,David,Backup Vendor,Local EOR ,,,,,,,USD 300,N/A,N/A,N/A,7.5 % of the service fee,We don't charge deposit as long as we receive the invoice payment on the 20th of each month//Reimbursement Fee: 4% of the total reimbursement //  20 USD bank transfer fee,RSA,Uses Vendor,Established Contact,moses.a@remotesolutionsafrica.com,Moses,"5 June, 2026",Reminder Sent,https://docs.google.com/spreadsheets/d/1-0VoGr6iIfXVV0l8SqaHo0p-ZCELZEMJiFpvK7R1zmQ/edit,7/15/2026,
Africa ,Swaziland ,Remote Solutions Africa ,David,Backup Vendor,Expat EOR,,,,,,,USD 350,N/A,N/A,N/A,7.5 % of the service fee,We don't charge deposit as long as we receive the invoice payment on the 20th of each month//Reimbursement Fee: 4% of the total reimbursement //  20 USD bank transfer fee,RSA,Uses Vendor,Established Contact,moses.a@remotesolutionsafrica.com,Moses,"5 June, 2026",Reminder Sent,https://docs.google.com/spreadsheets/d/1-0VoGr6iIfXVV0l8SqaHo0p-ZCELZEMJiFpvK7R1zmQ/edit,7/15/2026,
Africa ,Swaziland ,Workpay,David,Preferred Vendor,Local EOR ,USD 470 - 570,USD 0 - equivalent of service fee,1 month salary,N/A,TBC,,USD 320,N/A,1 month Salary ,N/A,,,WKP,Direct Entity,Established Contact," fn@myworkpay.com,
 zn@myworkpay.com","Frances Nzekwue, Ziphozihle Ntlakaza","5 June, 2026",Reminder Sent,https://docs.google.com/spreadsheets/d/1w0jqjlb9vUL_Lb7NHP45wKJcnWeX_D_--e6xf_W6ypc/edit,7/15/2026,Tier 2
Africa ,Swaziland ,Workpay,David,Preferred Vendor,Expat EOR,USD 470 - 570,USD 0 - equivalent of service fee,1 month salary,N/A,TBC,,USD 320,N/A,1 month Salary ,N/A,,,WKP,Direct Entity,Established Contact," fn@myworkpay.com,
 zn@myworkpay.com","Frances Nzekwue, Ziphozihle Ntlakaza","5 June, 2026",Reminder Sent,https://docs.google.com/spreadsheets/d/1w0jqjlb9vUL_Lb7NHP45wKJcnWeX_D_--e6xf_W6ypc/edit,7/15/2026,Tier 2
Europe,Sweden,Bradford Jacobs,Jasmine,,Local EOR ,,,,,,,EUR 500,EUR 500,1 month,N/A,,"• Use TopSource as vendor, but pricing is partner pricing, so will get lower quotation than from TopSource directly",BFJ,Uses Vendor,,k.nolan@bradfordjacobs.com,Kelly Nolan,"5 June, 2026",Reminder Sent,https://docs.google.com/spreadsheets/d/1qcQBw7034L9B0NSXOC38XkMU1wg2eROqWYyMtiobk-M/edit,7/15/2026,
Europe,Sweden,Native Teams,Jasmine,Poor Quality Vendor,Local EOR ,,,,,,,"• EUR 79 up to €1,500 processed per month
• EUR 129 up to €5,500 processed per month
• EUR 219 over €5,500 processed per month",N/A,N/A,N/A,N/A,,NTV,Direct Entity,Signed MSA,deren@nteams.com,Deren Kankurt,"31 December, 2026",Pricing in Contract,,,Tier 2
Europe,Sweden,Remote,David,Preferred Vendor,Local EOR ,USD 450 - 550,USD 0 - 250,1 month,"Involuntary Termination: USD 500 (termination initiated by client, not by resignation or natural contract expiration)",N/A,"• USD 200 right-to-work check mandatory for all expats (even self-sponsored)
• USD 500 immigration assessment fee for visa sponsorship feasibility check",USD 300,N/A,N/A,Involuntary Termination: USD 350,N/A,"• USD 120 right-to-work check mandatory for all expats (even self-sponsored)
• USD 400 immigration assessment fee for visa sponsorship feasibility check. 1. Visa Transfer: Change of Employer (CoE)
Timeline: Typically 3–4 months (some cases can take longer depending on specifics). Note that the candidate must remain in Sweden during this transition.
Mobility Service Fee: Estimated between USD 1,000 – 3,000 for the main applicant (government fees and any translation/legalization costs are additional)
2. Salary Compliance (2026 Thresholds)
Mandatory Threshold: The 2026 reference threshold is SEK 33,390/month.
3. Permit Renewal (Dec 2026)
Renewal support is available. Specific steps and costs will be finalised closer to the expiration date, as they depend on the specific permit category held by the employee.
4. Cost Summary & Next Steps
Pre-hire Assessment Cost: USD 120 / person.",RMT,Direct Entity,Signed MSA,"jasmine.chang@remote.com ,aisha.saeed@remote.com, ena.hazrolaj@remote.com","Jasmine Chang (Customer Success Manager), Aisha Saeed, Ena Hazrolaj  (Account Manager)","31 December, 2026",Pricing in Contract,,,
Europe,Sweden,Horizons,David,Backup Vendor,Local EOR ,USD 550 - 650,USD 0 - 500,1 month,N/A,N/A,,USD 399,N/A,1 month,N/A,N/A,,HRZ,Direct Entity,Established Contact,echo.li@joinhorizons.com,Echo Li,"5 June, 2026",Reminder Sent,https://docs.google.com/spreadsheets/d/10bk8I5ARIdOhETpt_8e5lTYq61dqCD5HM9903xPywTM/edit,"July 15, 2026",
Europe,Sweden,Horizons,David,Backup Vendor,Expat EOR,USD 650 - 750,USD 0 - 500,1 month,N/A,TBC,,USD 499,N/A,1 month,N/A,TBC,,HRZ,Direct Entity,Established Contact,echo.li@joinhorizons.com,Echo Li,"5 June, 2026",Reminder Sent,https://docs.google.com/spreadsheets/d/10bk8I5ARIdOhETpt_8e5lTYq61dqCD5HM9903xPywTM/edit,"July 15, 2026",
Europe,Sweden,GTS Nordics,Jasmine,,Local EOR ,,,,,,,EUR 610,N/A,N/A,N/A,N/A,Can only offer employment for a maximum of 24 months,,Direct Entity,,sweden@gtsnordic.com,Maria Jansson,"5 June, 2026",Reminder Sent,https://docs.google.com/spreadsheets/d/15ZJVedB9wxDBI_oX1-LaMKlsRn4UYdyLWxhBckTDxCo/edit,"July 15, 2026",
Europe,Sweden,GTS Nordics,Jasmine,,Expat EOR,,,,,,,EUR 610,N/A,N/A,N/A,N/A,Can only offer employment for a maximum of 24 months,,Direct Entity,,sweden@gtsnordic.com,Maria Jansson,"5 June, 2026",Reminder Sent,https://docs.google.com/spreadsheets/d/15ZJVedB9wxDBI_oX1-LaMKlsRn4UYdyLWxhBckTDxCo/edit,"July 15, 2026",
Europe,Sweden,Swapp Agency,David,Poor Quality Vendor,Local EOR ,,,,,,,EUR 500,N/A,,N/A,N/A,"• From a contract perspective, our legal team finds them unprofessional",,Direct Entity,,info@swappagency.com,David,"5 June, 2026",Vendor Responded,https://docs.google.com/spreadsheets/d/1w4YLC1WECZUgYTPnQVC_ZavmPTUmV0bkPOEY25KG4pk/edit,"July 15, 2026",
Europe,Switzerland,Accurity Group,David,,Local EOR ,,,,,,,4-6%,N/A,,N/A,N/A,"Can only employ EU/EFTA or Swiss Nationals
Not responsive since June 2023",,Direct Entity,,michael.boaden@accurity.ch,Michael Boaden,"5 June, 2026",Inactive,https://docs.google.com/spreadsheets/d/1doqYAUl-YS3p7PZMMLECNEQfYUhrZk7sjsnnGZNrgHQ/edit,"June 10, 2026",Tier 0
Europe,Switzerland,Remote,David,Preferred Vendor,Local EOR ,USD 450 - 550,USD 0 - 250,1 month,"Involuntary Termination: USD 500 (termination initiated by client, not by resignation or natural contract expiration)",N/A,"• USD 200 right-to-work check mandatory for all expats (even self-sponsored)
• USD 500 immigration assessment fee for visa sponsorship feasibility check",USD 300,N/A,N/A,Involuntary Termination: USD 350,N/A,"• USD 120 right-to-work check mandatory for all expats (even self-sponsored)
• USD 400 immigration assessment fee for visa sponsorship feasibility check",RMT,Direct Entity,Signed MSA,"jasmine.chang@remote.com ,aisha.saeed@remote.com, ena.hazrolaj@remote.com","Jasmine Chang (Customer Success Manager), Aisha Saeed, Ena Hazrolaj  (Account Manager)","31 December, 2026",Pricing in Contract,,,
Europe,Switzerland,Horizons,David,Preferred Vendor,Local EOR ,USD 550 - 650,USD 0 - 500,1 month,N/A,N/A,,USD 399,N/A,1 month,N/A,N/A,,HRZ,Uses Vendor,Established Contact,echo.li@joinhorizons.com,Echo Li,"5 June, 2026",Reminder Sent,https://docs.google.com/spreadsheets/d/10bk8I5ARIdOhETpt_8e5lTYq61dqCD5HM9903xPywTM/edit,"July 15, 2026",
Europe,Switzerland,Rivermate,David,Preferred Vendor,Expat EOR,EUR 500 - 700,EUR 0 - 700,1 month ,N/A,,,EUR 350 ,N/A,1 month,N/A,,,HTK,Direct Entity,Signed MSA,bassem.benhassine@hightekers.com,Bassem Ben Hassine ,"31 December, 2026",Pricing in Contract,,,
Europe,Switzerland,Native Teams,Jasmine,Poor Quality Vendor,Local EOR ,,,,,,,"• EUR 79 up to €1,500 processed per month
• EUR 129 up to €5,500 processed per month
• EUR 219 over €5,500 processed per month",N/A,N/A,N/A,N/A,,NTV,Direct Entity,Entity not operational,deren@nteams.com,Deren Kankurt,"31 December, 2026",Pricing in Contract,,,Tier 2
Europe,Switzerland,Access Financial,David,Backup Vendor,Local EOR ,,,,,,,CHF 600,,,,,12/23/2025,ACF,Direct Entity,Signed MSA,Nicos@accessfinancial.com,Nicos Nicolaou,"5 June, 2026",Reminder Sent,https://docs.google.com/spreadsheets/d/14pSkfYMAGQH_SF9hB0tBR8DxGdEfxM4Rq_MBchmava4/edit,"July 15, 2026",
Europe,Switzerland,Bradford Jacobs,Jasmine,Backup Vendor,Local EOR ,,,,,,,EUR 500,EUR 500,1 month,N/A,,12/23/2025,BFJ,Uses Vendor,,k.nolan@bradfordjacobs.com,Kelly Nolan,"5 June, 2026",Reminder Sent,https://docs.google.com/spreadsheets/d/1qcQBw7034L9B0NSXOC38XkMU1wg2eROqWYyMtiobk-M/edit,"July 15, 2026",
Asia ,Taiwan,Horizons ,David,Backup Vendor,Local EOR ,,,,,,,USD 199,,,,,12/23/2025,HRZ,Uses Vendor,Established Contact,echo.li@joinhorizons.com,Echo Li,"5 June, 2026",Reminder Sent,https://docs.google.com/spreadsheets/d/10bk8I5ARIdOhETpt_8e5lTYq61dqCD5HM9903xPywTM/edit,7/15/2026,
Asia ,Tajikistan ,Horizons ,David,Preferred Vendor,Local EOR ,USD 550 - 650,USD 0 - 500,1 month,N/A,N/A,,USD 399,N/A,1 month,N/A,N/A,,HRZ,Uses Vendor,Established Contact,echo.li@joinhorizons.com,Echo Li,"5 June, 2026",Reminder Sent,https://docs.google.com/spreadsheets/d/10bk8I5ARIdOhETpt_8e5lTYq61dqCD5HM9903xPywTM/edit,7/15/2026,
Africa,Tanzania,Workforce Africa,David,Backup Vendor,Local EOR ,,,,,,,USD 400,USD 200,N/A,USD 200,18% on service fee,12/23/2025,WFA,Direct Entity,Signed MSA,justina.gabriel@workforcegroup.com,Justina Gabriel,"5 June, 2026",Reminder Sent,https://docs.google.com/spreadsheets/d/13pdolFV6P_EBVi5xsPKvdXzW76jB60buVkpZYMEoxJk/edit,7/15/2026,
Africa,Tanzania,Workforce Africa,David,Backup Vendor,Expat EOR,,,,,,,USD 500,USD 200,N/A,USD 200,18% on service fee,"• Pricing valid until December 31st, 2084",WFA,Direct Entity,Signed MSA,justina.gabriel@workforcegroup.com,Justina Gabriel,"5 June, 2026",Reminder Sent,https://docs.google.com/spreadsheets/d/13pdolFV6P_EBVi5xsPKvdXzW76jB60buVkpZYMEoxJk/edit,7/15/2026,
Africa,Tanzania,Africa HR Solutions,David,Backup Vendor,Local EOR ,,,,,,,USD 350,USD 350 ,1 month,USD 90/EE,,third-party expenses and disbursements are charged by Africa HR Solutions at cost + 10%.,,Direct Entity,Established Contact,ggeraghty@africa-hr.com,Grant Geraghty,"5 June, 2026",Active,https://docs.google.com/spreadsheets/d/16l8VyrJGEBOUb3_o77qAv4YEy0q7AgTQuRDgskl7-3Y/edit,"June 17, 2026",
Africa,Tanzania,Workpay,David,Preferred Vendor,Local EOR ,USD 470 - 570,USD 0 - equivalent of service fee,1 month salary,N/A,TBC,,USD 320,N/A,1 month Salary ,N/A,,,WKP,Direct Entity,Established Contact," fn@myworkpay.com,
 zn@myworkpay.com","Frances Nzekwue, Ziphozihle Ntlakaza","5 June, 2026",Reminder Sent,https://docs.google.com/spreadsheets/d/1w0jqjlb9vUL_Lb7NHP45wKJcnWeX_D_--e6xf_W6ypc/edit,7/15/2026,Tier 2
Africa,Tanzania,Workpay,David,Preferred Vendor,Expat EOR,USD 470 - 570,USD 0 - equivalent of service fee,1 month salary,N/A,TBC,,USD 320,N/A,1 month Salary ,N/A,,,WKP,Direct Entity,Established Contact," fn@myworkpay.com,
 zn@myworkpay.com","Frances Nzekwue, Ziphozihle Ntlakaza","5 June, 2026",Reminder Sent,https://docs.google.com/spreadsheets/d/1w0jqjlb9vUL_Lb7NHP45wKJcnWeX_D_--e6xf_W6ypc/edit,7/15/2026,Tier 2
Africa,Tanzania,Remote Solutions Africa ,David,Backup Vendor,Local EOR ,"USD 420 - 520
Reimbursement Fee: 5% of amount",USD 0 - 400,1 month,N/A,7.5 % of the service fee,,USD 250,N/A,N/A,N/A,7.5 % of the service fee,,RSA,Uses Vendor,Established Contact,moses.a@remotesolutionsafrica.com,Moses,"5 June, 2026",Reminder Sent,https://docs.google.com/spreadsheets/d/1-0VoGr6iIfXVV0l8SqaHo0p-ZCELZEMJiFpvK7R1zmQ/edit,7/15/2026,
Africa,Tanzania,Remote Solutions Africa ,David,Backup Vendor,Expat EOR,"USD 470 - 570
Reimbursement Fee: 5% of amount",USD 0 - 400,1 month,N/A,7.5 % of the service fee,,USD 300,N/A,N/A,N/A,7.5 % of the service fee,We don't charge deposit as long as we receive the invoice payment on the 20th of each month//Reimbursement Fee: 4% of the total reimbursement //  20 USD bank transfer fee,RSA,Uses Vendor,Established Contact,moses.a@remotesolutionsafrica.com,Moses,"5 June, 2026",Reminder Sent,https://docs.google.com/spreadsheets/d/1-0VoGr6iIfXVV0l8SqaHo0p-ZCELZEMJiFpvK7R1zmQ/edit,7/15/2026,
Asia,Thailand,RLC Outsourcing (Cornerstone),Jasmine,Preferred Vendor,Local EOR ,"Quote USD 350, if salary under THB 150000. (Add USD 150 margin to (5%, with min. THB 2500/USD 80)",USD 150 - 300,1 month,N/A,7% on total invoice,,"5%, with min. THB 2500",,,N/A,7% on TEC,,,,,,,"5 June, 2026",Active,,,
Asia,Thailand,RLC Outsourcing (Cornerstone),Jasmine,Preferred Vendor,Expat EOR,"Add USD 250 margin based on vendor cost, which depends on the salary ",USD 250 - 300,1 month,N/A,7% on total invoice,,"• 20% min THB 25,000
• 17% for bonus, reimbursement, etc",,,N/A,7% on TEC,,RLC,Direct Entity,Active,arita@rlcoutsourcing.com,Arita Pluksombat,,Pricing in Contract,,,
Asia,Thailand,Tarmack,David,,Local EOR ,,,,,,,"• USD199 (1 to 5) 
• USD 179 (6 to 10) 
• USD 159 (11+)",TBC,TBC,TBC,TBC,,,,,"manish.j@tarmack.com,
ashish.sidhu@tarmack.com",Manish Jajodia,"4 June, 2027",Active,https://docs.google.com/spreadsheets/d/1XNZNgANvT6LbL8gQ2Lle69EDiIqrEXD1dDB_M3qf-bQ/edit,"June 10, 2026",
Asia,Thailand,InterLoop,Jasmine,,Local EOR ,,,,,,,"THB 30,000",THB 7500,"THB 45,000",N/A,7% on TEC,,,Direct Entity,,Juthamat.k@inlps.com,(Ms.) Juthamat Ko-it ( JAH ),"5 June, 2026",Reminder Sent,https://docs.google.com/spreadsheets/d/11spCVDUWWIZRubAb2NSxxGSw2Gpnnc6jMhVihHsb58k/edit,"July 15, 2026",
Asia,Thailand,Remote,David,Backup Vendor,Local EOR ,,,,,,,USD 300,N/A,N/A,Involuntary Termination: USD 350,N/A,12/23/2025,RMT,Direct Entity,Signed MSA,"jasmine.chang@remote.com ,aisha.saeed@remote.com, ena.hazrolaj@remote.com","Jasmine Chang (Customer Success Manager), Aisha Saeed, Ena Hazrolaj  (Account Manager)","31 December, 2026",Pricing in Contract,,,
Asia,Thailand,AYP,Jasmine,Poor Quality Vendor,Local EOR ,,,,,,,8% min USD 400,,1 month,N/A,10% on service fee,,AYP,Direct Entity,Signed MSA,leticia.loh@ayp-group.com,Leticia Loh,"5 June, 2026",Vendor Responded,https://docs.google.com/spreadsheets/d/1cl92pSZ3CZdf5zEt6uPXxyzLvtRFtENWAzXKRME19lc/edit,"June 17, 2026",Tier 2
Asia,Thailand,Rivermate,David,,Local EOR ,,,,,,,USD 350,Waived,1 month TEC,Waived for placements over 6 months or 1 month service fee under 6 months,,,EOS,Direct Entity,Signed MSA,tim.denney@eosglobalexpansion.com,Tim Denney,"31 December, 2026",Active,,,Tier 2
Asia,Thailand,Rivermate,David,,Expat EOR,,,,,,,USD 750,USD 500,1 month TEC,Waived for placements over 6 months or 1 month service fee under 6 months,,,EOS,Direct Entity,Signed MSA,tim.denney@eosglobalexpansion.com,Tim Denney,"31 December, 2026",Active,,,Tier 2
Asia,Thailand,3P Professional,David,,Local EOR ,,,,,,,"8% min THB 5,000",N/A,1.5 months,N/A,7% of whole invoice,,,Direct Entity,,chayangkoon_ta@3pprofessional.com,Chayangkoon Taweerat (Pete),"30 December, 2026",Active,https://docs.google.com/spreadsheets/d/13dHjChkGSAAB2LBfeTdOeO8UMdxPZML8mKJhrUrRi4M/edit,"June 4, 2026",
Asia,Thailand,3P Professional,David,,Expat EOR,,,,,,,"8% min THB 18,000",N/A,1.5 months,N/A,7% of whole invoice,,,Direct Entity,,chayangkoon_ta@3pprofessional.com,Chayangkoon Taweerat (Pete),"30 December, 2026",Active,https://docs.google.com/spreadsheets/d/13dHjChkGSAAB2LBfeTdOeO8UMdxPZML8mKJhrUrRi4M/edit,"June 4, 2026",
Asia,Thailand,Horizons ,David,Backup Vendor,Local EOR ,,,,,,,USD 199,N/A,1 month,N/A,N/A,,HRZ,Uses Vendor,Established Contact,echo.li@joinhorizons.com,Echo Li,"5 June, 2026",Reminder Sent,https://docs.google.com/spreadsheets/d/10bk8I5ARIdOhETpt_8e5lTYq61dqCD5HM9903xPywTM/edit,"July 15, 2026",
Asia,Thailand,Horizons ,David,Backup Vendor,Expat EOR,,,,,,,USD 499,N/A,1 month,N/A,7% local VAT applies on the total amount of the invoice for expat,,HRZ,Uses Vendor,Established Contact,echo.li@joinhorizons.com,Echo Li,"5 June, 2026",Reminder Sent,https://docs.google.com/spreadsheets/d/10bk8I5ARIdOhETpt_8e5lTYq61dqCD5HM9903xPywTM/edit,"July 15, 2026",
Asia,Thailand,Aster Lion,Jasmine,,Local EOR ,,,,,,,12%,N/A,1 month salary,N/A,7%,,,Direct Entity,,mark@asterlion.com,Mark Melo,"5 June, 2026",Active,https://docs.google.com/spreadsheets/d/1ZYUzZR1VJ6KM2Tvh8JvnCBfVU85EZUfq_a_pxPvu24I/edit,"June 4, 2026",
Asia,Thailand,Aster Lion,Jasmine,Preferred Vendor,Expat EOR,,N/A,1 month salary,N/A,7% on total invoice,"• Minimum salary depends on the employee’s nationality. 
• We are only able to hire Technology and Engineering roles.","Monthly salary up to 49,999 @ 20%
Monthly salary 50,000 – 89,999 @ 17%
Monthly salary 90,000 and above @ 13%",N/A,1 month salary,N/A,7%,"• Minimum salary depends on the employee’s nationality.
• We are only able to hire Technology and Engineering roles.
• Cannot hire Sales roles, client would have to accept altering JD and title
• Negotiation reference: agreed to one-time offer USD 350 in April 2026",,Direct Entity,,mark@asterlion.com,Mark Melo,"5 June, 2026",Active,https://docs.google.com/spreadsheets/d/1ZYUzZR1VJ6KM2Tvh8JvnCBfVU85EZUfq_a_pxPvu24I/edit,"June 4, 2026",
Asia,Thailand,Worknetics,Jasmine,,Local EOR ,,,,,,,SGD 200,SGD 200,1 month,N/A,N/A,,WKN,Direct Entity,Signed MSA,garvin.chia@workneticsglobal.com,Garvin Chia,"5 June, 2026",Reminder Sent,https://docs.google.com/spreadsheets/d/1v8hqm0zO5cDgfVn00wIGynQiohce5uwmBwXgNFXVrGU/edit,"July 15, 2026",Tier 2
Asia,Thailand,Smart Search Recruitment,David,,Local EOR ,,,,,,,12.5% of Gross Salary ,N/A,,N/A,7%,,,Direct Entity,,santi.campanella@ssrecruitment.com,Santi Campanella,"5 June, 2026",Active,https://docs.google.com/spreadsheets/d/13Dcl13gPWNX_0V0zUwLPzXM8X8hIJuGEwrDqxs1qnDs/edit,6/4/2026,
Africa,Togo,Workforce Africa,David,Backup Vendor,Local EOR ,,,,,,,USD 450,USD 200,N/A,USD 200,18% on service fee,"• Pricing valid until December 31st, 2085",WFA,Uses Vendor,Signed MSA,justina.gabriel@workforcegroup.com,Justina Gabriel,"5 June, 2026",Reminder Sent,https://docs.google.com/spreadsheets/d/13pdolFV6P_EBVi5xsPKvdXzW76jB60buVkpZYMEoxJk/edit,7/15/2026,
Africa,Togo,Workforce Africa,David,Backup Vendor,Expat EOR,,,,,,,USD 500,USD 200,N/A,USD 200,18% on service fee,"• Pricing valid until December 31st, 2086",WFA,Uses Vendor,Signed MSA,justina.gabriel@workforcegroup.com,Justina Gabriel,"5 June, 2026",Reminder Sent,https://docs.google.com/spreadsheets/d/13pdolFV6P_EBVi5xsPKvdXzW76jB60buVkpZYMEoxJk/edit,7/15/2026,
Africa,Togo,Workpay,David,Backup Vendor,Local EOR ,,,,,,,USD 320,N/A,1 month Salary ,N/A,,,WKP,Direct Entity,Established Contact," fn@myworkpay.com,
 zn@myworkpay.com","Frances Nzekwue, Ziphozihle Ntlakaza","5 June, 2026",Reminder Sent,https://docs.google.com/spreadsheets/d/1w0jqjlb9vUL_Lb7NHP45wKJcnWeX_D_--e6xf_W6ypc/edit,7/15/2026,Tier 2
Africa,Togo,Workpay,David,Backup Vendor,Expat EOR,,,,,,,USD 320,N/A,1 month Salary ,N/A,,,WKP,Direct Entity,Established Contact," fn@myworkpay.com,
 zn@myworkpay.com","Frances Nzekwue, Ziphozihle Ntlakaza","5 June, 2026",Reminder Sent,https://docs.google.com/spreadsheets/d/1w0jqjlb9vUL_Lb7NHP45wKJcnWeX_D_--e6xf_W6ypc/edit,7/15/2026,Tier 2
Africa,Togo,Kharis Global Group ,David,Preferred Vendor,Local EOR ,USD 350 - 450,USD 0 - 250,1 month,N/A,N/A,,USD 200,N/A,N/A,,,,,Direct Entity,Established Contact,selorm@kharisglobalgroup.com,Eugene Selorm Akorli,"25 June, 2026",Vendor Responded,https://docs.google.com/spreadsheets/d/1bnCL389hf2xzwdLuTbd5E0JRdpjLqBVucpy7USIqz2I/edit,7/12/2026,
Africa,Togo,Kharis Global Group ,David,Preferred Vendor,Expat EOR,USD 400 - 500,USD 0 - 250,1 month,N/A,N/A,,USD 250,N/A,N/A,,,,,Direct Entity,Established Contact,selorm@kharisglobalgroup.com,Eugene Selorm Akorli,"25 June, 2026",Vendor Responded,https://docs.google.com/spreadsheets/d/1bnCL389hf2xzwdLuTbd5E0JRdpjLqBVucpy7USIqz2I/edit,7/12/2026,
Africa,Togo,Remote Solutions Africa ,David,Backup Vendor,Local EOR ,,,,,,,USD 250,N/A,N/A,N/A,7.5 % of the service fee,We don't charge deposit as long as we receive the invoice payment on the 20th of each month//Reimbursement Fee: 4% of the total reimbursement //  20 USD bank transfer fee,RSA,Uses Vendor,Established Contact,moses.a@remotesolutionsafrica.com,Moses,"5 June, 2026",Reminder Sent,https://docs.google.com/spreadsheets/d/1-0VoGr6iIfXVV0l8SqaHo0p-ZCELZEMJiFpvK7R1zmQ/edit,7/15/2026,
Africa,Togo,Remote Solutions Africa ,David,Backup Vendor,Expat EOR,,,,,,,USD 300,N/A,N/A,N/A,7.5 % of the service fee,We don't charge deposit as long as we receive the invoice payment on the 20th of each month//Reimbursement Fee: 4% of the total reimbursement //  20 USD bank transfer fee,RSA,Uses Vendor,Established Contact,moses.a@remotesolutionsafrica.com,Moses,"5 June, 2026",Reminder Sent,https://docs.google.com/spreadsheets/d/1-0VoGr6iIfXVV0l8SqaHo0p-ZCELZEMJiFpvK7R1zmQ/edit,7/15/2026,
Southwest Indies ,Trinidad & Tobago,Horizons ,David,Preferred Vendor,Local EOR ,USD 550 - 650,USD 0 - 500,1 month,N/A,N/A,,USD 399,N/A,1 month,N/A,N/A,,HRZ,Uses Vendor,Established Contact,echo.li@joinhorizons.com,Echo Li,"5 June, 2026",Reminder Sent,https://docs.google.com/spreadsheets/d/10bk8I5ARIdOhETpt_8e5lTYq61dqCD5HM9903xPywTM/edit,7/15/2026,
Africa,Tunisia,Workforce Africa,David,Backup Vendor,Local EOR ,,,,,,,USD 400,USD 200,N/A,USD 200,7.5% on service fee,"• Pricing valid until December 31st, 2087",WFA,Uses Vendor,Signed MSA,justina.gabriel@workforcegroup.com,Justina Gabriel,"5 June, 2026",Reminder Sent,https://docs.google.com/spreadsheets/d/13pdolFV6P_EBVi5xsPKvdXzW76jB60buVkpZYMEoxJk/edit,7/15/2026,
Africa,Tunisia,Workforce Africa,David,Backup Vendor,Expat EOR,,,,,,,USD 550,USD 200,N/A,USD 200,7.5% on service fee,"• Pricing valid until December 31st, 2088",WFA,Uses Vendor,Signed MSA,justina.gabriel@workforcegroup.com,Justina Gabriel,"5 June, 2026",Reminder Sent,https://docs.google.com/spreadsheets/d/13pdolFV6P_EBVi5xsPKvdXzW76jB60buVkpZYMEoxJk/edit,7/15/2026,
Africa,Tunisia,Workpay,David,Backup Vendor,Local EOR ,USD 470 - 570,USD 0 - equivalent of service fee,1 month salary,N/A,TBC,,USD 320,N/A,1 month Salary ,N/A,,,WKP,Direct Entity,Established Contact," fn@myworkpay.com,
 zn@myworkpay.com","Frances Nzekwue, Ziphozihle Ntlakaza","5 June, 2026",Reminder Sent,https://docs.google.com/spreadsheets/d/1w0jqjlb9vUL_Lb7NHP45wKJcnWeX_D_--e6xf_W6ypc/edit,7/15/2026,Tier 2
Africa,Tunisia,Workpay,David,Backup Vendor,Expat EOR,USD 470 - 570,USD 0 - equivalent of service fee,1 month salary,N/A,TBC,,USD 320,N/A,1 month Salary ,N/A,,,WKP,Direct Entity,Established Contact," fn@myworkpay.com,
 zn@myworkpay.com","Frances Nzekwue, Ziphozihle Ntlakaza","5 June, 2026",Reminder Sent,https://docs.google.com/spreadsheets/d/1w0jqjlb9vUL_Lb7NHP45wKJcnWeX_D_--e6xf_W6ypc/edit,7/15/2026,Tier 2
Africa,Tunisia,Remote Solutions Africa ,David,Backup Vendor,Local EOR ,"USD 470 - 570
Reimbursement Fee: 5% of amount",USD 0 - 400,1 month,N/A,7.5 % of the service fee,,USD 300,N/A,N/A,N/A,7.5 % of the service fee,We don't charge deposit as long as we receive the invoice payment on the 20th of each month//Reimbursement Fee: 4% of the total reimbursement //  20 USD bank transfer fee,RSA,Uses Vendor,Established Contact,moses.a@remotesolutionsafrica.com,Moses,"5 June, 2026",Reminder Sent,https://docs.google.com/spreadsheets/d/1-0VoGr6iIfXVV0l8SqaHo0p-ZCELZEMJiFpvK7R1zmQ/edit,7/15/2026,
Africa,Tunisia,Remote Solutions Africa ,David,Backup Vendor,Expat EOR,"USD 520 - 620
Reimbursement Fee: 5% of amount",USD 0 - 400,1 month,N/A,7.5 % of the service fee,,USD 350,N/A,N/A,N/A,7.5 % of the service fee,We don't charge deposit as long as we receive the invoice payment on the 20th of each month//Reimbursement Fee: 4% of the total reimbursement //  20 USD bank transfer fee,RSA,Uses Vendor,Established Contact,moses.a@remotesolutionsafrica.com,Moses,"5 June, 2026",Reminder Sent,https://docs.google.com/spreadsheets/d/1-0VoGr6iIfXVV0l8SqaHo0p-ZCELZEMJiFpvK7R1zmQ/edit,7/15/2026,
Africa,Tunisia,Horizons ,David,Backup Vendor,Local EOR ,,,,,,,USD 399,N/A,1 month,N/A,N/A,,HRZ,Uses Vendor,Established Contact,echo.li@joinhorizons.com,Echo Li,"5 June, 2026",Reminder Sent,https://docs.google.com/spreadsheets/d/10bk8I5ARIdOhETpt_8e5lTYq61dqCD5HM9903xPywTM/edit,7/15/2026,
Europe,Turkey,Bradford Jacobs,Jasmine,,Local EOR ,,,,,,,EUR 500,EUR 500,1 month,N/A,,"• Use TopSource as vendor, but pricing is partner pricing, so will get lower quotation than from TopSource directly",BFJ,Uses Vendor,,k.nolan@bradfordjacobs.com,Kelly Nolan,"5 June, 2026",Reminder Sent,https://docs.google.com/spreadsheets/d/1qcQBw7034L9B0NSXOC38XkMU1wg2eROqWYyMtiobk-M/edit,7/15/2026,
Europe,Turkey,FChain,David,Preferred Vendor,Local EOR ,USD 350 - 400,USD 350 - 400,1 month gross salary,N/A,20%,,USD 200,USD 200,1 month,N/A,20%,,FCH,Direct Entity,Active,mpolatcetin@f-chain.com,Ms. Munevver Polat Cetin,"5 June, 2026",Approved,https://docs.google.com/spreadsheets/d/10iWZAp5RXBiwls81G9UZm52Z6prAZhxEf6TNGcU-xF8/edit?usp=sharing,"July 1, 2026",
Europe,Turkey,FChain,David,Backup Vendor,Expat EOR,,,,,,,USD 400,USD 400 ,1 month,N/A,20%,,FCH,Direct Entity,Active,mpolatcetin@f-chain.com,Ms. Munevver Polat Cetin,"5 June, 2026",Approved,https://docs.google.com/spreadsheets/d/10iWZAp5RXBiwls81G9UZm52Z6prAZhxEf6TNGcU-xF8/edit?usp=sharing,"July 1, 2026",
Europe,Turkey,Azkan,David,,Local EOR ,,,,,,,EUR 490,,,N/A,,,,Direct Entity,,gurbuz@azkan.fr,Inana Gurbuz,"5 June, 2026",Reminder Sent,https://docs.google.com/spreadsheets/d/1BrJMbsLwIzowhO355guQc2CS-BNDqwLMVKelHaO4WoI/edit,"July 15, 2026",
Europe,Turkey,Azure Global,David,,Local EOR ,,,,,,,GBP 650,,,,,,AZR,Unknown,,Ian@azureglobal.com,Ian Campbell,"5 June, 2026",Reminder Sent,https://docs.google.com/spreadsheets/d/15NFhmwxb0MYodBdJq1TTiYfRMYW1y5Itge202TLAZEo/edit,"July 15, 2026",
Europe,Turkey,Connect Resources,David,,Expat EOR,,,,,,,12-15% depending on salary,N/A,1 month TEC,N/A,5% VAT in UAE and 1.5% bank exchange expenses,,CNR,Uses Vendor,,"gregg.s@connectresources.ae, 
wesley.s@connectresources.ae",Gregg Steyn,"4 June, 2027",Active,https://docs.google.com/spreadsheets/d/1ieOJxUzmrSXNgAfyh8SwdttIVvwbhB4fFc4OzNzt0D8/edit,6/4/2026,
Europe,Turkey,Connect Resources,David,,Local EOR ,,,,,,,8% on gross salary,N/A,1 month TEC,N/A,5% VAT in UAE and 1.5% bank exchange expenses,,CNR,Uses Vendor,,"gregg.s@connectresources.ae, 
wesley.s@connectresources.ae",Gregg Steyn,"4 June, 2027",Active,https://docs.google.com/spreadsheets/d/1ieOJxUzmrSXNgAfyh8SwdttIVvwbhB4fFc4OzNzt0D8/edit,6/4/2026,
Europe,Turkey,Dynamic HR ,David,Backup Vendor,Local EOR ,,,,,,,USD 275,USD 275   (subject to discount with increased headcount),1 month TEC,N/A,N/A,"An important term (dictated by Turkish Labour Law) is to keep 5-to-1 ratio (for every 1 foreigner employee we must employ 5 Turkish nationals on our pool of payroll) when EoR'ing Ex-pat employees in Turkey... %2 of each invoice for banking (tranfers, exchange fees, account withholding fees)",DHR,Direct Entity,Established Contact,engin@dynamichrconsultancy.com,Engin Arisoy,"31 December, 2026",Active,https://docs.google.com/spreadsheets/d/1e57JfXYwApOxKbDV135brrBF9Q5IdqhLODu17P7V2fI/edit,7/8/2026,
Europe,Turkey,Dynamic HR ,David,Preferred Vendor,Expat EOR,USD 750 - 850,USD 750 - 850,1 month TEC,N/A,N/A,• Turkey expat quota is rare due to the requirment of 1:20 local to expat ratio,USD 550,USD 550,1 month TEC,N/A,N/A,,DHR,Direct Entity,Established Contact,engin@dynamichrconsultancy.com,Engin Arisoy,"31 December, 2026",Active,https://docs.google.com/spreadsheets/d/1e57JfXYwApOxKbDV135brrBF9Q5IdqhLODu17P7V2fI/edit,7/8/2026,
Europe,Turkey,Trans Skills,David,,Local EOR ,,,,,,,"EUR 330
• 1.5% on bonus and reimbursement",EUR 330,2 months,N/A,N/A,"if headcount is above 10, service fee can be discounted ",TRS,Direct Entity,,charles.dawson@transskills.com,Charles Dawson,"5 June, 2026",Reminder Sent,https://docs.google.com/spreadsheets/d/1_xVbd68M01bbEusv8LOtQ7njrINL43C5x7I3Feg-7Eg/edit,7/15/2026,
Europe,Turkey,Trans Skills,David,,Expat EOR,,,,,,,"EUR 330 + EUR 190 local quota fee
• 1.5% on bonus and reimbursement",EUR 330,2 months,N/A,N/A,"if headcount is above 10, service fee can be discounted ",TRS,Direct Entity,,charles.dawson@transskills.com,Charles Dawson,"5 June, 2026",Reminder Sent,https://docs.google.com/spreadsheets/d/1_xVbd68M01bbEusv8LOtQ7njrINL43C5x7I3Feg-7Eg/edit,7/15/2026,
Europe,Turkey,Horizons ,David,Backup Vendor,Local EOR ,,,,,,,USD 399,N/A,1 month,N/A,,,HRZ,Uses Vendor,Established Contact,echo.li@joinhorizons.com,Echo Li,"5 June, 2026",Reminder Sent,https://docs.google.com/spreadsheets/d/10bk8I5ARIdOhETpt_8e5lTYq61dqCD5HM9903xPywTM/edit,"July 15, 2026",
Europe,Turkey,Horizons ,David,Backup Vendor,Expat EOR,,,,,,,USD 499,N/A,1 month,N/A,,,HRZ,Uses Vendor,Established Contact,echo.li@joinhorizons.com,Echo Li,"5 June, 2026",Reminder Sent,https://docs.google.com/spreadsheets/d/10bk8I5ARIdOhETpt_8e5lTYq61dqCD5HM9903xPywTM/edit,"July 15, 2026",
Europe,Turkey,Chronos,David,,Local EOR ,,,,,,,USD 800,USD 800,,USD 800,,,,Direct Entity,,apurves@chronosconsulting.com,Adrienne Purves,"5 June, 2026",Reminder Sent,https://docs.google.com/spreadsheets/d/1042Q9RkagUnd3b90hxY8pr1J2udJBt06dTzcmdYEwjY/edit,"July 15, 2026",
Europe,Turkey,Enterprise Workforce Solutions,David,Backup Vendor,Local EOR ,,,,,,,USD 375,N/A,N/A,N/A,,,"
EWS",Direct Entity,Established Contact,omar@ews-limited.com,Omar Hassan ,"5 June, 2026",Reminder Sent,https://docs.google.com/spreadsheets/d/18SBM1yJ907dNTN114MJrnoU4yBfBiKkT3I8HzL4dldo/edit,"July 15, 2026",
Europe,Turkey,Enterprise Workforce Solutions,David,Backup Vendor,Expat EOR,,,,,,,USD 450,N/A,N/A,N/A,,,"
EWS",Direct Entity,Established Contact,omar@ews-limited.com,Omar Hassan ,"5 June, 2026",Reminder Sent,https://docs.google.com/spreadsheets/d/18SBM1yJ907dNTN114MJrnoU4yBfBiKkT3I8HzL4dldo/edit,"July 15, 2026",
Europe,Turkey,Remote,David,Backup Vendor,Local EOR ,,,,,,,USD 300,N/A,N/A,Involuntary Termination: USD 350,N/A,,RMT,Direct Entity,Signed MSA,"jasmine.chang@remote.com ,aisha.saeed@remote.com, ena.hazrolaj@remote.com","Jasmine Chang (Customer Success Manager), Aisha Saeed, Ena Hazrolaj  (Account Manager)","31 December, 2026",Pricing in Contract,,,
Europe,Turkey,Native Teams,Jasmine,Poor Quality Vendor,Local EOR ,,,,,,,"• EUR 79 up to €1,500 processed per month
• EUR 129 up to €5,500 processed per month
• EUR 219 over €5,500 processed per month",N/A,N/A,N/A,N/A,"• Provides visa sponsorship
• Meal: daily up to 170 TRY tax exemption; Transportation: Up to 88 TRY tax exemption - check drive folder for document explaining allowance and tax exemption",NTV,Direct Entity,Signed MSA,deren@nteams.com,Deren Kankurt,"31 December, 2026",Pricing in Contract,,,Tier 2
Europe,Turkey,PEO Middle East,David,,Local EOR ,,,,,,,"0-10 Employees: USD 350
11-30 Employees: USD 300
31+ Employees: USD 250",,,N/A,,,,Unknown,,sales@peomiddleast.com,Tim Walsh,"5 June, 2026",Reminder Sent,https://docs.google.com/spreadsheets/d/1yq2faB4uRHXtc96wMYhBWq6ZTXpMJNr52sminmS3yN8/edit,"July 15, 2026",
Africa,Uganda,Workforce Africa,David,Backup Vendor,Local EOR ,,,,,,,USD 400,USD 200,N/A,USD 200,18% on service fee,"• Pricing valid until December 31st, 2089",WFA,Direct Entity,Signed MSA,justina.gabriel@workforcegroup.com,Justina Gabriel,"5 June, 2026",Reminder Sent,https://docs.google.com/spreadsheets/d/13pdolFV6P_EBVi5xsPKvdXzW76jB60buVkpZYMEoxJk/edit,"July 15, 2026",
Africa,Uganda,Workforce Africa,David,Backup Vendor,Expat EOR,,,,,,,USD 500,USD 200,N/A,USD 200,18% on service fee,"• Pricing valid until December 31st, 2090",WFA,Direct Entity,Signed MSA,justina.gabriel@workforcegroup.com,Justina Gabriel,"5 June, 2026",Reminder Sent,https://docs.google.com/spreadsheets/d/13pdolFV6P_EBVi5xsPKvdXzW76jB60buVkpZYMEoxJk/edit,"July 15, 2026",
Africa,Uganda,Workpay ,David,Preferred Vendor,Local EOR ,USD 470 - 570,USD 0 - equivalent of service fee,1 month salary,N/A,TBC,,USD 320,N/A,1 month Salary ,N/A,,,WKP,Direct Entity,Established Contact," fn@myworkpay.com,
 zn@myworkpay.com","Frances Nzekwue, Ziphozihle Ntlakaza","5 June, 2026",Reminder Sent,https://docs.google.com/spreadsheets/d/1w0jqjlb9vUL_Lb7NHP45wKJcnWeX_D_--e6xf_W6ypc/edit,"July 15, 2026",Tier 2
Africa,Uganda,Workpay ,David,Preferred Vendor,Expat EOR,USD 470 - 570,USD 0 - equivalent of service fee,1 month salary,N/A,TBC,,USD 320,N/A,1 month Salary ,N/A,,,WKP,Direct Entity,Established Contact," fn@myworkpay.com,
 zn@myworkpay.com","Frances Nzekwue, Ziphozihle Ntlakaza","5 June, 2026",Reminder Sent,https://docs.google.com/spreadsheets/d/1w0jqjlb9vUL_Lb7NHP45wKJcnWeX_D_--e6xf_W6ypc/edit,"July 15, 2026",Tier 2
Africa,Uganda,Remote Solutions Africa ,David,Backup Vendor,Local EOR ,"USD 420 - 520
Reimbursement Fee: 5% of amount",USD 0 - 400,1 month,N/A,7.5 % of the service fee,,USD 250,N/A,N/A,N/A,7.5 % of the service fee,We don't charge deposit as long as we receive the invoice payment on the 20th of each month//Reimbursement Fee: 4% of the total reimbursement //  20 USD bank transfer fee,RSA,Uses Vendor,Established Contact,moses.a@remotesolutionsafrica.com,Moses,"5 June, 2026",Reminder Sent,https://docs.google.com/spreadsheets/d/1-0VoGr6iIfXVV0l8SqaHo0p-ZCELZEMJiFpvK7R1zmQ/edit,"July 15, 2026",
Africa,Uganda,Remote Solutions Africa ,David,Backup Vendor,Expat EOR,"USD 470 - 570
Reimbursement Fee: 5% of amount",USD 0 - 400,1 month,N/A,7.5 % of the service fee,,USD 300,N/A,N/A,N/A,7.5 % of the service fee,We don't charge deposit as long as we receive the invoice payment on the 20th of each month//Reimbursement Fee: 4% of the total reimbursement //  20 USD bank transfer fee,RSA,Uses Vendor,Established Contact,moses.a@remotesolutionsafrica.com,Moses,"5 June, 2026",Reminder Sent,https://docs.google.com/spreadsheets/d/1-0VoGr6iIfXVV0l8SqaHo0p-ZCELZEMJiFpvK7R1zmQ/edit,"July 15, 2026",
Africa,Uganda,Remote,David,Backup Vendor,Local EOR ,,,,,,,USD 300,N/A,N/A,Involuntary Termination: USD 350,N/A,,RMT,Direct Entity,Signed MSA,"jasmine.chang@remote.com ,aisha.saeed@remote.com, ena.hazrolaj@remote.com","Jasmine Chang (Customer Success Manager), Aisha Saeed, Ena Hazrolaj  (Account Manager)","31 December, 2026",Pricing in Contract,,,
Africa,Uganda,Africa HR Solutions,David,,Local EOR ,,,,,,,USD 450,USD 350,1 month,N/A,N/A,,AHR,Unknown,Signed MSA,ggeraghty@africa-hr.com,Grant Geraghty,"5 June, 2026",Active,https://docs.google.com/spreadsheets/d/16l8VyrJGEBOUb3_o77qAv4YEy0q7AgTQuRDgskl7-3Y/edit,"June 17, 2026",
Europe,Ukraine,FChain,David,Backup Vendor,Local EOR ,,,,,,,"• 10% min USD 400
• 10% on reimbursement and bonus",USD 200,1 month salary + service fee,N/A,N/A,• Vendor provides immigration solution,FCH,Direct Entity,,overezubova@f-chain.com,Olga Verezubova,"5 June, 2026",Approved,https://docs.google.com/spreadsheets/d/10iWZAp5RXBiwls81G9UZm52Z6prAZhxEf6TNGcU-xF8/edit?usp=sharing,7/1/2026,
Europe,Ukraine,FChain,David,Backup Vendor,Expat EOR,,,,,,,"• 10% min USD 400
• 10% on reimbursement and bonus",USD 400,1 month salary + service fee,N/A,N/A,• Vendor provides immigration solution,FCH,Direct Entity,,overezubova@f-chain.com,Olga Verezubova,"5 June, 2026",Approved,https://docs.google.com/spreadsheets/d/10iWZAp5RXBiwls81G9UZm52Z6prAZhxEf6TNGcU-xF8/edit?usp=sharing,7/1/2026,
Europe,Ukraine,Native Teams,Jasmine,Poor Quality Vendor,Local EOR ,,,,,,,"• EUR 79 up to €1,500 processed per month
• EUR 129 up to €5,500 processed per month
• EUR 219 over €5,500 processed per month",N/A,N/A,N/A,N/A,,NTV,Direct Entity,Signed MSA,deren@nteams.com,Deren Kankurt,"31 December, 2026",Pricing in Contract,,,Tier 2
Europe,Ukraine,Horizons ,David,Backup Vendor,Local EOR ,,,,,,,USD 399,N/A,1 month,N/A,N/A,,HRZ,Uses Vendor,Established Contact,echo.li@joinhorizons.com,Echo Li,"5 June, 2026",Reminder Sent,https://docs.google.com/spreadsheets/d/10bk8I5ARIdOhETpt_8e5lTYq61dqCD5HM9903xPywTM/edit,7/15/2026,
Europe,Ukraine,Enterprise Workforce Solutions,David,Preferred Vendor,Local EOR ,USD 525 - 625,USD 0 - 250 ,1 month,N/A,N/A,,USD 375,N/A,N/A,N/A,,,"
EWS",Direct Entity,Established Contact,omar@ews-limited.com,Omar Hassan ,"5 June, 2026",Reminder Sent,https://docs.google.com/spreadsheets/d/18SBM1yJ907dNTN114MJrnoU4yBfBiKkT3I8HzL4dldo/edit,7/15/2026,
Europe,Ukraine,Enterprise Workforce Solutions,David,Preferred Vendor,Expat EOR,USD 600 - 700,USD 0 - 500 ,1 month,N/A,N/A,,USD 450,N/A,N/A,N/A,,,"
EWS",Direct Entity,Established Contact,omar@ews-limited.com,Omar Hassan ,"5 June, 2026",Reminder Sent,https://docs.google.com/spreadsheets/d/18SBM1yJ907dNTN114MJrnoU4yBfBiKkT3I8HzL4dldo/edit,7/15/2026,
Europe,Ukraine,Remote,David,Preferred Vendor,Local EOR ,USD 450 - 550,USD 0 - 250,1 month,"Involuntary Termination: USD 500 (termination initiated by client, not by resignation or natural contract expiration)",N/A,"• USD 200 right-to-work check mandatory for all expats (even self-sponsored)
• USD 500 immigration assessment fee for visa sponsorship feasibility check",USD 300,N/A,N/A,Involuntary Termination: USD 350,N/A,"• USD 120 right-to-work check mandatory for all expats (even self-sponsored)
• USD 400 immigration assessment fee for visa sponsorship feasibility check",RMT,Direct Entity,Signed MSA,"jasmine.chang@remote.com ,aisha.saeed@remote.com, ena.hazrolaj@remote.com","Jasmine Chang (Customer Success Manager), Aisha Saeed, Ena Hazrolaj  (Account Manager)","31 December, 2026",Pricing in Contract,,,
Europe,Ukraine,NH Consulting ,David,Backup Vendor,Local EOR ,,,,,,,USD 450 + 2% on invoice + Reimbursement Fee: 5% on costs,N/A,1 month,N/A,N/A,,,Direct Entity,,anna.obraz@nh-logistics.com,Anna Obraz,"30 December, 2026",Active,https://docs.google.com/spreadsheets/d/1tMKLXxYn-nSYNrrh2MFNEQxds94ebQEgT0sl92_Ix-0/edit,6/4/2026,
Europe,Ukraine,NH Consulting ,David,Backup Vendor,Expat EOR,,,,,,,EUR 500 + 2% on invoice + Reimbursement Fee: 5% on costs,N/A,1 month,N/A,N/A,,,Direct Entity,,anna.obraz@nh-logistics.com,Anna Obraz,"30 December, 2026",Active,https://docs.google.com/spreadsheets/d/1tMKLXxYn-nSYNrrh2MFNEQxds94ebQEgT0sl92_Ix-0/edit,6/4/2026,
Europe,Ukraine,Acvian,David,Backup Vendor,Local EOR ,,,,,,,"• EUR 375
• 6% on bonus and reimbursement",N/A,1 month invoice,N/A,N/A,"• Off-cycle payment out of payroll run - EUR 150.00 per transaction
• Partner can support visa sponsorship",ACV,Direct Entity,Signed MSA,a.zakharov@acvian.com,Anthony Zakharov,"4 June, 2027",Active,https://docs.google.com/spreadsheets/d/1FnxuLNnvsNjtofU3yPF8sbdGZUKI7vIGO_aid6WGQCM/edit,6/4/2026,Tier 2
Europe,Ukraine,Acvian,David,Backup Vendor,Expat EOR,,,,,,,"• EUR 375
• 6% on bonus and reimbursement",N/A,1 month invoice,N/A,N/A,"• Off-cycle payment out of payroll run - EUR 150.00 per transaction
• Partner can support visa sponsorship",ACV,Direct Entity,Signed MSA,a.zakharov@acvian.com,Anthony Zakharov,"4 June, 2027",Active,https://docs.google.com/spreadsheets/d/1FnxuLNnvsNjtofU3yPF8sbdGZUKI7vIGO_aid6WGQCM/edit,6/4/2026,Tier 2
Asia,United Arab Emirates,Auxilium,Jasmine,Backup Vendor,Local EOR ,,,,,,,AED 1250,"AED 2,500",• Gratuity: 21 days of basic salary calculation will be charged in advance *Paid to the employee as and when it becomes due in their full & final settlement,N/A,already included in service fee,AED 250 Emiratisation Fee,AUX,Direct Entity,Signed MSA,Lawrence.Coward@auxiliumservices.com,Lawrence Coward,"5 June, 2026",Reminder Sent,https://docs.google.com/spreadsheets/d/1j3AhdZLbdehMNW1ih9WSwqE1oig1czH7jd-NGDPDd7Y/edit,"July 15, 2026",
Asia,United Arab Emirates,Trans Skills,David,Backup Vendor,Local EOR ,,,,,,,"EUR 330
• 1.5% on bonus and reimbursement",EUR 330,2 months,N/A,N/A,"if headcount is above 10, service fee can be discounted ",TRS,Direct Entity,,charles.dawson@transskills.com,Charles Dawson,"5 June, 2026",Reminder Sent,https://docs.google.com/spreadsheets/d/1_xVbd68M01bbEusv8LOtQ7njrINL43C5x7I3Feg-7Eg/edit,7/15/2026,
Asia,United Arab Emirates,Trans Skills,David,Backup Vendor,Expat EOR,,,,,,,"EUR 330 + EUR 190 Emiratization Fee
• 1.5% on bonus and reimbursement",EUR 330,2 months,N/A,N/A,"if headcount is above 10, service fee can be discounted ",TRS,Direct Entity,,charles.dawson@transskills.com,Charles Dawson,"5 June, 2026",Reminder Sent,https://docs.google.com/spreadsheets/d/1_xVbd68M01bbEusv8LOtQ7njrINL43C5x7I3Feg-7Eg/edit,7/15/2026,
Asia,United Arab Emirates,Remote,David,Preferred Vendor,Local EOR ,USD 450 - 550,USD 0 - 250,1 month,"Involuntary Termination: USD 500 (termination initiated by client, not by resignation or natural contract expiration)",N/A,"• USD 200 right-to-work check mandatory for all expats (even self-sponsored)
• USD 500 immigration assessment fee for visa sponsorship feasibility check",USD 300,N/A,N/A,Involuntary Termination: USD 350,N/A,"• USD 120 right-to-work check mandatory for all expats (even self-sponsored)
• USD 400 immigration assessment fee for visa sponsorship feasibility check",RMT,Direct Entity,Signed MSA,"jasmine.chang@remote.com ,aisha.saeed@remote.com, ena.hazrolaj@remote.com","Jasmine Chang (Customer Success Manager), Aisha Saeed, Ena Hazrolaj  (Account Manager)","31 December, 2026",Pricing in Contract,,,
Asia,United Arab Emirates,Horizons,David,Backup Vendor,Local EOR ,,,,,,,USD 399,N/A,1 month,N/A,N/A,VAT may apply depending on the local regulations.,HRZ,Direct Entity,Established Contact,echo.li@joinhorizons.com,Echo Li,"5 June, 2026",Reminder Sent,https://docs.google.com/spreadsheets/d/10bk8I5ARIdOhETpt_8e5lTYq61dqCD5HM9903xPywTM/edit,"July 15, 2026",
Asia,United Arab Emirates,Horizons,David,Backup Vendor,Expat EOR,,,,,,,USD 399,N/A,1 month,N/A,"for expatriates, VAT may apply depending on the local regulations.",VAT may apply depending on the local regulations.,HRZ,Direct Entity,Established Contact,echo.li@joinhorizons.com,Echo Li,"5 June, 2026",Reminder Sent,https://docs.google.com/spreadsheets/d/10bk8I5ARIdOhETpt_8e5lTYq61dqCD5HM9903xPywTM/edit,"July 15, 2026",
Asia,United Arab Emirates,Tarmack,David,Preferred Vendor,Local EOR ,USD 349 - 449,,TBC,,TBC,,"• USD199 (1 to 5) 
• USD 179 (6 to 10) 
• USD 159 (11+)",TBC,TBC,TBC,TBC,,,,,"manish.j@tarmack.com,
ashish.sidhu@tarmack.com",Manish Jajodia,"4 June, 2027",Active,https://docs.google.com/spreadsheets/d/1XNZNgANvT6LbL8gQ2Lle69EDiIqrEXD1dDB_M3qf-bQ/edit,6/10/2026,
Asia,United Arab Emirates,Tarmack,David,Preferred Vendor,Expat EOR,USD 499 - 599,,TBC,,,,USD 249,TBC,TBC,TBC,TBC,,,,,"manish.j@tarmack.com,
ashish.sidhu@tarmack.com",Manish Jajodia,"4 June, 2027",Active,https://docs.google.com/spreadsheets/d/1XNZNgANvT6LbL8gQ2Lle69EDiIqrEXD1dDB_M3qf-bQ/edit,6/10/2026,
Asia,United Arab Emirates,Connect Resources,David,Backup Vendor,Local EOR ,,,,,,,AED 1000,N/A,As per Employee Notice Period (Min. 1 month),N/A,5% if billed locally,,CNR,Direct Entity,,"gregg.s@connectresources.ae, 
wesley.s@connectresources.ae",Gregg Steyn,"4 June, 2027",Active,https://docs.google.com/spreadsheets/d/1ieOJxUzmrSXNgAfyh8SwdttIVvwbhB4fFc4OzNzt0D8/edit,6/4/2026,
Asia,United Arab Emirates,Connect Resources,David,Backup Vendor,Expat EOR,,,,,,,AED 1660 (Incl. Emiritization),N/A,As per Employee Notice Period (Min. 1 month),N/A,5% if billed locally,,CNR,Direct Entity,,"gregg.s@connectresources.ae, 
wesley.s@connectresources.ae",Gregg Steyn,"4 June, 2027",Active,https://docs.google.com/spreadsheets/d/1ieOJxUzmrSXNgAfyh8SwdttIVvwbhB4fFc4OzNzt0D8/edit,6/4/2026,
Europe,United Kingdom,Bradford Jacobs,Jasmine,Backup Vendor,Local EOR ,,,,,,,EUR 500,EUR 500,1 month,N/A,,,BFJ,Direct Entity,,k.nolan@bradfordjacobs.com,Kelly Nolan,"5 June, 2026",Reminder Sent,https://docs.google.com/spreadsheets/d/1qcQBw7034L9B0NSXOC38XkMU1wg2eROqWYyMtiobk-M/edit,7/15/2026,
Europe,United Kingdom,Azure Global,David,,Local EOR ,,,,,,,GBP 250,N/A,N/A,N/A,N/A,,AZR,Direct Entity,,Ian@azureglobal.com,Ian Campbell,"5 June, 2026",Reminder Sent,https://docs.google.com/spreadsheets/d/15NFhmwxb0MYodBdJq1TTiYfRMYW1y5Itge202TLAZEo/edit,"July 15, 2026",
Europe,United Kingdom,Native Teams,Jasmine,Poor Quality Vendor,Local EOR ,,,,,,,"• EUR 79 up to €1,500 processed per month
• EUR 129 up to €5,500 processed per month
• EUR 219 over €5,500 processed per month",N/A,N/A,N/A,N/A,• Provides visa sponsorship,NTV,Direct Entity,Signed MSA,deren@nteams.com,Deren Kankurt,"31 December, 2026",Pricing in Contract,,,Tier 2
Europe,United Kingdom,Swapp Agency,David,Poor Quality Vendor,Local EOR ,,,,,,,EUR 500,N/A,,N/A,N/A,"• From a contract perspective, our legal team finds them unprofessional",,Direct Entity,,info@swappagency.com,David,"5 June, 2026",Vendor Responded,https://docs.google.com/spreadsheets/d/1w4YLC1WECZUgYTPnQVC_ZavmPTUmV0bkPOEY25KG4pk/edit,"July 15, 2026",
Europe,United Kingdom,Remote,David,Backup Vendor,Local EOR ,USD 450 - 550,USD 0 - 250,1 month,"Involuntary Termination: USD 500 (termination initiated by client, not by resignation or natural contract expiration)",N/A,"• USD 200 right-to-work check mandatory for all expats (even self-sponsored)
• USD 500 immigration assessment fee for visa sponsorship feasibility check",USD 300,N/A,N/A,Involuntary Termination: USD 350,N/A,"• USD 120 right-to-work check mandatory for all expats (even self-sponsored)
• USD 400 immigration assessment fee for visa sponsorship feasibility check",RMT,Direct Entity,Signed MSA,"jasmine.chang@remote.com ,aisha.saeed@remote.com, ena.hazrolaj@remote.com","Jasmine Chang (Customer Success Manager), Aisha Saeed, Ena Hazrolaj  (Account Manager)","31 December, 2026",Pricing in Contract,,,
Europe,United Kingdom,Enterprise Workforce Solutions,David,Backup Vendor,Local EOR ,,,,,,,USD 375,N/A,N/A,N/A,,,"
EWS",Direct Entity,Established Contact,omar@ews-limited.com,Omar Hassan ,"5 June, 2026",Reminder Sent,https://docs.google.com/spreadsheets/d/18SBM1yJ907dNTN114MJrnoU4yBfBiKkT3I8HzL4dldo/edit,"July 15, 2026",
Europe,United Kingdom,Enterprise Workforce Solutions,David,Backup Vendor,Expat EOR,USD 600 - 700,USD 0 - 500 ,1 month,N/A,N/A,,USD 450,N/A,N/A,N/A,,,"
EWS",Direct Entity,Established Contact,omar@ews-limited.com,Omar Hassan ,"5 June, 2026",Reminder Sent,https://docs.google.com/spreadsheets/d/18SBM1yJ907dNTN114MJrnoU4yBfBiKkT3I8HzL4dldo/edit,"July 15, 2026",
Europe,United Kingdom,Horizons ,David,Backup Vendor,Local EOR ,,,,,,,USD 399,N/A,1 month,N/A,N/A,,HRZ,Uses Vendor,Established Contact,echo.li@joinhorizons.com,Echo Li,"5 June, 2026",Reminder Sent,https://docs.google.com/spreadsheets/d/10bk8I5ARIdOhETpt_8e5lTYq61dqCD5HM9903xPywTM/edit,"July 15, 2026",
Europe,United Kingdom,Horizons ,David,Backup Vendor,Expat EOR,,,,,,,USD 799,N/A,1 month,N/A,"for expatriates, VAT may apply depending on the local regulations.",,HRZ,Uses Vendor,Established Contact,echo.li@joinhorizons.com,Echo Li,"5 June, 2026",Reminder Sent,https://docs.google.com/spreadsheets/d/10bk8I5ARIdOhETpt_8e5lTYq61dqCD5HM9903xPywTM/edit,"July 15, 2026",
Europe,United Kingdom,Rivermate,David,Preferred Vendor,Expat EOR,EUR 500 - 700,EUR 0 - 700,1 month ,N/A,,,EUR 350 ,N/A,1 month,N/A,,,HTK,Direct Entity,Signed MSA,bassem.benhassine@hightekers.com,Bassem Ben Hassine ,"31 December, 2026",Pricing in Contract,,,
Europe,United Kingdom,TopSource,David,Backup Vendor,Local EOR ,,,,,,,USD 525-585,,,N/A,,,TPS,Direct Entity,,Sam.Barnes@topsourceworldwide.com,Sam Barnes,"5 June, 2026",Reminder Sent,https://docs.google.com/spreadsheets/d/1QZlAB_3TzWmK40fZB56Q3haFvorObNPMmMMlExKR98g/edit,"July 15, 2026",
Europe,United Kingdom,Leap 29,Jasmine,Backup Vendor,Local EOR ,,,,,,,GBP 472.5,N/A,1 month,N/A,N/A,"• Could hire students/student-visa holder on part-time basis.
• Leap 29 is also live in Spain, Portugal and Netherlands with the ability to support immigration.",LEP,Direct Entity,Active,mtoulet@leap29.com,Maguelone Toulet,"5 June, 2026",Vendor Responded,https://docs.google.com/spreadsheets/d/1NLr0DnvsAL8SOZvwNuR6Rp_PWy-sGijm5n4k4TJQUaE/edit,"June 17, 2026",Tier 2
Europe,United Kingdom,Leap 29,Jasmine,Backup Vendor,Expat EOR,,,,,,,GBP 787.5,N/A,1 month,N/A,N/A,"• Could hire students/student-visa holder on part-time basis
• Leap 29 is also live in Spain, Portugal and Netherlands with the ability to support immigration.",LEP,Direct Entity,Active,mtoulet@leap29.com,Maguelone Toulet,"5 June, 2026",Vendor Responded,https://docs.google.com/spreadsheets/d/1NLr0DnvsAL8SOZvwNuR6Rp_PWy-sGijm5n4k4TJQUaE/edit,"June 17, 2026",Tier 2
America,United States,Native Teams,Jasmine,Poor Quality Vendor,Local EOR ,,,,,,,"• EUR 79 up to €1,500 processed per month
• EUR 129 up to €5,500 processed per month
• EUR 219 over €5,500 processed per month",N/A,N/A,N/A,N/A,,NTV,Direct Entity,Signed MSA,deren@nteams.com,Deren Kankurt,"31 December, 2026",Pricing in Contract,,,Tier 2
America,United States,Horizons ,David,Backup Vendor,Local EOR ,,,,,,,USD 399,N/A,1 month,N/A,N/A,,HRZ,Uses Vendor,Established Contact,echo.li@joinhorizons.com,Echo Li,"5 June, 2026",Reminder Sent,https://docs.google.com/spreadsheets/d/10bk8I5ARIdOhETpt_8e5lTYq61dqCD5HM9903xPywTM/edit,"July 15, 2026",
America,United States,Tarmack,David,,Local EOR ,,,,,,,"• USD 199 (1 to 5) 
• USD 179 (6 to 10) 
• USD 159 (11+)",TBC,TBC,TBC,TBC,,,,,"manish.j@tarmack.com,
ashish.sidhu@tarmack.com",Manish Jajodia,"4 June, 2027",Active,https://docs.google.com/spreadsheets/d/1XNZNgANvT6LbL8gQ2Lle69EDiIqrEXD1dDB_M3qf-bQ/edit,"June 10, 2026",
America,United States,Enterprise Workforce Solutions,David,Backup Vendor,Local EOR ,,,,,,,USD 400,N/A,N/A,N/A,,,"
EWS",Direct Entity,Established Contact,omar@ews-limited.com,Omar Hassan ,"5 June, 2026",Reminder Sent,https://docs.google.com/spreadsheets/d/18SBM1yJ907dNTN114MJrnoU4yBfBiKkT3I8HzL4dldo/edit,"July 15, 2026",
America,United States,Enterprise Workforce Solutions,David,Backup Vendor,Expat EOR,,,,,,,USD 400,N/A,N/A,N/A,,,"
EWS",Direct Entity,Established Contact,omar@ews-limited.com,Omar Hassan ,"5 June, 2026",Reminder Sent,https://docs.google.com/spreadsheets/d/18SBM1yJ907dNTN114MJrnoU4yBfBiKkT3I8HzL4dldo/edit,"July 15, 2026",
America,United States,Remote,David,Backup Vendor,Local EOR ,,,,,,,USD 300,N/A,N/A,Involuntary Termination: USD 350,N/A,,RMT,Direct Entity,Signed MSA,"jasmine.chang@remote.com ,aisha.saeed@remote.com, ena.hazrolaj@remote.com","Jasmine Chang (Customer Success Manager), Aisha Saeed, Ena Hazrolaj  (Account Manager)","31 December, 2026",Pricing in Contract,,,
America,United States,Procorre,David,,Expat EOR,,,,,,,USD 900,,,,,,,,,Georgia.Sharman@procorre.com,Georgia Sharman,"5 June, 2026",Inactive,https://docs.google.com/spreadsheets/d/1zPr8_qJhWl2S6p-wLtJteJt0-Z5Glqmi9mWlJ2w2pBY/edit,"June 10, 2026",Tier 0
Latin America,Uruguay,Biz Latin Hub,David,Inactive,Local EOR ,,,,,,,USD $750 or 13% of total monthly employee cost (whichever is greater) per Employee,USD 120,2 x monthly total employee cost	,USD 120,"Applicable, need to double confirm",,,Direct Entity,Terminated,craig@bizlatinhub.com,Craig Dempsey,"5 June, 2026",Inactive,https://docs.google.com/spreadsheets/d/1fnqBZQEM3l1NN2d2Q4gYZmoROuNuXW8dau4BnptpfRc/edit,"June 10, 2026",Tier 0
Latin America,Uruguay,Horizons,David,Preferred Vendor,Local EOR ,USD 450 - 550,USD 0 - 500,1 month,N/A,N/A,,USD 299,N/A,1 month,N/A,TBC,,HRZ,Direct Entity,Established Contact,echo.li@joinhorizons.com,Echo Li,"5 June, 2026",Reminder Sent,https://docs.google.com/spreadsheets/d/10bk8I5ARIdOhETpt_8e5lTYq61dqCD5HM9903xPywTM/edit,"July 15, 2026",
Latin America,Uruguay,Horizons,David,Backup Vendor,Expat EOR,,,,,,,USD 499,N/A,1 month,N/A,"for expatriates, VAT may apply depending on the local regulations.",VAT may apply depending on the local regulations.,HRZ,Direct Entity,Established Contact,echo.li@joinhorizons.com,Echo Li,"5 June, 2026",Reminder Sent,https://docs.google.com/spreadsheets/d/10bk8I5ARIdOhETpt_8e5lTYq61dqCD5HM9903xPywTM/edit,"July 15, 2026",
Latin America,Uruguay,Remote,David,Backup Vendor,Local EOR ,,,,,,,USD 300,USD 80 (wet-signing fee),N/A,Involuntary Termination: USD 350,N/A,,RMT,Direct Entity,Signed MSA,"jasmine.chang@remote.com ,aisha.saeed@remote.com, ena.hazrolaj@remote.com","Jasmine Chang (Customer Success Manager), Aisha Saeed, Ena Hazrolaj  (Account Manager)","31 December, 2026",Pricing in Contract,,,
Latin America,Uruguay,Roots,David,Backup Vendor,Local EOR,,,,,,,"• 1 pax: USD 450/pax
• 2-5 pax: USD 400/pax
• 6 or more: USD 350/pax",N/A,1 month,N/A,N/A,,,Direct Entity,Established Contact,horacio@rootseor.com,Horacio Represas,"5 June, 2026",Active,https://docs.google.com/spreadsheets/d/18MUec3UsUX-IW8iusItaN4QxHtLexbNeYHFI1AvVdxo/edit,6/4/2026,
Asia,Uzbekistan,FChain,David,Preferred Vendor,Local EOR ,"USD 400 - 500 (for salary up to USD 2,500)
• 10% on reimbursement and bonus",USD 400 - 500,1 month gross salary + service fee,N/A,N/A,,"• 10% min USD 250
• 10% on reimbursement and bonus",USD 250,1 month salary + service fee,N/A,N/A,• Vendor provides immigration solution,FCH,Direct Entity,,tyunusov@f-chain.com,Tuygun Yunusov,"5 June, 2026",Approved,https://docs.google.com/spreadsheets/d/10iWZAp5RXBiwls81G9UZm52Z6prAZhxEf6TNGcU-xF8/edit?usp=sharing,7/1/2026,
Asia,Uzbekistan,FChain,David,Preferred Vendor,Expat EOR,"USD 400 - 500 (for salary up to USD 2,500)
• 10% on reimbursement and bonus",USD 400 - 500,1 month gross salary + service fee,N/A,N/A,,"• 10% min USD 250
• 10% on reimbursement and bonus",USD 250,1 month salary + service fee,N/A,N/A,• Vendor provides immigration solution,FCH,Direct Entity,,tyunusov@f-chain.com,Tuygun Yunusov,"5 June, 2026",Approved,https://docs.google.com/spreadsheets/d/10iWZAp5RXBiwls81G9UZm52Z6prAZhxEf6TNGcU-xF8/edit?usp=sharing,7/1/2026,
Asia,Uzbekistan,NH Consulting,David,Backup Vendor,Local EOR ,,,,,,,"USD 430 + 2% for currency exchange rate on invoice
• 5% reimbursement of costs",N/A,1 month ,N/A,N/A,,,Direct Entity,Established Contact,anna.obraz@nh-logistics.com,Anna Obraz,"30 December, 2026",Active,https://docs.google.com/spreadsheets/d/1tMKLXxYn-nSYNrrh2MFNEQxds94ebQEgT0sl92_Ix-0/edit,"June 4, 2026",
Asia,Uzbekistan,NH Consulting,David,Backup Vendor,Expat EOR,,,,,,,"USD 450 + 2% for currency exchange rate on invoice
• 5% reimbursement of costs",N/A,1 month ,N/A,N/A,,,Direct Entity,Established Contact,anna.obraz@nh-logistics.com,Anna Obraz,"30 December, 2026",Active,https://docs.google.com/spreadsheets/d/1tMKLXxYn-nSYNrrh2MFNEQxds94ebQEgT0sl92_Ix-0/edit,,
Asia,Uzbekistan,Enterprise Workforce Solutions,David,Backup Vendor,Local EOR ,,,,,,,USD 375,N/A,N/A,N/A,,,"
EWS",Direct Entity,Established Contact,omar@ews-limited.com,Omar Hassan ,"5 June, 2026",Reminder Sent,https://docs.google.com/spreadsheets/d/18SBM1yJ907dNTN114MJrnoU4yBfBiKkT3I8HzL4dldo/edit,"July 15, 2026",
Asia,Uzbekistan,Enterprise Workforce Solutions,David,Backup Vendor,Expat EOR,,,,,,,USD 650,N/A,N/A,N/A,,,"
EWS",Direct Entity,Established Contact,omar@ews-limited.com,Omar Hassan ,"5 June, 2026",Reminder Sent,https://docs.google.com/spreadsheets/d/18SBM1yJ907dNTN114MJrnoU4yBfBiKkT3I8HzL4dldo/edit,"July 15, 2026",
Asia,Uzbekistan,Horizons ,David,Backup Vendor,Local EOR ,,,,,,,USD 399,N/A,1 month,N/A,N/A,,HRZ,Uses Vendor,Established Contact,echo.li@joinhorizons.com,Echo Li,"5 June, 2026",Reminder Sent,https://docs.google.com/spreadsheets/d/10bk8I5ARIdOhETpt_8e5lTYq61dqCD5HM9903xPywTM/edit,"July 15, 2026",
Asia,Uzbekistan,HRC Consulting,David,,Local EOR ,,,,,,,17%,No,,N/A,$0,,,Direct Entity,,saatov@hrc.uz,Aziz Saatov,"5 June, 2026",Reminder Sent,https://docs.google.com/spreadsheets/d/1QC8eHoHHiTvrf2fcLFQmm8ingyE7R7C71qFzGMoGqjw/edit,"July 15, 2026",
Latin America,Venezuela,López & James,David,Backup Vendor,PEO,,,,,,,8%,USD 500,2 months gross salary,N/A,$0,,,Uses Vendor,,lmarquez@lopezjames.com,Laura Márquez,"5 June, 2026",Reminder Sent,https://docs.google.com/spreadsheets/d/1W0gu9xPlPGcaiHU4MFMQd3PIphKpsTU4vd0TdD6Ec_0/edit,"July 15, 2026",